Timestamp,Cycle,Phase,DocNo,Success,LineErrors,Duration_Ms,Elapsed_Sec,BatchId
2026-03-28 09:17:42.925,1,SO,102846,1,0,1168,1.2,LT-20260328-091741
2026-03-28 09:17:44.014,1,SO,102847,1,0,1087,2.3,LT-20260328-091741
2026-03-28 09:17:44.887,1,SO,102848,1,0,872,3.1,LT-20260328-091741
2026-03-28 09:17:45.557,1,SO,102849,1,0,667,3.8,LT-20260328-091741
2026-03-28 09:17:46.232,1,SO,102850,1,0,674,4.5,LT-20260328-091741
2026-03-28 09:17:47.029,1,SO,102851,1,0,795,5.3,LT-20260328-091741
2026-03-28 09:17:47.628,1,SO,102852,1,0,597,5.9,LT-20260328-091741
2026-03-28 09:17:48.248,1,SO,102853,1,0,617,6.5,LT-20260328-091741
2026-03-28 09:17:48.914,1,SO,102854,1,0,663,7.2,LT-20260328-091741
2026-03-28 09:17:49.520,1,SO,102855,1,0,605,7.8,LT-20260328-091741
2026-03-28 09:17:50.193,1,SO,102856,1,0,671,8.4,LT-20260328-091741
2026-03-28 09:17:50.807,1,SO,102857,1,0,611,9.1,LT-20260328-091741
2026-03-28 09:17:51.411,1,SO,102858,1,0,602,9.7,LT-20260328-091741
2026-03-28 09:17:52.014,1,SO,102859,1,0,602,10.3,LT-20260328-091741
2026-03-28 09:17:52.669,1,SO,102860,1,0,652,10.9,LT-20260328-091741
2026-03-28 09:17:53.361,1,SO,102861,1,0,690,11.6,LT-20260328-091741
2026-03-28 09:17:54.239,1,SO,102862,1,0,876,12.5,LT-20260328-091741
2026-03-28 09:17:55.059,1,SO,102863,1,0,818,13.3,LT-20260328-091741
2026-03-28 09:17:55.924,1,SO,102864,1,0,862,14.2,LT-20260328-091741
2026-03-28 09:17:56.570,1,SO,102865,1,0,644,14.8,LT-20260328-091741
2026-03-28 09:17:57.154,1,SO,102866,1,0,578,15.4,LT-20260328-091741
2026-03-28 09:17:57.745,1,SO,102867,1,0,589,16,LT-20260328-091741
2026-03-28 09:17:58.312,1,SO,102868,1,0,565,16.6,LT-20260328-091741
2026-03-28 09:17:58.955,1,SO,102869,1,0,641,17.2,LT-20260328-091741
2026-03-28 09:17:59.548,1,SO,102870,1,0,580,17.8,LT-20260328-091741
2026-03-28 09:18:00.133,1,SO,102871,1,0,583,18.4,LT-20260328-091741
2026-03-28 09:18:00.850,1,SO,102872,1,0,715,19.1,LT-20260328-091741
2026-03-28 09:18:01.988,1,SO,102873,1,0,1137,20.2,LT-20260328-091741
2026-03-28 09:18:03.209,1,SO,102874,1,0,1218,21.5,LT-20260328-091741
2026-03-28 09:18:04.331,1,SO,102875,1,0,1119,22.6,LT-20260328-091741
2026-03-28 09:18:05.563,1,SO,102876,1,0,1230,23.8,LT-20260328-091741
2026-03-28 09:18:06.397,1,SO,102877,1,0,831,24.6,LT-20260328-091741
2026-03-28 09:18:07.410,1,SO,102878,1,0,1010,25.7,LT-20260328-091741
2026-03-28 09:18:08.219,1,SO,102879,1,0,807,26.5,LT-20260328-091741
2026-03-28 09:18:09.182,1,SO,102880,1,0,960,27.4,LT-20260328-091741
2026-03-28 09:18:10.021,1,SO,102881,1,0,834,28.3,LT-20260328-091741
2026-03-28 09:18:10.869,1,SO,102882,1,0,845,29.1,LT-20260328-091741
2026-03-28 09:18:11.720,1,SO,102883,1,0,846,30,LT-20260328-091741
2026-03-28 09:18:12.493,1,SO,102884,1,0,772,30.7,LT-20260328-091741
2026-03-28 09:18:13.271,1,SO,102885,1,0,776,31.5,LT-20260328-091741
2026-03-28 09:18:14.067,1,SO,102886,1,0,793,32.3,LT-20260328-091741
2026-03-28 09:18:14.923,1,SO,102887,1,0,853,33.2,LT-20260328-091741
2026-03-28 09:18:15.706,1,SO,102888,1,0,781,34,LT-20260328-091741
2026-03-28 09:18:16.549,1,SO,102889,1,0,841,34.8,LT-20260328-091741
2026-03-28 09:18:17.330,1,SO,102890,1,0,778,35.6,LT-20260328-091741
2026-03-28 09:18:18.121,1,SO,102891,1,0,789,36.4,LT-20260328-091741
2026-03-28 09:18:18.896,1,SO,102892,1,0,773,37.1,LT-20260328-091741
2026-03-28 09:18:19.769,1,SO,102893,1,0,871,38,LT-20260328-091741
2026-03-28 09:18:20.554,1,SO,102894,1,0,782,38.8,LT-20260328-091741
2026-03-28 09:18:21.199,1,SO,102895,1,0,643,39.4,LT-20260328-091741
2026-03-28 09:18:21.836,1,SO,102896,1,0,635,40.1,LT-20260328-091741
2026-03-28 09:18:22.417,1,SO,102897,1,0,579,40.7,LT-20260328-091741
2026-03-28 09:18:23.050,1,SO,102898,1,0,628,41.3,LT-20260328-091741
2026-03-28 09:18:23.709,1,SO,102899,1,0,657,42,LT-20260328-091741
2026-03-28 09:18:24.348,1,SO,102900,1,0,637,42.6,LT-20260328-091741
2026-03-28 09:18:24.982,1,SO,102901,1,0,632,43.2,LT-20260328-091741
2026-03-28 09:18:25.571,1,SO,102902,1,0,587,43.8,LT-20260328-091741
2026-03-28 09:18:26.225,1,SO,102903,1,0,651,44.5,LT-20260328-091741
2026-03-28 09:18:26.834,1,SO,102904,1,0,607,45.1,LT-20260328-091741
2026-03-28 09:18:27.444,1,SO,102905,1,0,607,45.7,LT-20260328-091741
2026-03-28 09:18:28.032,1,SO,102906,1,0,586,46.3,LT-20260328-091741
2026-03-28 09:18:28.604,1,SO,102907,1,0,570,46.8,LT-20260328-091741
2026-03-28 09:18:29.208,1,SO,102908,1,0,602,47.5,LT-20260328-091741
2026-03-28 09:18:29.871,1,SO,102909,1,0,661,48.1,LT-20260328-091741
2026-03-28 09:18:30.456,1,SO,102910,1,0,582,48.7,LT-20260328-091741
2026-03-28 09:18:31.200,1,SO,102911,1,0,741,49.4,LT-20260328-091741
2026-03-28 09:18:31.968,1,SO,102912,1,0,766,50.2,LT-20260328-091741
2026-03-28 09:18:32.763,1,SO,102913,1,0,789,51,LT-20260328-091741
2026-03-28 09:18:33.520,1,SO,102914,1,0,756,51.8,LT-20260328-091741
2026-03-28 09:18:34.294,1,SO,102915,1,0,771,52.5,LT-20260328-091741
2026-03-28 09:18:35.084,1,SO,102916,1,0,787,53.3,LT-20260328-091741
2026-03-28 09:18:35.881,1,SO,102917,1,0,795,54.1,LT-20260328-091741
2026-03-28 09:18:36.632,1,SO,102918,1,0,749,54.9,LT-20260328-091741
2026-03-28 09:18:37.387,1,SO,102919,1,0,753,55.6,LT-20260328-091741
2026-03-28 09:18:38.143,1,SO,102920,1,0,754,56.4,LT-20260328-091741
2026-03-28 09:18:38.906,1,SO,102921,1,0,748,57.2,LT-20260328-091741
2026-03-28 09:18:39.659,1,SO,102922,1,0,751,57.9,LT-20260328-091741
2026-03-28 09:18:40.414,1,SO,102923,1,0,752,58.7,LT-20260328-091741
2026-03-28 09:18:40.993,1,SO,102924,1,0,576,59.2,LT-20260328-091741
2026-03-28 09:18:41.616,1,SO,102925,1,0,620,59.9,LT-20260328-091741
2026-03-28 09:18:42.178,1,SO,102926,1,0,559,60.4,LT-20260328-091741
2026-03-28 09:18:42.757,1,SO,102927,1,0,575,61,LT-20260328-091741
2026-03-28 09:18:43.341,1,SO,102928,1,0,583,61.6,LT-20260328-091741
2026-03-28 09:18:43.948,1,SO,102929,1,0,605,62.2,LT-20260328-091741
2026-03-28 09:18:44.540,1,SO,102930,1,0,590,62.8,LT-20260328-091741
2026-03-28 09:18:45.120,1,SO,102931,1,0,577,63.4,LT-20260328-091741
2026-03-28 09:18:45.699,1,SO,102932,1,0,577,63.9,LT-20260328-091741
2026-03-28 09:18:46.278,1,SO,102933,1,0,578,64.5,LT-20260328-091741
2026-03-28 09:18:46.839,1,SO,102934,1,0,558,65.1,LT-20260328-091741
2026-03-28 09:18:47.408,1,SO,102935,1,0,567,65.7,LT-20260328-091741
2026-03-28 09:18:47.994,1,SO,102936,1,0,585,66.2,LT-20260328-091741
2026-03-28 09:18:48.650,1,SO,102937,1,0,654,66.9,LT-20260328-091741
2026-03-28 09:18:49.240,1,SO,102938,1,0,587,67.5,LT-20260328-091741
2026-03-28 09:18:49.834,1,SO,102939,1,0,592,68.1,LT-20260328-091741
2026-03-28 09:18:50.462,1,SO,102940,1,0,625,68.7,LT-20260328-091741
2026-03-28 09:18:51.257,1,SO,102941,1,0,793,69.5,LT-20260328-091741
2026-03-28 09:18:52.062,1,SO,102942,1,0,803,70.3,LT-20260328-091741
2026-03-28 09:18:52.837,1,SO,102943,1,0,773,71.1,LT-20260328-091741
2026-03-28 09:18:53.594,1,SO,102944,1,0,755,71.8,LT-20260328-091741
2026-03-28 09:18:54.356,1,SO,102945,1,0,760,72.6,LT-20260328-091741
2026-03-28 09:18:55.356,1,SO,102946,1,0,997,73.6,LT-20260328-091741
2026-03-28 09:18:56.168,1,SO,102947,1,0,810,74.4,LT-20260328-091741
2026-03-28 09:18:56.965,1,SO,102948,1,0,796,75.2,LT-20260328-091741
2026-03-28 09:18:57.740,1,SO,102949,1,0,773,76,LT-20260328-091741
2026-03-28 09:18:58.544,1,SO,102950,1,0,803,76.8,LT-20260328-091741
2026-03-28 09:18:59.312,1,SO,102951,1,0,767,77.6,LT-20260328-091741
2026-03-28 09:19:00.103,1,SO,102952,1,0,788,78.3,LT-20260328-091741
2026-03-28 09:19:00.900,1,SO,102953,1,0,795,79.1,LT-20260328-091741
2026-03-28 09:19:01.717,1,SO,102954,1,0,814,80,LT-20260328-091741
2026-03-28 09:19:02.491,1,SO,102955,1,0,771,80.7,LT-20260328-091741
2026-03-28 09:19:03.274,1,SO,102956,1,0,782,81.5,LT-20260328-091741
2026-03-28 09:19:04.043,1,SO,102957,1,0,766,82.3,LT-20260328-091741
2026-03-28 09:19:04.860,1,SO,102958,1,0,815,83.1,LT-20260328-091741
2026-03-28 09:19:05.622,1,SO,102959,1,0,760,83.9,LT-20260328-091741
2026-03-28 09:19:06.445,1,SO,102960,1,0,819,84.7,LT-20260328-091741
2026-03-28 09:19:07.252,1,SO,102961,1,0,806,85.5,LT-20260328-091741
2026-03-28 09:19:08.049,1,SO,102962,1,0,795,86.3,LT-20260328-091741
2026-03-28 09:19:08.826,1,SO,102963,1,0,774,87.1,LT-20260328-091741
2026-03-28 09:19:09.616,1,SO,102964,1,0,787,87.9,LT-20260328-091741
2026-03-28 09:19:10.400,1,SO,102965,1,0,777,88.6,LT-20260328-091741
2026-03-28 09:19:11.219,1,SO,102966,1,0,817,89.5,LT-20260328-091741
2026-03-28 09:19:11.980,1,SO,102967,1,0,757,90.2,LT-20260328-091741
2026-03-28 09:19:12.754,1,SO,102968,1,0,772,91,LT-20260328-091741
2026-03-28 09:19:13.528,1,SO,102969,1,0,771,91.8,LT-20260328-091741
2026-03-28 09:19:14.294,1,SO,102970,1,0,764,92.5,LT-20260328-091741
2026-03-28 09:19:15.051,1,SO,102971,1,0,755,93.3,LT-20260328-091741
2026-03-28 09:19:15.877,1,SO,102972,1,0,825,94.1,LT-20260328-091741
2026-03-28 09:19:16.662,1,SO,102973,1,0,783,94.9,LT-20260328-091741
2026-03-28 09:19:17.440,1,SO,102974,1,0,775,95.7,LT-20260328-091741
2026-03-28 09:19:18.230,1,SO,102975,1,0,788,96.5,LT-20260328-091741
2026-03-28 09:19:19.035,1,SO,102976,1,0,804,97.3,LT-20260328-091741
2026-03-28 09:19:19.867,1,SO,102977,1,0,829,98.1,LT-20260328-091741
2026-03-28 09:19:20.599,1,SO,102978,1,0,731,98.8,LT-20260328-091741
2026-03-28 09:19:21.182,1,SO,102979,1,0,580,99.4,LT-20260328-091741
2026-03-28 09:19:21.779,1,SO,102980,1,0,595,100,LT-20260328-091741
2026-03-28 09:19:22.380,1,SO,102981,1,0,599,100.6,LT-20260328-091741
2026-03-28 09:19:22.980,1,SO,102982,1,0,598,101.2,LT-20260328-091741
2026-03-28 09:19:23.573,1,SO,102983,1,0,589,101.8,LT-20260328-091741
2026-03-28 09:19:24.169,1,SO,102984,1,0,594,102.4,LT-20260328-091741
2026-03-28 09:19:24.788,1,SO,102985,1,0,616,103,LT-20260328-091741
2026-03-28 09:19:25.349,1,SO,102986,1,0,559,103.6,LT-20260328-091741
2026-03-28 09:19:25.953,1,SO,102987,1,0,601,104.2,LT-20260328-091741
2026-03-28 09:19:26.546,1,SO,102988,1,0,591,104.8,LT-20260328-091741
2026-03-28 09:19:27.141,1,SO,102989,1,0,593,105.4,LT-20260328-091741
2026-03-28 09:19:27.725,1,SO,102990,1,0,582,106,LT-20260328-091741
2026-03-28 09:19:28.293,1,SO,102991,1,0,566,106.5,LT-20260328-091741
2026-03-28 09:19:28.863,1,SO,102992,1,0,568,107.1,LT-20260328-091741
2026-03-28 09:19:29.460,1,SO,102993,1,0,595,107.7,LT-20260328-091741
2026-03-28 09:19:30.075,1,SO,102994,1,0,613,108.3,LT-20260328-091741
2026-03-28 09:19:30.705,1,SO,102995,1,0,628,108.9,LT-20260328-091741
2026-03-28 09:19:31.470,1,SO,102996,1,0,763,109.7,LT-20260328-091741
2026-03-28 09:19:32.261,1,SO,102997,1,0,790,110.5,LT-20260328-091741
2026-03-28 09:19:33.040,1,SO,102998,1,0,777,111.3,LT-20260328-091741
2026-03-28 09:19:33.788,1,SO,102999,1,0,746,112,LT-20260328-091741
2026-03-28 09:19:34.599,1,SO,103000,1,0,808,112.8,LT-20260328-091741
2026-03-28 09:19:35.367,1,SO,103001,1,0,766,113.6,LT-20260328-091741
2026-03-28 09:19:36.159,1,SO,103002,1,0,790,114.4,LT-20260328-091741
2026-03-28 09:19:36.905,1,SO,103003,1,0,745,115.2,LT-20260328-091741
2026-03-28 09:19:37.677,1,SO,103004,1,0,770,115.9,LT-20260328-091741
2026-03-28 09:19:38.440,1,SO,103005,1,0,761,116.7,LT-20260328-091741
2026-03-28 09:19:39.246,1,SO,103006,1,0,804,117.5,LT-20260328-091741
2026-03-28 09:19:40.015,1,SO,103007,1,0,767,118.3,LT-20260328-091741
2026-03-28 09:19:40.798,1,SO,103008,1,0,781,119,LT-20260328-091741
2026-03-28 09:19:41.576,1,SO,103009,1,0,777,119.8,LT-20260328-091741
2026-03-28 09:19:42.368,1,SO,103010,1,0,790,120.6,LT-20260328-091741
2026-03-28 09:19:43.154,1,SO,103011,1,0,784,121.4,LT-20260328-091741
2026-03-28 09:19:43.919,1,SO,103012,1,0,763,122.2,LT-20260328-091741
2026-03-28 09:19:44.704,1,SO,103013,1,0,783,122.9,LT-20260328-091741
2026-03-28 09:19:45.540,1,SO,103014,1,0,833,123.8,LT-20260328-091741
2026-03-28 09:19:46.295,1,SO,103015,1,0,752,124.5,LT-20260328-091741
2026-03-28 09:19:47.110,1,SO,103016,1,0,813,125.4,LT-20260328-091741
2026-03-28 09:19:47.873,1,SO,103017,1,0,761,126.1,LT-20260328-091741
2026-03-28 09:19:48.664,1,SO,103018,1,0,788,126.9,LT-20260328-091741
2026-03-28 09:19:49.432,1,SO,103019,1,0,765,127.7,LT-20260328-091741
2026-03-28 09:19:50.244,1,SO,103020,1,0,809,128.5,LT-20260328-091741
2026-03-28 09:19:51.069,1,SO,103021,1,0,823,129.3,LT-20260328-091741
2026-03-28 09:19:51.851,1,SO,103022,1,0,779,130.1,LT-20260328-091741
2026-03-28 09:19:52.626,1,SO,103023,1,0,774,130.9,LT-20260328-091741
2026-03-28 09:19:53.368,1,SO,103024,1,0,741,131.6,LT-20260328-091741
2026-03-28 09:19:54.130,1,SO,103025,1,0,760,132.4,LT-20260328-091741
2026-03-28 09:19:54.984,1,SO,103026,1,0,852,133.2,LT-20260328-091741
2026-03-28 09:19:55.778,1,SO,103027,1,0,792,134,LT-20260328-091741
2026-03-28 09:19:56.556,1,SO,103028,1,0,777,134.8,LT-20260328-091741
2026-03-28 09:19:57.311,1,SO,103029,1,0,752,135.6,LT-20260328-091741
2026-03-28 09:19:58.093,1,SO,103030,1,0,780,136.3,LT-20260328-091741
2026-03-28 09:19:58.878,1,SO,103031,1,0,783,137.1,LT-20260328-091741
2026-03-28 09:19:59.649,1,SO,103032,1,0,768,137.9,LT-20260328-091741
2026-03-28 09:20:00.444,1,SO,103033,1,0,794,138.7,LT-20260328-091741
2026-03-28 09:20:01.020,1,SO,103034,1,0,574,139.3,LT-20260328-091741
2026-03-28 09:20:01.639,1,SO,103035,1,0,615,139.9,LT-20260328-091741
2026-03-28 09:20:02.229,1,SO,103036,1,0,588,140.5,LT-20260328-091741
2026-03-28 09:20:02.800,1,SO,103037,1,0,568,141,LT-20260328-091741
2026-03-28 09:20:03.372,1,SO,103038,1,0,571,141.6,LT-20260328-091741
2026-03-28 09:20:03.949,1,SO,103039,1,0,575,142.2,LT-20260328-091741
2026-03-28 09:20:04.503,1,SO,103040,1,0,554,142.7,LT-20260328-091741
2026-03-28 09:20:05.104,1,SO,103041,1,0,599,143.3,LT-20260328-091741
2026-03-28 09:20:05.670,1,SO,103042,1,0,564,143.9,LT-20260328-091741
2026-03-28 09:20:06.221,1,SO,103043,1,0,550,144.5,LT-20260328-091741
2026-03-28 09:20:06.777,1,SO,103044,1,0,554,145,LT-20260328-091741
2026-03-28 09:20:07.493,1,SO,103045,1,0,714,145.7,LT-20260328-091741
2026-03-28 09:20:08.088,1,SO,103046,1,0,593,146.3,LT-20260328-091741
2026-03-28 09:20:08.674,1,SO,103047,1,0,584,146.9,LT-20260328-091741
2026-03-28 09:20:09.323,1,SO,103048,1,0,647,147.6,LT-20260328-091741
2026-03-28 09:20:09.899,1,SO,103049,1,0,574,148.1,LT-20260328-091741
2026-03-28 09:20:10.474,1,SO,103050,1,0,573,148.7,LT-20260328-091741
2026-03-28 09:20:11.209,1,SO,103051,1,0,732,149.5,LT-20260328-091741
2026-03-28 09:20:12.011,1,SO,103052,1,0,800,150.3,LT-20260328-091741
2026-03-28 09:20:12.794,1,SO,103053,1,0,781,151,LT-20260328-091741
2026-03-28 09:20:13.596,1,SO,103054,1,0,800,151.8,LT-20260328-091741
2026-03-28 09:20:14.371,1,SO,103055,1,0,772,152.6,LT-20260328-091741
2026-03-28 09:20:15.161,1,SO,103056,1,0,788,153.4,LT-20260328-091741
2026-03-28 09:20:16.096,1,SO,103057,1,0,933,154.3,LT-20260328-091741
2026-03-28 09:20:16.857,1,SO,103058,1,0,758,155.1,LT-20260328-091741
2026-03-28 09:20:17.638,1,SO,103059,1,0,776,155.9,LT-20260328-091741
2026-03-28 09:20:18.413,1,SO,103060,1,0,773,156.7,LT-20260328-091741
2026-03-28 09:20:19.201,1,SO,103061,1,0,787,157.4,LT-20260328-091741
2026-03-28 09:20:20.011,1,SO,103062,1,0,808,158.3,LT-20260328-091741
2026-03-28 09:20:20.774,1,SO,103063,1,0,760,159,LT-20260328-091741
2026-03-28 09:20:21.625,1,SO,103064,1,0,848,159.9,LT-20260328-091741
2026-03-28 09:20:22.205,1,SO,103065,1,0,579,160.5,LT-20260328-091741
2026-03-28 09:20:22.802,1,SO,103066,1,0,593,161,LT-20260328-091741
2026-03-28 09:20:23.378,1,SO,103067,1,0,575,161.6,LT-20260328-091741
2026-03-28 09:20:23.937,1,SO,103068,1,0,556,162.2,LT-20260328-091741
2026-03-28 09:20:24.495,1,SO,103069,1,0,557,162.7,LT-20260328-091741
2026-03-28 09:20:25.116,1,SO,103070,1,0,618,163.4,LT-20260328-091741
2026-03-28 09:20:25.696,1,SO,103071,1,0,578,163.9,LT-20260328-091741
2026-03-28 09:20:26.295,1,SO,103072,1,0,596,164.5,LT-20260328-091741
2026-03-28 09:20:26.879,1,SO,103073,1,0,581,165.1,LT-20260328-091741
2026-03-28 09:20:27.468,1,SO,103074,1,0,586,165.7,LT-20260328-091741
2026-03-28 09:20:28.027,1,SO,103075,1,0,557,166.3,LT-20260328-091741
2026-03-28 09:20:28.592,1,SO,103076,1,0,563,166.8,LT-20260328-091741
2026-03-28 09:20:29.191,1,SO,103077,1,0,597,167.4,LT-20260328-091741
2026-03-28 09:20:29.781,1,SO,103078,1,0,587,168,LT-20260328-091741
2026-03-28 09:20:30.366,1,SO,103079,1,0,582,168.6,LT-20260328-091741
2026-03-28 09:20:30.993,1,SO,103080,1,0,625,169.2,LT-20260328-091741
2026-03-28 09:20:31.581,1,SO,103081,1,0,586,169.8,LT-20260328-091741
2026-03-28 09:20:32.164,1,SO,103082,1,0,581,170.4,LT-20260328-091741
2026-03-28 09:20:32.780,1,SO,103083,1,0,614,171,LT-20260328-091741
2026-03-28 09:20:33.344,1,SO,103084,1,0,563,171.6,LT-20260328-091741
2026-03-28 09:20:33.912,1,SO,103085,1,0,565,172.2,LT-20260328-091741
2026-03-28 09:20:34.483,1,SO,103086,1,0,569,172.7,LT-20260328-091741
2026-03-28 09:20:35.079,1,SO,103087,1,0,595,173.3,LT-20260328-091741
2026-03-28 09:20:35.759,1,SO,103088,1,0,678,174,LT-20260328-091741
2026-03-28 09:20:36.387,1,SO,103089,1,0,625,174.6,LT-20260328-091741
2026-03-28 09:20:36.978,1,SO,103090,1,0,589,175.2,LT-20260328-091741
2026-03-28 09:20:37.534,1,SO,103091,1,0,554,175.8,LT-20260328-091741
2026-03-28 09:20:38.105,1,SO,103092,1,0,569,176.3,LT-20260328-091741
2026-03-28 09:20:38.683,1,SO,103093,1,0,575,176.9,LT-20260328-091741
2026-03-28 09:20:39.268,1,SO,103094,1,0,582,177.5,LT-20260328-091741
2026-03-28 09:20:39.852,1,SO,103095,1,0,582,178.1,LT-20260328-091741
2026-03-28 09:20:40.425,1,SO,103096,1,0,569,178.7,LT-20260328-091741
2026-03-28 09:20:41.172,1,SO,103097,1,0,744,179.4,LT-20260328-091741
2026-03-28 09:20:41.983,1,SO,103098,1,0,807,180.2,LT-20260328-091741
2026-03-28 09:20:42.748,1,SO,103099,1,0,763,181,LT-20260328-091741
2026-03-28 09:20:43.522,1,SO,103100,1,0,772,181.8,LT-20260328-091741
2026-03-28 09:20:44.303,1,SO,103101,1,0,779,182.5,LT-20260328-091741
2026-03-28 09:20:45.068,1,SO,103102,1,0,762,183.3,LT-20260328-091741
2026-03-28 09:20:45.846,1,SO,103103,1,0,776,184.1,LT-20260328-091741
2026-03-28 09:20:46.614,1,SO,103104,1,0,766,184.9,LT-20260328-091741
2026-03-28 09:20:47.372,1,SO,103105,1,0,757,185.6,LT-20260328-091741
2026-03-28 09:20:48.144,1,SO,103106,1,0,770,186.4,LT-20260328-091741
2026-03-28 09:20:48.914,1,SO,103107,1,0,767,187.2,LT-20260328-091741
2026-03-28 09:20:49.710,1,SO,103108,1,0,794,188,LT-20260328-091741
2026-03-28 09:20:50.519,1,SO,103109,1,0,807,188.8,LT-20260328-091741
2026-03-28 09:20:51.282,1,SO,103110,1,0,762,189.5,LT-20260328-091741
2026-03-28 09:20:52.067,1,SO,103111,1,0,783,190.3,LT-20260328-091741
2026-03-28 09:20:52.860,1,SO,103112,1,0,790,191.1,LT-20260328-091741
2026-03-28 09:20:53.626,1,SO,103113,1,0,765,191.9,LT-20260328-091741
2026-03-28 09:20:54.712,1,SO,103114,1,0,1083,193,LT-20260328-091741
2026-03-28 09:20:55.521,1,SO,103115,1,0,808,193.8,LT-20260328-091741
2026-03-28 09:20:56.292,1,SO,103116,1,0,768,194.5,LT-20260328-091741
2026-03-28 09:20:57.118,1,SO,103117,1,0,824,195.4,LT-20260328-091741
2026-03-28 09:20:57.906,1,SO,103118,1,0,786,196.2,LT-20260328-091741
2026-03-28 09:20:58.689,1,SO,103119,1,0,781,196.9,LT-20260328-091741
2026-03-28 09:20:59.474,1,SO,103120,1,0,782,197.7,LT-20260328-091741
2026-03-28 09:21:00.222,1,SO,103121,1,0,746,198.5,LT-20260328-091741
2026-03-28 09:21:00.927,1,SO,103122,1,0,703,199.2,LT-20260328-091741
2026-03-28 09:21:01.535,1,SO,103123,1,0,606,199.8,LT-20260328-091741
2026-03-28 09:21:02.144,1,SO,103124,1,0,606,200.4,LT-20260328-091741
2026-03-28 09:21:02.711,1,SO,103125,1,0,566,201,LT-20260328-091741
2026-03-28 09:21:03.305,1,SO,103126,1,0,591,201.5,LT-20260328-091741
2026-03-28 09:21:03.900,1,SO,103127,1,0,593,202.1,LT-20260328-091741
2026-03-28 09:21:04.503,1,SO,103128,1,0,603,202.7,LT-20260328-091741
2026-03-28 09:21:05.081,1,SO,103129,1,0,576,203.3,LT-20260328-091741
2026-03-28 09:21:05.665,1,SO,103130,1,0,581,203.9,LT-20260328-091741
2026-03-28 09:21:06.274,1,SO,103131,1,0,608,204.5,LT-20260328-091741
2026-03-28 09:21:06.925,1,SO,103132,1,0,648,205.2,LT-20260328-091741
2026-03-28 09:21:07.553,1,SO,103133,1,0,625,205.8,LT-20260328-091741
2026-03-28 09:21:08.149,1,SO,103134,1,0,594,206.4,LT-20260328-091741
2026-03-28 09:21:08.758,1,SO,103135,1,0,606,207,LT-20260328-091741
2026-03-28 09:21:09.351,1,SO,103136,1,0,591,207.6,LT-20260328-091741
2026-03-28 09:21:09.945,1,SO,103137,1,0,593,208.2,LT-20260328-091741
2026-03-28 09:21:10.574,1,SO,103138,1,0,625,208.8,LT-20260328-091741
2026-03-28 09:21:11.332,1,SO,103139,1,0,756,209.6,LT-20260328-091741
2026-03-28 09:21:12.121,1,SO,103140,1,0,785,210.4,LT-20260328-091741
2026-03-28 09:21:12.880,1,SO,103141,1,0,755,211.1,LT-20260328-091741
2026-03-28 09:21:13.648,1,SO,103142,1,0,766,211.9,LT-20260328-091741
2026-03-28 09:21:14.422,1,SO,103143,1,0,773,212.7,LT-20260328-091741
2026-03-28 09:21:15.207,1,SO,103144,1,0,783,213.5,LT-20260328-091741
2026-03-28 09:21:15.972,1,SO,103145,1,0,762,214.2,LT-20260328-091741
2026-03-28 09:21:16.739,1,SO,103146,1,0,765,215,LT-20260328-091741
2026-03-28 09:21:17.512,1,SO,103147,1,0,770,215.8,LT-20260328-091741
2026-03-28 09:21:18.298,1,SO,103148,1,0,783,216.5,LT-20260328-091741
2026-03-28 09:21:19.072,1,SO,103149,1,0,771,217.3,LT-20260328-091741
2026-03-28 09:21:19.839,1,SO,103150,1,0,766,218.1,LT-20260328-091741
2026-03-28 09:21:20.561,1,SO,103151,1,0,719,218.8,LT-20260328-091741
2026-03-28 09:21:21.176,1,SO,103152,1,0,607,219.4,LT-20260328-091741
2026-03-28 09:21:21.770,1,SO,103153,1,0,592,220,LT-20260328-091741
2026-03-28 09:21:22.349,1,SO,103154,1,0,576,220.6,LT-20260328-091741
2026-03-28 09:21:22.920,1,SO,103155,1,0,568,221.2,LT-20260328-091741
2026-03-28 09:21:23.508,1,SO,103156,1,0,586,221.8,LT-20260328-091741
2026-03-28 09:21:24.149,1,SO,103157,1,0,640,222.4,LT-20260328-091741
2026-03-28 09:21:24.734,1,SO,103158,1,0,582,223,LT-20260328-091741
2026-03-28 09:21:25.339,1,SO,103159,1,0,603,223.6,LT-20260328-091741
2026-03-28 09:21:25.912,1,SO,103160,1,0,570,224.2,LT-20260328-091741
2026-03-28 09:21:26.489,1,SO,103161,1,0,575,224.7,LT-20260328-091741
2026-03-28 09:21:27.066,1,SO,103162,1,0,575,225.3,LT-20260328-091741
2026-03-28 09:21:27.644,1,SO,103163,1,0,576,225.9,LT-20260328-091741
2026-03-28 09:21:28.239,1,SO,103164,1,0,593,226.5,LT-20260328-091741
2026-03-28 09:21:28.811,1,SO,103165,1,0,570,227.1,LT-20260328-091741
2026-03-28 09:21:29.420,1,SO,103166,1,0,607,227.7,LT-20260328-091741
2026-03-28 09:21:30.003,1,SO,103167,1,0,580,228.2,LT-20260328-091741
2026-03-28 09:21:30.587,1,SO,103168,1,0,582,228.8,LT-20260328-091741
2026-03-28 09:21:31.164,1,SO,103169,1,0,574,229.4,LT-20260328-091741
2026-03-28 09:21:31.755,1,SO,103170,1,0,589,230,LT-20260328-091741
2026-03-28 09:21:32.348,1,SO,103171,1,0,590,230.6,LT-20260328-091741
2026-03-28 09:21:32.923,1,SO,103172,1,0,573,231.2,LT-20260328-091741
2026-03-28 09:21:33.502,1,SO,103173,1,0,576,231.7,LT-20260328-091741
2026-03-28 09:21:34.082,1,SO,103174,1,0,578,232.3,LT-20260328-091741
2026-03-28 09:21:34.663,1,SO,103175,1,0,578,232.9,LT-20260328-091741
2026-03-28 09:21:35.225,1,SO,103176,1,0,560,233.5,LT-20260328-091741
2026-03-28 09:21:35.814,1,SO,103177,1,0,586,234.1,LT-20260328-091741
2026-03-28 09:21:36.415,1,SO,103178,1,0,599,234.7,LT-20260328-091741
2026-03-28 09:21:37.032,1,SO,103179,1,0,615,235.3,LT-20260328-091741
2026-03-28 09:21:37.614,1,SO,103180,1,0,579,235.9,LT-20260328-091741
2026-03-28 09:21:38.203,1,SO,103181,1,0,586,236.4,LT-20260328-091741
2026-03-28 09:21:38.763,1,SO,103182,1,0,557,237,LT-20260328-091741
2026-03-28 09:21:39.347,1,SO,103183,1,0,582,237.6,LT-20260328-091741
2026-03-28 09:21:39.912,1,SO,103184,1,0,562,238.2,LT-20260328-091741
2026-03-28 09:21:40.527,1,SO,103185,1,0,612,238.8,LT-20260328-091741
2026-03-28 09:21:41.287,1,SO,103186,1,0,758,239.5,LT-20260328-091741
2026-03-28 09:21:42.041,1,SO,103187,1,0,752,240.3,LT-20260328-091741
2026-03-28 09:21:42.832,1,SO,103188,1,0,787,241.1,LT-20260328-091741
2026-03-28 09:21:43.607,1,SO,103189,1,0,772,241.9,LT-20260328-091741
2026-03-28 09:21:44.384,1,SO,103190,1,0,775,242.6,LT-20260328-091741
2026-03-28 09:21:45.142,1,SO,103191,1,0,756,243.4,LT-20260328-091741
2026-03-28 09:21:45.908,1,SO,103192,1,0,764,244.2,LT-20260328-091741
2026-03-28 09:21:46.684,1,SO,103193,1,0,775,244.9,LT-20260328-091741
2026-03-28 09:21:47.425,1,SO,103194,1,0,739,245.7,LT-20260328-091741
2026-03-28 09:21:48.220,1,SO,103195,1,0,794,246.5,LT-20260328-091741
2026-03-28 09:21:49.038,1,SO,103196,1,0,816,247.3,LT-20260328-091741
2026-03-28 09:21:49.813,1,SO,103197,1,0,774,248.1,LT-20260328-091741
2026-03-28 09:21:50.605,1,SO,103198,1,0,789,248.8,LT-20260328-091741
2026-03-28 09:21:51.377,1,SO,103199,1,0,770,249.6,LT-20260328-091741
2026-03-28 09:21:52.129,1,SO,103200,1,0,749,250.4,LT-20260328-091741
2026-03-28 09:21:52.894,1,SO,103201,1,0,763,251.1,LT-20260328-091741
2026-03-28 09:21:53.657,1,SO,103202,1,0,762,251.9,LT-20260328-091741
2026-03-28 09:21:54.407,1,SO,103203,1,0,747,252.7,LT-20260328-091741
2026-03-28 09:21:55.176,1,SO,103204,1,0,768,253.4,LT-20260328-091741
2026-03-28 09:21:55.937,1,SO,103205,1,0,758,254.2,LT-20260328-091741
2026-03-28 09:21:56.688,1,SO,103206,1,0,749,254.9,LT-20260328-091741
2026-03-28 09:21:57.464,1,SO,103207,1,0,775,255.7,LT-20260328-091741
2026-03-28 09:21:58.239,1,SO,103208,1,0,772,256.5,LT-20260328-091741
2026-03-28 09:21:58.989,1,SO,103209,1,0,748,257.2,LT-20260328-091741
2026-03-28 09:21:59.813,1,SO,103210,1,0,822,258.1,LT-20260328-091741
2026-03-28 09:22:00.646,1,SO,103211,1,0,830,258.9,LT-20260328-091741
2026-03-28 09:22:01.234,1,SO,103212,1,0,585,259.5,LT-20260328-091741
2026-03-28 09:22:01.809,1,SO,103213,1,0,574,260.1,LT-20260328-091741
2026-03-28 09:22:02.396,1,SO,103214,1,0,585,260.6,LT-20260328-091741
2026-03-28 09:22:02.978,1,SO,103215,1,0,580,261.2,LT-20260328-091741
2026-03-28 09:22:03.560,1,SO,103216,1,0,579,261.8,LT-20260328-091741
2026-03-28 09:22:04.153,1,SO,103217,1,0,591,262.4,LT-20260328-091741
2026-03-28 09:22:04.765,1,SO,103218,1,0,608,263,LT-20260328-091741
2026-03-28 09:22:05.337,1,SO,103219,1,0,571,263.6,LT-20260328-091741
2026-03-28 09:22:05.911,1,SO,103220,1,0,572,264.2,LT-20260328-091741
2026-03-28 09:22:06.502,1,SO,103221,1,0,589,264.7,LT-20260328-091741
2026-03-28 09:22:07.072,1,SO,103222,1,0,567,265.3,LT-20260328-091741
2026-03-28 09:22:07.653,1,SO,103223,1,0,578,265.9,LT-20260328-091741
2026-03-28 09:22:08.229,1,SO,103224,1,0,573,266.5,LT-20260328-091741
2026-03-28 09:22:08.810,1,SO,103225,1,0,577,267.1,LT-20260328-091741
2026-03-28 09:22:09.389,1,SO,103226,1,0,576,267.6,LT-20260328-091741
2026-03-28 09:22:09.964,1,SO,103227,1,0,573,268.2,LT-20260328-091741
2026-03-28 09:22:10.535,1,SO,103228,1,0,568,268.8,LT-20260328-091741
2026-03-28 09:22:11.309,1,SO,103229,1,0,771,269.6,LT-20260328-091741
2026-03-28 09:22:12.118,1,SO,103230,1,0,808,270.4,LT-20260328-091741
2026-03-28 09:22:12.898,1,SO,103231,1,0,778,271.1,LT-20260328-091741
2026-03-28 09:22:13.665,1,SO,103232,1,0,764,271.9,LT-20260328-091741
2026-03-28 09:22:14.449,1,SO,103233,1,0,781,272.7,LT-20260328-091741
2026-03-28 09:22:15.222,1,SO,103234,1,0,770,273.5,LT-20260328-091741
2026-03-28 09:22:15.986,1,SO,103235,1,0,762,274.2,LT-20260328-091741
2026-03-28 09:22:16.766,1,SO,103236,1,0,777,275,LT-20260328-091741
2026-03-28 09:22:17.539,1,SO,103237,1,0,772,275.8,LT-20260328-091741
2026-03-28 09:22:18.298,1,SO,103238,1,0,757,276.5,LT-20260328-091741
2026-03-28 09:22:19.066,1,SO,103239,1,0,766,277.3,LT-20260328-091741
2026-03-28 09:22:19.841,1,SO,103240,1,0,773,278.1,LT-20260328-091741
2026-03-28 09:22:20.619,1,SO,103241,1,0,776,278.9,LT-20260328-091741
2026-03-28 09:22:21.407,1,SO,103242,1,0,785,279.7,LT-20260328-091741
2026-03-28 09:22:22.216,1,SO,103243,1,0,807,280.5,LT-20260328-091741
2026-03-28 09:22:22.998,1,SO,103244,1,0,779,281.2,LT-20260328-091741
2026-03-28 09:22:23.801,1,SO,103245,1,0,800,282,LT-20260328-091741
2026-03-28 09:22:24.621,1,SO,103246,1,0,818,282.9,LT-20260328-091741
2026-03-28 09:22:25.381,1,SO,103247,1,0,758,283.6,LT-20260328-091741
2026-03-28 09:22:26.148,1,SO,103248,1,0,765,284.4,LT-20260328-091741
2026-03-28 09:22:26.948,1,SO,103249,1,0,798,285.2,LT-20260328-091741
2026-03-28 09:22:27.720,1,SO,103250,1,0,770,286,LT-20260328-091741
2026-03-28 09:22:28.491,1,SO,103251,1,0,768,286.7,LT-20260328-091741
2026-03-28 09:22:29.251,1,SO,103252,1,0,758,287.5,LT-20260328-091741
2026-03-28 09:22:30.308,1,SO,103253,1,0,1056,288.6,LT-20260328-091741
2026-03-28 09:22:30.998,1,SO,103254,1,0,687,289.2,LT-20260328-091741
2026-03-28 09:22:31.570,1,SO,103255,1,0,570,289.8,LT-20260328-091741
2026-03-28 09:22:32.137,1,SO,103256,1,0,564,290.4,LT-20260328-091741
2026-03-28 09:22:32.740,1,SO,103257,1,0,602,291,LT-20260328-091741
2026-03-28 09:22:33.324,1,SO,103258,1,0,581,291.6,LT-20260328-091741
2026-03-28 09:22:33.937,1,SO,103259,1,0,610,292.2,LT-20260328-091741
2026-03-28 09:22:34.547,1,SO,103260,1,0,609,292.8,LT-20260328-091741
2026-03-28 09:22:35.185,1,SO,103261,1,0,636,293.4,LT-20260328-091741
2026-03-28 09:22:35.764,1,SO,103262,1,0,577,294,LT-20260328-091741
2026-03-28 09:22:36.320,1,SO,103263,1,0,554,294.6,LT-20260328-091741
2026-03-28 09:22:36.977,1,SO,103264,1,0,654,295.2,LT-20260328-091741
2026-03-28 09:22:37.585,1,SO,103265,1,0,606,295.8,LT-20260328-091741
2026-03-28 09:22:38.160,1,SO,103266,1,0,574,296.4,LT-20260328-091741
2026-03-28 09:22:38.787,1,SO,103267,1,0,625,297,LT-20260328-091741
2026-03-28 09:22:39.383,1,SO,103268,1,0,593,297.6,LT-20260328-091741
2026-03-28 09:22:39.966,1,SO,103269,1,0,580,298.2,LT-20260328-091741
2026-03-28 09:22:40.561,1,SO,103270,1,0,593,298.8,LT-20260328-091741
2026-03-28 09:22:41.136,1,SO,103271,1,0,573,299.4,LT-20260328-091741
2026-03-28 09:22:41.712,1,SO,103272,1,0,574,300,LT-20260328-091741
2026-03-28 09:22:42.289,1,SO,103273,1,0,575,300.5,LT-20260328-091741
2026-03-28 09:22:42.915,1,SO,103274,1,0,622,301.2,LT-20260328-091741
2026-03-28 09:22:43.490,1,SO,103275,1,0,572,301.7,LT-20260328-091741
2026-03-28 09:22:44.093,1,SO,103276,1,0,601,302.3,LT-20260328-091741
2026-03-28 09:22:44.665,1,SO,103277,1,0,570,302.9,LT-20260328-091741
2026-03-28 09:22:45.251,1,SO,103278,1,0,583,303.5,LT-20260328-091741
2026-03-28 09:22:45.841,1,SO,103279,1,0,587,304.1,LT-20260328-091741
2026-03-28 09:22:46.429,1,SO,103280,1,0,585,304.7,LT-20260328-091741
2026-03-28 09:22:46.997,1,SO,103281,1,0,565,305.2,LT-20260328-091741
2026-03-28 09:22:47.571,1,SO,103282,1,0,573,305.8,LT-20260328-091741
2026-03-28 09:22:48.144,1,SO,103283,1,0,570,306.4,LT-20260328-091741
2026-03-28 09:22:48.705,1,SO,103284,1,0,559,306.9,LT-20260328-091741
2026-03-28 09:22:49.280,1,SO,103285,1,0,573,307.5,LT-20260328-091741
2026-03-28 09:22:49.935,1,SO,103286,1,0,652,308.2,LT-20260328-091741
2026-03-28 09:22:50.505,1,SO,103287,1,0,568,308.7,LT-20260328-091741
2026-03-28 09:22:51.263,1,SO,103288,1,0,756,309.5,LT-20260328-091741
2026-03-28 09:22:52.035,1,SO,103289,1,0,770,310.3,LT-20260328-091741
2026-03-28 09:22:52.805,1,SO,103290,1,0,768,311.1,LT-20260328-091741
2026-03-28 09:22:53.593,1,SO,103291,1,0,785,311.8,LT-20260328-091741
2026-03-28 09:22:54.371,1,SO,103292,1,0,775,312.6,LT-20260328-091741
2026-03-28 09:22:55.168,1,SO,103293,1,0,795,313.4,LT-20260328-091741
2026-03-28 09:22:55.927,1,SO,103294,1,0,757,314.2,LT-20260328-091741
2026-03-28 09:22:56.694,1,SO,103295,1,0,765,314.9,LT-20260328-091741
2026-03-28 09:22:57.448,1,SO,103296,1,0,752,315.7,LT-20260328-091741
2026-03-28 09:22:58.223,1,SO,103297,1,0,773,316.5,LT-20260328-091741
2026-03-28 09:22:59.005,1,SO,103298,1,0,781,317.2,LT-20260328-091741
2026-03-28 09:22:59.770,1,SO,103299,1,0,763,318,LT-20260328-091741
2026-03-28 09:23:00.577,1,SO,103300,1,0,805,318.8,LT-20260328-091741
2026-03-28 09:23:01.377,1,SO,103301,1,0,798,319.6,LT-20260328-091741
2026-03-28 09:23:02.174,1,SO,103302,1,0,795,320.4,LT-20260328-091741
2026-03-28 09:23:02.941,1,SO,103303,1,0,765,321.2,LT-20260328-091741
2026-03-28 09:23:03.723,1,SO,103304,1,0,779,322,LT-20260328-091741
2026-03-28 09:23:04.478,1,SO,103305,1,0,753,322.7,LT-20260328-091741
2026-03-28 09:23:05.251,1,SO,103306,1,0,771,323.5,LT-20260328-091741
2026-03-28 09:23:06.006,1,SO,103307,1,0,753,324.3,LT-20260328-091741
2026-03-28 09:23:06.752,1,SO,103308,1,0,744,325,LT-20260328-091741
2026-03-28 09:23:07.515,1,SO,103309,1,0,760,325.8,LT-20260328-091741
2026-03-28 09:23:08.326,1,SO,103310,1,0,809,326.6,LT-20260328-091741
2026-03-28 09:23:09.100,1,SO,103311,1,0,772,327.3,LT-20260328-091741
2026-03-28 09:23:10.023,1,SO,103312,1,0,922,328.3,LT-20260328-091741
2026-03-28 09:23:10.781,1,SO,103313,1,0,755,329,LT-20260328-091741
2026-03-28 09:23:11.386,1,SO,103314,1,0,602,329.6,LT-20260328-091741
2026-03-28 09:23:12.028,1,SO,103315,1,0,640,330.3,LT-20260328-091741
2026-03-28 09:23:12.701,1,SO,103316,1,0,670,330.9,LT-20260328-091741
2026-03-28 09:23:13.266,1,SO,103317,1,0,562,331.5,LT-20260328-091741
2026-03-28 09:23:13.852,1,SO,103318,1,0,583,332.1,LT-20260328-091741
2026-03-28 09:23:14.419,1,SO,103319,1,0,563,332.7,LT-20260328-091741
2026-03-28 09:23:14.999,1,SO,103320,1,0,578,333.2,LT-20260328-091741
2026-03-28 09:23:15.588,1,SO,103321,1,0,587,333.8,LT-20260328-091741
2026-03-28 09:23:16.230,1,SO,103322,1,0,639,334.5,LT-20260328-091741
2026-03-28 09:23:16.873,1,SO,103323,1,0,639,335.1,LT-20260328-091741
2026-03-28 09:23:17.490,1,SO,103324,1,0,614,335.7,LT-20260328-091741
2026-03-28 09:23:18.067,1,SO,103325,1,0,574,336.3,LT-20260328-091741
2026-03-28 09:23:18.645,1,SO,103326,1,0,576,336.9,LT-20260328-091741
2026-03-28 09:23:19.256,1,SO,103327,1,0,608,337.5,LT-20260328-091741
2026-03-28 09:23:19.917,1,SO,103328,1,0,659,338.2,LT-20260328-091741
2026-03-28 09:23:20.542,1,SO,103329,1,0,624,338.8,LT-20260328-091741
2026-03-28 09:23:21.109,1,SO,103330,1,0,565,339.4,LT-20260328-091741
2026-03-28 09:23:21.701,1,SO,103331,1,0,590,339.9,LT-20260328-091741
2026-03-28 09:23:22.263,1,SO,103332,1,0,561,340.5,LT-20260328-091741
2026-03-28 09:23:22.833,1,SO,103333,1,0,569,341.1,LT-20260328-091741
2026-03-28 09:23:23.425,1,SO,103334,1,0,589,341.7,LT-20260328-091741
2026-03-28 09:23:24.021,1,SO,103335,1,0,593,342.3,LT-20260328-091741
2026-03-28 09:23:24.583,1,SO,103336,1,0,561,342.8,LT-20260328-091741
2026-03-28 09:23:25.157,1,SO,103337,1,0,571,343.4,LT-20260328-091741
2026-03-28 09:23:25.747,1,SO,103338,1,0,587,344,LT-20260328-091741
2026-03-28 09:23:26.308,1,SO,103339,1,0,559,344.6,LT-20260328-091741
2026-03-28 09:23:26.861,1,SO,103340,1,0,552,345.1,LT-20260328-091741
2026-03-28 09:23:27.446,1,SO,103341,1,0,583,345.7,LT-20260328-091741
2026-03-28 09:23:28.030,1,SO,103342,1,0,581,346.3,LT-20260328-091741
2026-03-28 09:23:28.633,1,SO,103343,1,0,601,346.9,LT-20260328-091741
2026-03-28 09:23:29.216,1,SO,103344,1,0,579,347.5,LT-20260328-091741
2026-03-28 09:23:29.776,1,SO,103345,1,0,558,348,LT-20260328-091741
2026-03-28 09:23:30.595,1,SO,103346,1,0,817,348.8,LT-20260328-091741
2026-03-28 09:23:31.522,1,SO,103347,1,0,924,349.8,LT-20260328-091741
2026-03-28 09:23:32.301,1,SO,103348,1,0,776,350.5,LT-20260328-091741
2026-03-28 09:23:33.088,1,SO,103349,1,0,785,351.3,LT-20260328-091741
2026-03-28 09:23:33.857,1,SO,103350,1,0,767,352.1,LT-20260328-091741
2026-03-28 09:23:34.636,1,SO,103351,1,0,777,352.9,LT-20260328-091741
2026-03-28 09:23:35.407,1,SO,103352,1,0,768,353.7,LT-20260328-091741
2026-03-28 09:23:36.251,1,SO,103353,1,0,842,354.5,LT-20260328-091741
2026-03-28 09:23:37.042,1,SO,103354,1,0,788,355.3,LT-20260328-091741
2026-03-28 09:23:37.871,1,SO,103355,1,0,827,356.1,LT-20260328-091741
2026-03-28 09:23:38.651,1,SO,103356,1,0,778,356.9,LT-20260328-091741
2026-03-28 09:23:39.433,1,SO,103357,1,0,780,357.7,LT-20260328-091741
2026-03-28 09:23:40.245,1,SO,103358,1,0,808,358.5,LT-20260328-091741
2026-03-28 09:23:41.054,1,SO,103359,1,0,806,359.3,LT-20260328-091741
2026-03-28 09:23:41.851,1,SO,103360,1,0,794,360.1,LT-20260328-091741
2026-03-28 09:23:42.602,1,SO,103361,1,0,749,360.8,LT-20260328-091741
2026-03-28 09:23:43.407,1,SO,103362,1,0,802,361.7,LT-20260328-091741
2026-03-28 09:23:44.183,1,SO,103363,1,0,775,362.4,LT-20260328-091741
2026-03-28 09:23:44.939,1,SO,103364,1,0,755,363.2,LT-20260328-091741
2026-03-28 09:23:45.696,1,SO,103365,1,0,755,363.9,LT-20260328-091741
2026-03-28 09:23:46.448,1,SO,103366,1,0,750,364.7,LT-20260328-091741
2026-03-28 09:23:47.189,1,SO,103367,1,0,739,365.4,LT-20260328-091741
2026-03-28 09:23:47.953,1,SO,103368,1,0,762,366.2,LT-20260328-091741
2026-03-28 09:23:48.722,1,SO,103369,1,0,766,367,LT-20260328-091741
2026-03-28 09:23:49.482,1,SO,103370,1,0,758,367.7,LT-20260328-091741
2026-03-28 09:23:50.232,1,SO,103371,1,0,749,368.5,LT-20260328-091741
2026-03-28 09:23:51.054,1,SO,103372,1,0,820,369.3,LT-20260328-091741
2026-03-28 09:23:51.823,1,SO,103373,1,0,766,370.1,LT-20260328-091741
2026-03-28 09:23:52.638,1,SO,103374,1,0,814,370.9,LT-20260328-091741
2026-03-28 09:23:53.411,1,SO,103375,1,0,771,371.7,LT-20260328-091741
2026-03-28 09:23:54.183,1,SO,103376,1,0,770,372.4,LT-20260328-091741
2026-03-28 09:23:54.962,1,SO,103377,1,0,776,373.2,LT-20260328-091741
2026-03-28 09:23:55.733,1,SO,103378,1,0,768,374,LT-20260328-091741
2026-03-28 09:23:56.542,1,SO,103379,1,0,807,374.8,LT-20260328-091741
2026-03-28 09:23:57.329,1,SO,103380,1,0,784,375.6,LT-20260328-091741
2026-03-28 09:23:58.089,1,SO,103381,1,0,759,376.3,LT-20260328-091741
2026-03-28 09:23:58.865,1,SO,103382,1,0,773,377.1,LT-20260328-091741
2026-03-28 09:23:59.637,1,SO,103383,1,0,770,377.9,LT-20260328-091741
2026-03-28 09:24:00.427,1,SO,103384,1,0,788,378.7,LT-20260328-091741
2026-03-28 09:24:01.237,1,SO,103385,1,0,809,379.5,LT-20260328-091741
2026-03-28 09:24:02.059,1,SO,103386,1,0,819,380.3,LT-20260328-091741
2026-03-28 09:24:02.793,1,SO,103387,1,0,733,381,LT-20260328-091741
2026-03-28 09:24:03.383,1,SO,103388,1,0,588,381.6,LT-20260328-091741
2026-03-28 09:24:03.991,1,SO,103389,1,0,606,382.2,LT-20260328-091741
2026-03-28 09:24:04.565,1,SO,103390,1,0,572,382.8,LT-20260328-091741
2026-03-28 09:24:05.139,1,SO,103391,1,0,572,383.4,LT-20260328-091741
2026-03-28 09:24:05.780,1,SO,103392,1,0,638,384,LT-20260328-091741
2026-03-28 09:24:06.418,1,SO,103393,1,0,636,384.7,LT-20260328-091741
2026-03-28 09:24:07.002,1,SO,103394,1,0,582,385.2,LT-20260328-091741
2026-03-28 09:24:07.637,1,SO,103395,1,0,633,385.9,LT-20260328-091741
2026-03-28 09:24:08.219,1,SO,103396,1,0,580,386.5,LT-20260328-091741
2026-03-28 09:24:08.804,1,SO,103397,1,0,581,387,LT-20260328-091741
2026-03-28 09:24:09.384,1,SO,103398,1,0,579,387.6,LT-20260328-091741
2026-03-28 09:24:10.006,1,SO,103399,1,0,618,388.3,LT-20260328-091741
2026-03-28 09:24:10.600,1,SO,103400,1,0,591,388.8,LT-20260328-091741
2026-03-28 09:24:11.179,1,SO,103401,1,0,578,389.4,LT-20260328-091741
2026-03-28 09:24:11.752,1,SO,103402,1,0,570,390,LT-20260328-091741
2026-03-28 09:24:12.375,1,SO,103403,1,0,620,390.6,LT-20260328-091741
2026-03-28 09:24:12.982,1,SO,103404,1,0,604,391.2,LT-20260328-091741
2026-03-28 09:24:13.542,1,SO,103405,1,0,558,391.8,LT-20260328-091741
2026-03-28 09:24:14.153,1,SO,103406,1,0,609,392.4,LT-20260328-091741
2026-03-28 09:24:14.754,1,SO,103407,1,0,599,393,LT-20260328-091741
2026-03-28 09:24:15.337,1,SO,103408,1,0,581,393.6,LT-20260328-091741
2026-03-28 09:24:15.899,1,SO,103409,1,0,560,394.1,LT-20260328-091741
2026-03-28 09:24:16.478,1,SO,103410,1,0,577,394.7,LT-20260328-091741
2026-03-28 09:24:17.047,1,SO,103411,1,0,567,395.3,LT-20260328-091741
2026-03-28 09:24:17.621,1,SO,103412,1,0,572,395.9,LT-20260328-091741
2026-03-28 09:24:18.232,1,SO,103413,1,0,609,396.5,LT-20260328-091741
2026-03-28 09:24:18.838,1,SO,103414,1,0,604,397.1,LT-20260328-091741
2026-03-28 09:24:19.413,1,SO,103415,1,0,574,397.7,LT-20260328-091741
2026-03-28 09:24:19.975,1,SO,103416,1,0,560,398.2,LT-20260328-091741
2026-03-28 09:24:20.567,1,SO,103417,1,0,589,398.8,LT-20260328-091741
2026-03-28 09:24:21.139,1,SO,103418,1,0,570,399.4,LT-20260328-091741
2026-03-28 09:24:21.731,1,SO,103419,1,0,588,400,LT-20260328-091741
2026-03-28 09:24:22.324,1,SO,103420,1,0,590,400.6,LT-20260328-091741
2026-03-28 09:24:22.908,1,SO,103421,1,0,582,401.2,LT-20260328-091741
2026-03-28 09:24:23.473,1,SO,103422,1,0,561,401.7,LT-20260328-091741
2026-03-28 09:24:24.093,1,SO,103423,1,0,618,402.3,LT-20260328-091741
2026-03-28 09:24:24.696,1,SO,103424,1,0,602,402.9,LT-20260328-091741
2026-03-28 09:24:25.285,1,SO,103425,1,0,585,403.5,LT-20260328-091741
2026-03-28 09:24:25.867,1,SO,103426,1,0,580,404.1,LT-20260328-091741
2026-03-28 09:24:26.445,1,SO,103427,1,0,575,404.7,LT-20260328-091741
2026-03-28 09:24:27.008,1,SO,103428,1,0,560,405.3,LT-20260328-091741
2026-03-28 09:24:27.589,1,SO,103429,1,0,579,405.8,LT-20260328-091741
2026-03-28 09:24:28.151,1,SO,103430,1,0,560,406.4,LT-20260328-091741
2026-03-28 09:24:28.717,1,SO,103431,1,0,564,407,LT-20260328-091741
2026-03-28 09:24:29.284,1,SO,103432,1,0,564,407.5,LT-20260328-091741
2026-03-28 09:24:29.865,1,SO,103433,1,0,578,408.1,LT-20260328-091741
2026-03-28 09:24:30.427,1,SO,103434,1,0,559,408.7,LT-20260328-091741
2026-03-28 09:24:31.024,1,SO,103435,1,0,596,409.3,LT-20260328-091741
2026-03-28 09:24:31.595,1,SO,103436,1,0,569,409.8,LT-20260328-091741
2026-03-28 09:24:32.165,1,SO,103437,1,0,568,410.4,LT-20260328-091741
2026-03-28 09:24:32.907,1,SO,103438,1,0,740,411.2,LT-20260328-091741
2026-03-28 09:24:33.671,1,SO,103439,1,0,763,411.9,LT-20260328-091741
2026-03-28 09:24:34.445,1,SO,103440,1,0,772,412.7,LT-20260328-091741
2026-03-28 09:24:35.206,1,SO,103441,1,0,759,413.5,LT-20260328-091741
2026-03-28 09:24:35.986,1,SO,103442,1,0,779,414.2,LT-20260328-091741
2026-03-28 09:24:36.767,1,SO,103443,1,0,779,415,LT-20260328-091741
2026-03-28 09:24:37.710,1,SO,103444,1,0,940,416,LT-20260328-091741
2026-03-28 09:24:38.473,1,SO,103445,1,0,761,416.7,LT-20260328-091741
2026-03-28 09:24:39.240,1,SO,103446,1,0,765,417.5,LT-20260328-091741
2026-03-28 09:24:40.011,1,SO,103447,1,0,768,418.3,LT-20260328-091741
2026-03-28 09:24:40.774,1,SO,103448,1,0,761,419,LT-20260328-091741
2026-03-28 09:24:41.548,1,SO,103449,1,0,773,419.8,LT-20260328-091741
2026-03-28 09:24:42.345,1,SO,103450,1,0,793,420.6,LT-20260328-091741
2026-03-28 09:24:42.999,1,SO,103451,1,0,651,421.2,LT-20260328-091741
2026-03-28 09:24:43.581,1,SO,103452,1,0,578,421.8,LT-20260328-091741
2026-03-28 09:24:44.186,1,SO,103453,1,0,603,422.4,LT-20260328-091741
2026-03-28 09:24:44.757,1,SO,103454,1,0,570,423,LT-20260328-091741
2026-03-28 09:24:45.340,1,SO,103455,1,0,581,423.6,LT-20260328-091741
2026-03-28 09:24:45.938,1,SO,103456,1,0,596,424.2,LT-20260328-091741
2026-03-28 09:24:46.545,1,SO,103457,1,0,603,424.8,LT-20260328-091741
2026-03-28 09:24:47.136,1,SO,103458,1,0,587,425.4,LT-20260328-091741
2026-03-28 09:24:47.732,1,SO,103459,1,0,593,426,LT-20260328-091741
2026-03-28 09:24:48.311,1,SO,103460,1,0,576,426.6,LT-20260328-091741
2026-03-28 09:24:48.910,1,SO,103461,1,0,595,427.2,LT-20260328-091741
2026-03-28 09:24:49.495,1,SO,103462,1,0,582,427.7,LT-20260328-091741
2026-03-28 09:24:50.107,1,SO,103463,1,0,607,428.4,LT-20260328-091741
2026-03-28 09:24:50.708,1,SO,103464,1,0,597,429,LT-20260328-091741
2026-03-28 09:24:51.379,1,SO,103465,1,0,667,429.6,LT-20260328-091741
2026-03-28 09:24:52.031,1,SO,103466,1,0,649,430.3,LT-20260328-091741
2026-03-28 09:24:52.637,1,SO,103467,1,0,603,430.9,LT-20260328-091741
2026-03-28 09:24:53.262,1,SO,103468,1,0,621,431.5,LT-20260328-091741
2026-03-28 09:24:53.865,1,SO,103469,1,0,600,432.1,LT-20260328-091741
2026-03-28 09:24:54.475,1,SO,103470,1,0,606,432.7,LT-20260328-091741
2026-03-28 09:24:55.089,1,SO,103471,1,0,610,433.3,LT-20260328-091741
2026-03-28 09:24:55.750,1,SO,103472,1,0,659,434,LT-20260328-091741
2026-03-28 09:24:56.379,1,SO,103473,1,0,625,434.6,LT-20260328-091741
2026-03-28 09:24:57.003,1,SO,103474,1,0,621,435.2,LT-20260328-091741
2026-03-28 09:24:57.632,1,SO,103475,1,0,625,435.9,LT-20260328-091741
2026-03-28 09:24:58.250,1,SO,103476,1,0,615,436.5,LT-20260328-091741
2026-03-28 09:24:58.876,1,SO,103477,1,0,622,437.1,LT-20260328-091741
2026-03-28 09:24:59.499,1,SO,103478,1,0,620,437.7,LT-20260328-091741
2026-03-28 09:25:00.131,1,SO,103479,1,0,628,438.4,LT-20260328-091741
2026-03-28 09:25:00.786,1,SO,103480,1,0,650,439,LT-20260328-091741
2026-03-28 09:25:01.411,1,SO,103481,1,0,622,439.7,LT-20260328-091741
2026-03-28 09:25:02.119,1,SO,103482,1,0,706,440.4,LT-20260328-091741
2026-03-28 09:25:02.988,1,SO,103483,1,0,865,441.2,LT-20260328-091741
2026-03-28 09:25:03.788,1,SO,103484,1,0,797,442,LT-20260328-091741
2026-03-28 09:25:04.582,1,SO,103485,1,0,791,442.8,LT-20260328-091741
2026-03-28 09:25:05.405,1,SO,103486,1,0,820,443.6,LT-20260328-091741
2026-03-28 09:25:06.180,1,SO,103487,1,0,770,444.4,LT-20260328-091741
2026-03-28 09:25:06.976,1,SO,103488,1,0,795,445.2,LT-20260328-091741
2026-03-28 09:25:07.813,1,SO,103489,1,0,833,446.1,LT-20260328-091741
2026-03-28 09:25:08.609,1,SO,103490,1,0,792,446.9,LT-20260328-091741
2026-03-28 09:25:09.399,1,SO,103491,1,0,788,447.6,LT-20260328-091741
2026-03-28 09:25:10.191,1,SO,103492,1,0,789,448.4,LT-20260328-091741
2026-03-28 09:25:10.968,1,SO,103493,1,0,775,449.2,LT-20260328-091741
2026-03-28 09:25:11.759,1,SO,103494,1,0,787,450,LT-20260328-091741
2026-03-28 09:25:12.503,1,SO,103495,1,0,742,450.7,LT-20260328-091741
2026-03-28 09:25:13.120,1,SO,103496,1,0,614,451.4,LT-20260328-091741
2026-03-28 09:25:13.710,1,SO,103497,1,0,587,452,LT-20260328-091741
2026-03-28 09:25:14.297,1,SO,103498,1,0,585,452.5,LT-20260328-091741
2026-03-28 09:25:14.943,1,SO,103499,1,0,642,453.2,LT-20260328-091741
2026-03-28 09:25:15.529,1,SO,103500,1,0,584,453.8,LT-20260328-091741
2026-03-28 09:25:16.114,1,SO,103501,1,0,582,454.4,LT-20260328-091741
2026-03-28 09:25:16.679,1,SO,103502,1,0,563,454.9,LT-20260328-091741
2026-03-28 09:25:17.255,1,SO,103503,1,0,574,455.5,LT-20260328-091741
2026-03-28 09:25:17.872,1,SO,103504,1,0,614,456.1,LT-20260328-091741
2026-03-28 09:25:18.450,1,SO,103505,1,0,576,456.7,LT-20260328-091741
2026-03-28 09:25:19.029,1,SO,103506,1,0,576,457.3,LT-20260328-091741
2026-03-28 09:25:19.613,1,SO,103507,1,0,582,457.9,LT-20260328-091741
2026-03-28 09:25:20.206,1,SO,103508,1,0,590,458.5,LT-20260328-091741
2026-03-28 09:25:20.777,1,SO,103509,1,0,568,459,LT-20260328-091741
2026-03-28 09:25:21.391,1,SO,103510,1,0,611,459.6,LT-20260328-091741
2026-03-28 09:25:21.998,1,SO,103511,1,0,604,460.2,LT-20260328-091741
2026-03-28 09:25:22.616,1,SO,103512,1,0,616,460.9,LT-20260328-091741
2026-03-28 09:25:23.427,1,SO,103513,1,0,809,461.7,LT-20260328-091741
2026-03-28 09:25:24.202,1,SO,103514,1,0,774,462.4,LT-20260328-091741
2026-03-28 09:25:24.996,1,SO,103515,1,0,793,463.2,LT-20260328-091741
2026-03-28 09:25:25.763,1,SO,103516,1,0,764,464,LT-20260328-091741
2026-03-28 09:25:26.533,1,SO,103517,1,0,769,464.8,LT-20260328-091741
2026-03-28 09:25:27.313,1,SO,103518,1,0,777,465.6,LT-20260328-091741
2026-03-28 09:25:28.113,1,SO,103519,1,0,798,466.4,LT-20260328-091741
2026-03-28 09:25:28.871,1,SO,103520,1,0,756,467.1,LT-20260328-091741
2026-03-28 09:25:29.630,1,SO,103521,1,0,758,467.9,LT-20260328-091741
2026-03-28 09:25:30.404,1,SO,103522,1,0,771,468.6,LT-20260328-091741
2026-03-28 09:25:31.193,1,SO,103523,1,0,788,469.4,LT-20260328-091741
2026-03-28 09:25:31.968,1,SO,103524,1,0,773,470.2,LT-20260328-091741
2026-03-28 09:25:32.761,1,SO,103525,1,0,791,471,LT-20260328-091741
2026-03-28 09:25:33.550,1,SO,103526,1,0,787,471.8,LT-20260328-091741
2026-03-28 09:25:34.321,1,SO,103527,1,0,769,472.6,LT-20260328-091741
2026-03-28 09:25:35.098,1,SO,103528,1,0,775,473.3,LT-20260328-091741
2026-03-28 09:25:35.931,1,SO,103529,1,0,831,474.2,LT-20260328-091741
2026-03-28 09:25:36.698,1,SO,103530,1,0,764,474.9,LT-20260328-091741
2026-03-28 09:25:37.518,1,SO,103531,1,0,819,475.8,LT-20260328-091741
2026-03-28 09:25:38.331,1,SO,103532,1,0,811,476.6,LT-20260328-091741
2026-03-28 09:25:39.111,1,SO,103533,1,0,778,477.4,LT-20260328-091741
2026-03-28 09:25:39.897,1,SO,103534,1,0,783,478.1,LT-20260328-091741
2026-03-28 09:25:40.658,1,SO,103535,1,0,759,478.9,LT-20260328-091741
2026-03-28 09:25:41.467,1,SO,103536,1,0,808,479.7,LT-20260328-091741
2026-03-28 09:25:42.264,1,SO,103537,1,0,795,480.5,LT-20260328-091741
2026-03-28 09:25:42.983,1,SO,103538,1,0,717,481.2,LT-20260328-091741
2026-03-28 09:25:43.687,1,SO,103539,1,0,702,481.9,LT-20260328-091741
2026-03-28 09:25:44.273,1,SO,103540,1,0,584,482.5,LT-20260328-091741
2026-03-28 09:25:44.845,1,SO,103541,1,0,569,483.1,LT-20260328-091741
2026-03-28 09:25:45.447,1,SO,103542,1,0,600,483.7,LT-20260328-091741
2026-03-28 09:25:46.003,1,SO,103543,1,0,555,484.2,LT-20260328-091741
2026-03-28 09:25:46.586,1,SO,103544,1,0,581,484.8,LT-20260328-091741
2026-03-28 09:25:47.142,1,SO,103545,1,0,554,485.4,LT-20260328-091741
2026-03-28 09:25:47.731,1,SO,103546,1,0,587,486,LT-20260328-091741
2026-03-28 09:25:48.355,1,SO,103547,1,0,622,486.6,LT-20260328-091741
2026-03-28 09:25:48.952,1,SO,103548,1,0,595,487.2,LT-20260328-091741
2026-03-28 09:25:49.532,1,SO,103549,1,0,578,487.8,LT-20260328-091741
2026-03-28 09:25:50.098,1,SO,103550,1,0,564,488.3,LT-20260328-091741
2026-03-28 09:25:50.667,1,SO,103551,1,0,567,488.9,LT-20260328-091741
2026-03-28 09:25:51.305,1,SO,103552,1,0,636,489.5,LT-20260328-091741
2026-03-28 09:25:51.890,1,SO,103553,1,0,583,490.1,LT-20260328-091741
2026-03-28 09:25:52.464,1,SO,103554,1,0,572,490.7,LT-20260328-091741
2026-03-28 09:25:53.032,1,SO,103555,1,0,564,491.3,LT-20260328-091741
2026-03-28 09:25:53.622,1,SO,103556,1,0,587,491.9,LT-20260328-091741
2026-03-28 09:25:54.195,1,SO,103557,1,0,570,492.4,LT-20260328-091741
2026-03-28 09:25:54.783,1,SO,103558,1,0,586,493,LT-20260328-091741
2026-03-28 09:25:55.460,1,SO,103559,1,0,675,493.7,LT-20260328-091741
2026-03-28 09:25:56.020,1,SO,103560,1,0,559,494.3,LT-20260328-091741
2026-03-28 09:25:56.604,1,SO,103561,1,0,581,494.8,LT-20260328-091741
2026-03-28 09:25:57.187,1,SO,103562,1,0,581,495.4,LT-20260328-091741
2026-03-28 09:25:57.790,1,SO,103563,1,0,599,496,LT-20260328-091741
2026-03-28 09:25:58.368,1,SO,103564,1,0,575,496.6,LT-20260328-091741
2026-03-28 09:25:58.971,1,SO,103565,1,0,602,497.2,LT-20260328-091741
2026-03-28 09:25:59.567,1,SO,103566,1,0,592,497.8,LT-20260328-091741
2026-03-28 09:26:00.172,1,SO,103567,1,0,604,498.4,LT-20260328-091741
2026-03-28 09:26:00.766,1,SO,103568,1,0,591,499,LT-20260328-091741
2026-03-28 09:26:01.350,1,SO,103569,1,0,581,499.6,LT-20260328-091741
2026-03-28 09:26:01.956,1,SO,103570,1,0,605,500.2,LT-20260328-091741
2026-03-28 09:26:02.609,1,SO,103571,1,0,650,500.9,LT-20260328-091741
2026-03-28 09:26:03.398,1,SO,103572,1,0,787,501.6,LT-20260328-091741
2026-03-28 09:26:04.174,1,SO,103573,1,0,774,502.4,LT-20260328-091741
2026-03-28 09:26:04.946,1,SO,103574,1,0,770,503.2,LT-20260328-091741
2026-03-28 09:26:05.714,1,SO,103575,1,0,766,504,LT-20260328-091741
2026-03-28 09:26:06.494,1,SO,103576,1,0,779,504.7,LT-20260328-091741
2026-03-28 09:26:07.286,1,SO,103577,1,0,789,505.5,LT-20260328-091741
2026-03-28 09:26:08.082,1,SO,103578,1,0,795,506.3,LT-20260328-091741
2026-03-28 09:26:08.875,1,SO,103579,1,0,790,507.1,LT-20260328-091741
2026-03-28 09:26:09.656,1,SO,103580,1,0,778,507.9,LT-20260328-091741
2026-03-28 09:26:10.441,1,SO,103581,1,0,782,508.7,LT-20260328-091741
2026-03-28 09:26:11.211,1,SO,103582,1,0,768,509.5,LT-20260328-091741
2026-03-28 09:26:11.997,1,SO,103583,1,0,785,510.2,LT-20260328-091741
2026-03-28 09:26:12.714,1,SO,103584,1,0,715,511,LT-20260328-091741
2026-03-28 09:26:13.315,1,SO,103585,1,0,598,511.6,LT-20260328-091741
2026-03-28 09:26:13.917,1,SO,103586,1,0,600,512.2,LT-20260328-091741
2026-03-28 09:26:14.506,1,SO,103587,1,0,587,512.8,LT-20260328-091741
2026-03-28 09:26:15.088,1,SO,103588,1,0,579,513.3,LT-20260328-091741
2026-03-28 09:26:15.674,1,SO,103589,1,0,585,513.9,LT-20260328-091741
2026-03-28 09:26:16.242,1,SO,103590,1,0,566,514.5,LT-20260328-091741
2026-03-28 09:26:16.819,1,SO,103591,1,0,574,515.1,LT-20260328-091741
2026-03-28 09:26:17.464,1,SO,103592,1,0,643,515.7,LT-20260328-091741
2026-03-28 09:26:18.056,1,SO,103593,1,0,589,516.3,LT-20260328-091741
2026-03-28 09:26:18.617,1,SO,103594,1,0,559,516.9,LT-20260328-091741
2026-03-28 09:26:19.203,1,SO,103595,1,0,585,517.4,LT-20260328-091741
2026-03-28 09:26:19.783,1,SO,103596,1,0,577,518,LT-20260328-091741
2026-03-28 09:26:20.362,1,SO,103597,1,0,577,518.6,LT-20260328-091741
2026-03-28 09:26:20.937,1,SO,103598,1,0,573,519.2,LT-20260328-091741
2026-03-28 09:26:21.512,1,SO,103599,1,0,573,519.8,LT-20260328-091741
2026-03-28 09:26:22.106,1,SO,103600,1,0,592,520.4,LT-20260328-091741
2026-03-28 09:26:22.691,1,SO,103601,1,0,582,520.9,LT-20260328-091741
2026-03-28 09:26:23.311,1,SO,103602,1,0,618,521.6,LT-20260328-091741
2026-03-28 09:26:23.904,1,SO,103603,1,0,591,522.1,LT-20260328-091741
2026-03-28 09:26:24.499,1,SO,103604,1,0,592,522.7,LT-20260328-091741
2026-03-28 09:26:25.099,1,SO,103605,1,0,598,523.3,LT-20260328-091741
2026-03-28 09:26:25.747,1,SO,103606,1,0,645,524,LT-20260328-091741
2026-03-28 09:26:26.315,1,SO,103607,1,0,565,524.6,LT-20260328-091741
2026-03-28 09:26:26.893,1,SO,103608,1,0,577,525.1,LT-20260328-091741
2026-03-28 09:26:27.464,1,SO,103609,1,0,569,525.7,LT-20260328-091741
2026-03-28 09:26:28.063,1,SO,103610,1,0,597,526.3,LT-20260328-091741
2026-03-28 09:26:28.662,1,SO,103611,1,0,597,526.9,LT-20260328-091741
2026-03-28 09:26:29.240,1,SO,103612,1,0,575,527.5,LT-20260328-091741
2026-03-28 09:26:29.908,1,SO,103613,1,0,666,528.2,LT-20260328-091741
2026-03-28 09:26:30.505,1,SO,103614,1,0,594,528.7,LT-20260328-091741
2026-03-28 09:26:31.093,1,SO,103615,1,0,587,529.3,LT-20260328-091741
2026-03-28 09:26:31.690,1,SO,103616,1,0,595,529.9,LT-20260328-091741
2026-03-28 09:26:32.299,1,SO,103617,1,0,607,530.5,LT-20260328-091741
2026-03-28 09:26:33.031,1,SO,103618,1,0,730,531.3,LT-20260328-091741
2026-03-28 09:26:33.944,1,SO,103619,1,0,911,532.2,LT-20260328-091741
2026-03-28 09:26:34.754,1,SO,103620,1,0,807,533,LT-20260328-091741
2026-03-28 09:26:35.547,1,SO,103621,1,0,790,533.8,LT-20260328-091741
2026-03-28 09:26:36.413,1,SO,103622,1,0,865,534.7,LT-20260328-091741
2026-03-28 09:26:37.183,1,SO,103623,1,0,768,535.4,LT-20260328-091741
2026-03-28 09:26:37.985,1,SO,103624,1,0,800,536.2,LT-20260328-091741
2026-03-28 09:26:38.787,1,SO,103625,1,0,799,537,LT-20260328-091741
2026-03-28 09:26:39.585,1,SO,103626,1,0,795,537.8,LT-20260328-091741
2026-03-28 09:26:40.401,1,SO,103627,1,0,814,538.6,LT-20260328-091741
2026-03-28 09:26:41.195,1,SO,103628,1,0,792,539.4,LT-20260328-091741
2026-03-28 09:26:42.011,1,SO,103629,1,0,812,540.3,LT-20260328-091741
2026-03-28 09:26:42.824,1,SO,103630,1,0,810,541.1,LT-20260328-091741
2026-03-28 09:26:43.623,1,SO,103631,1,0,796,541.9,LT-20260328-091741
2026-03-28 09:26:44.406,1,SO,103632,1,0,781,542.7,LT-20260328-091741
2026-03-28 09:26:45.312,1,SO,103633,1,0,903,543.6,LT-20260328-091741
2026-03-28 09:26:46.093,1,SO,103634,1,0,778,544.3,LT-20260328-091741
2026-03-28 09:26:46.871,1,SO,103635,1,0,775,545.1,LT-20260328-091741
2026-03-28 09:26:47.680,1,SO,103636,1,0,805,545.9,LT-20260328-091741
2026-03-28 09:26:48.442,1,SO,103637,1,0,761,546.7,LT-20260328-091741
2026-03-28 09:26:49.235,1,SO,103638,1,0,792,547.5,LT-20260328-091741
2026-03-28 09:26:50.021,1,SO,103639,1,0,783,548.3,LT-20260328-091741
2026-03-28 09:26:50.805,1,SO,103640,1,0,783,549,LT-20260328-091741
2026-03-28 09:26:51.814,1,SO,103641,1,0,1006,550.1,LT-20260328-091741
2026-03-28 09:26:52.682,1,SO,103642,1,0,867,550.9,LT-20260328-091741
2026-03-28 09:26:53.476,1,SO,103643,1,0,792,551.7,LT-20260328-091741
2026-03-28 09:26:54.249,1,SO,103644,1,0,771,552.5,LT-20260328-091741
2026-03-28 09:26:55.019,1,SO,103645,1,0,769,553.3,LT-20260328-091741
2026-03-28 09:26:55.812,1,SO,103646,1,0,791,554.1,LT-20260328-091741
2026-03-28 09:26:56.619,1,SO,103647,1,0,805,554.9,LT-20260328-091741
2026-03-28 09:26:57.416,1,SO,103648,1,0,795,555.7,LT-20260328-091741
2026-03-28 09:26:58.217,1,SO,103649,1,0,799,556.5,LT-20260328-091741
2026-03-28 09:26:58.992,1,SO,103650,1,0,773,557.2,LT-20260328-091741
2026-03-28 09:26:59.758,1,SO,103651,1,0,764,558,LT-20260328-091741
2026-03-28 09:27:00.586,1,SO,103652,1,0,826,558.8,LT-20260328-091741
2026-03-28 09:27:01.382,1,SO,103653,1,0,793,559.6,LT-20260328-091741
2026-03-28 09:27:02.190,1,SO,103654,1,0,805,560.4,LT-20260328-091741
2026-03-28 09:27:03.007,1,SO,103655,1,0,814,561.3,LT-20260328-091741
2026-03-28 09:27:03.808,1,SO,103656,1,0,799,562.1,LT-20260328-091741
2026-03-28 09:27:04.626,1,SO,103657,1,0,816,562.9,LT-20260328-091741
2026-03-28 09:27:05.446,1,SO,103658,1,0,817,563.7,LT-20260328-091741
2026-03-28 09:27:06.226,1,SO,103659,1,0,777,564.5,LT-20260328-091741
2026-03-28 09:27:07.011,1,SO,103660,1,0,783,565.3,LT-20260328-091741
2026-03-28 09:27:07.780,1,SO,103661,1,0,765,566,LT-20260328-091741
2026-03-28 09:27:08.541,1,SO,103662,1,0,759,566.8,LT-20260328-091741
2026-03-28 09:27:09.356,1,SO,103663,1,0,811,567.6,LT-20260328-091741
2026-03-28 09:27:10.138,1,SO,103664,1,0,779,568.4,LT-20260328-091741
2026-03-28 09:27:10.913,1,SO,103665,1,0,773,569.2,LT-20260328-091741
2026-03-28 09:27:11.699,1,SO,103666,1,0,785,569.9,LT-20260328-091741
2026-03-28 09:27:12.494,1,SO,103667,1,0,793,570.7,LT-20260328-091741
2026-03-28 09:27:13.274,1,SO,103668,1,0,778,571.5,LT-20260328-091741
2026-03-28 09:27:14.055,1,SO,103669,1,0,779,572.3,LT-20260328-091741
2026-03-28 09:27:14.850,1,SO,103670,1,0,793,573.1,LT-20260328-091741
2026-03-28 09:27:15.643,1,SO,103671,1,0,791,573.9,LT-20260328-091741
2026-03-28 09:27:16.411,1,SO,103672,1,0,767,574.7,LT-20260328-091741
2026-03-28 09:27:17.174,1,SO,103673,1,0,760,575.4,LT-20260328-091741
2026-03-28 09:27:17.944,1,SO,103674,1,0,768,576.2,LT-20260328-091741
2026-03-28 09:27:18.711,1,SO,103675,1,0,764,577,LT-20260328-091741
2026-03-28 09:27:19.483,1,SO,103676,1,0,769,577.7,LT-20260328-091741
2026-03-28 09:27:20.243,1,SO,103677,1,0,758,578.5,LT-20260328-091741
2026-03-28 09:27:21.026,1,SO,103678,1,0,780,579.3,LT-20260328-091741
2026-03-28 09:27:21.802,1,SO,103679,1,0,774,580,LT-20260328-091741
2026-03-28 09:27:22.583,1,SO,103680,1,0,778,580.8,LT-20260328-091741
2026-03-28 09:27:23.398,1,SO,103681,1,0,812,581.6,LT-20260328-091741
2026-03-28 09:27:24.163,1,SO,103682,1,0,763,582.4,LT-20260328-091741
2026-03-28 09:27:24.920,1,SO,103683,1,0,755,583.2,LT-20260328-091741
2026-03-28 09:27:25.692,1,SO,103684,1,0,769,583.9,LT-20260328-091741
2026-03-28 09:27:26.479,1,SO,103685,1,0,785,584.7,LT-20260328-091741
2026-03-28 09:27:27.297,1,SO,103686,1,0,815,585.5,LT-20260328-091741
2026-03-28 09:27:28.082,1,SO,103687,1,0,783,586.3,LT-20260328-091741
2026-03-28 09:27:28.862,1,SO,103688,1,0,777,587.1,LT-20260328-091741
2026-03-28 09:27:29.635,1,SO,103689,1,0,770,587.9,LT-20260328-091741
2026-03-28 09:27:30.466,1,SO,103690,1,0,829,588.7,LT-20260328-091741
2026-03-28 09:27:31.223,1,SO,103691,1,0,754,589.5,LT-20260328-091741
2026-03-28 09:27:31.997,1,SO,103692,1,0,772,590.2,LT-20260328-091741
2026-03-28 09:27:32.802,1,SO,103693,1,0,803,591,LT-20260328-091741
2026-03-28 09:27:33.578,1,SO,103694,1,0,774,591.8,LT-20260328-091741
2026-03-28 09:27:34.338,1,SO,103695,1,0,757,592.6,LT-20260328-091741
2026-03-28 09:27:35.118,1,SO,103696,1,0,778,593.4,LT-20260328-091741
2026-03-28 09:27:35.885,1,SO,103697,1,0,764,594.1,LT-20260328-091741
2026-03-28 09:27:36.682,1,SO,103698,1,0,795,594.9,LT-20260328-091741
2026-03-28 09:27:37.453,1,SO,103699,1,0,769,595.7,LT-20260328-091741
2026-03-28 09:27:38.212,1,SO,103700,1,0,757,596.5,LT-20260328-091741
2026-03-28 09:27:38.987,1,SO,103701,1,0,773,597.2,LT-20260328-091741
2026-03-28 09:27:39.801,1,SO,103702,1,0,812,598,LT-20260328-091741
2026-03-28 09:27:40.579,1,SO,103703,1,0,775,598.8,LT-20260328-091741
2026-03-28 09:27:41.365,1,SO,103704,1,0,783,599.6,LT-20260328-091741
2026-03-28 09:27:42.000,1,SO,103705,1,0,634,600.2,LT-20260328-091741
2026-03-28 09:27:42.900,1,PO,107553,1,0,892,601.1,LT-20260328-091741
2026-03-28 09:27:43.589,1,PO,107554,1,0,686,601.8,LT-20260328-091741
2026-03-28 09:27:44.461,1,PO,107555,1,0,870,602.7,LT-20260328-091741
2026-03-28 09:27:45.228,1,PO,107556,1,0,765,603.5,LT-20260328-091741
2026-03-28 09:27:45.953,1,PO,107557,1,0,723,604.2,LT-20260328-091741
2026-03-28 09:27:46.684,1,PO,107558,1,0,730,604.9,LT-20260328-091741
2026-03-28 09:27:47.250,1,PO,107559,1,0,563,605.5,LT-20260328-091741
2026-03-28 09:27:47.825,1,PO,107560,1,0,572,606.1,LT-20260328-091741
2026-03-28 09:27:48.315,1,PO,107561,1,0,488,606.6,LT-20260328-091741
2026-03-28 09:27:48.845,1,PO,107562,1,0,527,607.1,LT-20260328-091741
2026-03-28 09:27:49.342,1,PO,107563,1,0,495,607.6,LT-20260328-091741
2026-03-28 09:27:49.831,1,PO,107564,1,0,487,608.1,LT-20260328-091741
2026-03-28 09:27:50.334,1,PO,107565,1,0,499,608.6,LT-20260328-091741
2026-03-28 09:27:50.898,1,PO,107566,1,0,560,609.1,LT-20260328-091741
2026-03-28 09:27:51.370,1,PO,107567,1,0,471,609.6,LT-20260328-091741
2026-03-28 09:27:52.037,1,PO,107568,1,0,664,610.3,LT-20260328-091741
2026-03-28 09:27:52.724,1,PO,107569,1,0,685,611,LT-20260328-091741
2026-03-28 09:27:53.413,1,PO,107570,1,0,687,611.7,LT-20260328-091741
2026-03-28 09:27:54.079,1,PO,107571,1,0,663,612.3,LT-20260328-091741
2026-03-28 09:27:54.751,1,PO,107572,1,0,670,613,LT-20260328-091741
2026-03-28 09:27:55.458,1,PO,107573,1,0,703,613.7,LT-20260328-091741
2026-03-28 09:27:56.192,1,PO,107574,1,0,732,614.4,LT-20260328-091741
2026-03-28 09:27:57.046,1,PO,107575,1,0,852,615.3,LT-20260328-091741
2026-03-28 09:27:58.144,1,PO,107576,1,0,1097,616.4,LT-20260328-091741
2026-03-28 09:27:59.423,1,PO,107577,1,0,1276,617.7,LT-20260328-091741
2026-03-28 09:28:00.161,1,PO,107578,1,0,735,618.4,LT-20260328-091741
2026-03-28 09:28:00.850,1,PO,107579,1,0,684,619.1,LT-20260328-091741
2026-03-28 09:28:01.542,1,PO,107580,1,0,690,619.8,LT-20260328-091741
2026-03-28 09:28:02.243,1,PO,107581,1,0,699,620.5,LT-20260328-091741
2026-03-28 09:28:03.090,1,PO,107582,1,0,845,621.3,LT-20260328-091741
2026-03-28 09:28:04.104,1,PO,107583,1,0,1013,622.3,LT-20260328-091741
2026-03-28 09:28:05.068,1,PO,107584,1,0,962,623.3,LT-20260328-091741
2026-03-28 09:28:05.920,1,PO,107585,1,0,850,624.2,LT-20260328-091741
2026-03-28 09:28:06.603,1,PO,107586,1,0,681,624.8,LT-20260328-091741
2026-03-28 09:28:07.438,1,PO,107587,1,0,832,625.7,LT-20260328-091741
2026-03-28 09:28:08.176,1,PO,107588,1,0,736,626.4,LT-20260328-091741
2026-03-28 09:28:08.862,1,PO,107589,1,0,683,627.1,LT-20260328-091741
2026-03-28 09:28:09.588,1,PO,107590,1,0,723,627.8,LT-20260328-091741
2026-03-28 09:28:10.370,1,PO,107591,1,0,780,628.6,LT-20260328-091741
2026-03-28 09:28:11.136,1,PO,107592,1,0,764,629.4,LT-20260328-091741
2026-03-28 09:28:11.730,1,PO,107593,1,0,592,630,LT-20260328-091741
2026-03-28 09:28:12.223,1,PO,107594,1,0,490,630.5,LT-20260328-091741
2026-03-28 09:28:12.699,1,PO,107595,1,0,474,630.9,LT-20260328-091741
2026-03-28 09:28:13.189,1,PO,107596,1,0,487,631.4,LT-20260328-091741
2026-03-28 09:28:13.662,1,PO,107597,1,0,472,631.9,LT-20260328-091741
2026-03-28 09:28:14.153,1,PO,107598,1,0,489,632.4,LT-20260328-091741
2026-03-28 09:28:14.671,1,PO,107599,1,0,514,632.9,LT-20260328-091741
2026-03-28 09:28:15.161,1,PO,107600,1,0,488,633.4,LT-20260328-091741
2026-03-28 09:28:15.677,1,PO,107601,1,0,514,633.9,LT-20260328-091741
2026-03-28 09:28:16.171,1,PO,107602,1,0,492,634.4,LT-20260328-091741
2026-03-28 09:28:16.669,1,PO,107603,1,0,494,634.9,LT-20260328-091741
2026-03-28 09:28:17.191,1,PO,107604,1,0,518,635.4,LT-20260328-091741
2026-03-28 09:28:17.701,1,PO,107605,1,0,507,635.9,LT-20260328-091741
2026-03-28 09:28:18.188,1,PO,107606,1,0,484,636.4,LT-20260328-091741
2026-03-28 09:28:18.684,1,PO,107607,1,0,494,636.9,LT-20260328-091741
2026-03-28 09:28:19.170,1,PO,107608,1,0,484,637.4,LT-20260328-091741
2026-03-28 09:28:19.690,1,PO,107609,1,0,517,637.9,LT-20260328-091741
2026-03-28 09:28:20.205,1,PO,107610,1,0,513,638.4,LT-20260328-091741
2026-03-28 09:28:20.709,1,PO,107611,1,0,500,639,LT-20260328-091741
2026-03-28 09:28:21.203,1,PO,107612,1,0,492,639.4,LT-20260328-091741
2026-03-28 09:28:21.935,1,PO,107613,1,0,730,640.2,LT-20260328-091741
2026-03-28 09:28:22.645,1,PO,107614,1,0,708,640.9,LT-20260328-091741
2026-03-28 09:28:23.348,1,PO,107615,1,0,700,641.6,LT-20260328-091741
2026-03-28 09:28:24.041,1,PO,107616,1,0,689,642.3,LT-20260328-091741
2026-03-28 09:28:24.759,1,PO,107617,1,0,712,643,LT-20260328-091741
2026-03-28 09:28:25.463,1,PO,107618,1,0,700,643.7,LT-20260328-091741
2026-03-28 09:28:26.168,1,PO,107619,1,0,702,644.4,LT-20260328-091741
2026-03-28 09:28:26.882,1,PO,107620,1,0,709,645.1,LT-20260328-091741
2026-03-28 09:28:27.589,1,PO,107621,1,0,704,645.8,LT-20260328-091741
2026-03-28 09:28:28.280,1,PO,107622,1,0,688,646.5,LT-20260328-091741
2026-03-28 09:28:28.977,1,PO,107623,1,0,693,647.2,LT-20260328-091741
2026-03-28 09:28:29.703,1,PO,107624,1,0,722,647.9,LT-20260328-091741
2026-03-28 09:28:30.400,1,PO,107625,1,0,693,648.6,LT-20260328-091741
2026-03-28 09:28:31.097,1,PO,107626,1,0,694,649.3,LT-20260328-091741
2026-03-28 09:28:31.747,1,PO,107627,1,0,648,650,LT-20260328-091741
2026-03-28 09:28:32.257,1,PO,107628,1,0,507,650.5,LT-20260328-091741
2026-03-28 09:28:32.782,1,PO,107629,1,0,521,651,LT-20260328-091741
2026-03-28 09:28:33.310,1,PO,107630,1,0,523,651.6,LT-20260328-091741
2026-03-28 09:28:33.817,1,PO,107631,1,0,503,652.1,LT-20260328-091741
2026-03-28 09:28:34.334,1,PO,107632,1,0,514,652.6,LT-20260328-091741
2026-03-28 09:28:34.843,1,PO,107633,1,0,506,653.1,LT-20260328-091741
2026-03-28 09:28:35.357,1,PO,107634,1,0,510,653.6,LT-20260328-091741
2026-03-28 09:28:35.890,1,PO,107635,1,0,529,654.1,LT-20260328-091741
2026-03-28 09:28:36.389,1,PO,107636,1,0,496,654.6,LT-20260328-091741
2026-03-28 09:28:36.880,1,PO,107637,1,0,488,655.1,LT-20260328-091741
2026-03-28 09:28:37.378,1,PO,107638,1,0,495,655.6,LT-20260328-091741
2026-03-28 09:28:37.906,1,PO,107639,1,0,525,656.2,LT-20260328-091741
2026-03-28 09:28:38.433,1,PO,107640,1,0,524,656.7,LT-20260328-091741
2026-03-28 09:28:38.940,1,PO,107641,1,0,504,657.2,LT-20260328-091741
2026-03-28 09:28:39.473,1,PO,107642,1,0,529,657.7,LT-20260328-091741
2026-03-28 09:28:39.995,1,PO,107643,1,0,518,658.2,LT-20260328-091741
2026-03-28 09:28:40.487,1,PO,107644,1,0,488,658.7,LT-20260328-091741
2026-03-28 09:28:40.986,1,PO,107645,1,0,495,659.2,LT-20260328-091741
2026-03-28 09:28:41.526,1,PO,107646,1,0,536,659.8,LT-20260328-091741
2026-03-28 09:28:42.077,1,PO,107647,1,0,547,660.3,LT-20260328-091741
2026-03-28 09:28:42.603,1,PO,107648,1,0,523,660.8,LT-20260328-091741
2026-03-28 09:28:43.094,1,PO,107649,1,0,489,661.3,LT-20260328-091741
2026-03-28 09:28:43.601,1,PO,107650,1,0,504,661.8,LT-20260328-091741
2026-03-28 09:28:44.096,1,PO,107651,1,0,493,662.3,LT-20260328-091741
2026-03-28 09:28:44.602,1,PO,107652,1,0,503,662.8,LT-20260328-091741
2026-03-28 09:28:45.108,1,PO,107653,1,0,504,663.4,LT-20260328-091741
2026-03-28 09:28:45.592,1,PO,107654,1,0,481,663.8,LT-20260328-091741
2026-03-28 09:28:46.068,1,PO,107655,1,0,475,664.3,LT-20260328-091741
2026-03-28 09:28:46.572,1,PO,107656,1,0,502,664.8,LT-20260328-091741
2026-03-28 09:28:47.214,1,PO,107657,1,0,638,665.5,LT-20260328-091741
2026-03-28 09:28:47.723,1,PO,107658,1,0,506,666,LT-20260328-091741
2026-03-28 09:28:48.220,1,PO,107659,1,0,495,666.5,LT-20260328-091741
2026-03-28 09:28:48.706,1,PO,107660,1,0,482,667,LT-20260328-091741
2026-03-28 09:28:49.213,1,PO,107661,1,0,506,667.5,LT-20260328-091741
2026-03-28 09:28:49.718,1,PO,107662,1,0,502,668,LT-20260328-091741
2026-03-28 09:28:50.270,1,PO,107663,1,0,550,668.5,LT-20260328-091741
2026-03-28 09:28:50.780,1,PO,107664,1,0,506,669,LT-20260328-091741
2026-03-28 09:28:51.278,1,PO,107665,1,0,495,669.5,LT-20260328-091741
2026-03-28 09:28:51.801,1,PO,107666,1,0,518,670,LT-20260328-091741
2026-03-28 09:28:52.298,1,PO,107667,1,0,495,670.5,LT-20260328-091741
2026-03-28 09:28:52.834,1,PO,107668,1,0,531,671.1,LT-20260328-091741
2026-03-28 09:28:53.342,1,PO,107669,1,0,504,671.6,LT-20260328-091741
2026-03-28 09:28:53.850,1,PO,107670,1,0,504,672.1,LT-20260328-091741
2026-03-28 09:28:54.350,1,PO,107671,1,0,496,672.6,LT-20260328-091741
2026-03-28 09:28:54.870,1,PO,107672,1,0,516,673.1,LT-20260328-091741
2026-03-28 09:28:55.393,1,PO,107673,1,0,519,673.6,LT-20260328-091741
2026-03-28 09:28:55.993,1,PO,107674,1,0,595,674.2,LT-20260328-091741
2026-03-28 09:28:56.502,1,PO,107675,1,0,506,674.7,LT-20260328-091741
2026-03-28 09:28:57.007,1,PO,107676,1,0,501,675.3,LT-20260328-091741
2026-03-28 09:28:57.508,1,PO,107677,1,0,499,675.8,LT-20260328-091741
2026-03-28 09:28:58.035,1,PO,107678,1,0,523,676.3,LT-20260328-091741
2026-03-28 09:28:58.510,1,PO,107679,1,0,472,676.8,LT-20260328-091741
2026-03-28 09:28:58.986,1,PO,107680,1,0,473,677.2,LT-20260328-091741
2026-03-28 09:28:59.487,1,PO,107681,1,0,498,677.7,LT-20260328-091741
2026-03-28 09:28:59.964,1,PO,107682,1,0,474,678.2,LT-20260328-091741
2026-03-28 09:29:00.466,1,PO,107683,1,0,500,678.7,LT-20260328-091741
2026-03-28 09:29:00.965,1,PO,107684,1,0,497,679.2,LT-20260328-091741
2026-03-28 09:29:01.467,1,PO,107685,1,0,499,679.7,LT-20260328-091741
2026-03-28 09:29:01.958,1,PO,107686,1,0,488,680.2,LT-20260328-091741
2026-03-28 09:29:02.475,1,PO,107687,1,0,515,680.7,LT-20260328-091741
2026-03-28 09:29:02.981,1,PO,107688,1,0,505,681.2,LT-20260328-091741
2026-03-28 09:29:03.469,1,PO,107689,1,0,487,681.7,LT-20260328-091741
2026-03-28 09:29:03.945,1,PO,107690,1,0,474,682.2,LT-20260328-091741
2026-03-28 09:29:04.436,1,PO,107691,1,0,488,682.7,LT-20260328-091741
2026-03-28 09:29:04.931,1,PO,107692,1,0,493,683.2,LT-20260328-091741
2026-03-28 09:29:05.416,1,PO,107693,1,0,482,683.7,LT-20260328-091741
2026-03-28 09:29:05.994,1,PO,107694,1,0,575,684.2,LT-20260328-091741
2026-03-28 09:29:06.484,1,PO,107695,1,0,489,684.7,LT-20260328-091741
2026-03-28 09:29:06.975,1,PO,107696,1,0,489,685.2,LT-20260328-091741
2026-03-28 09:29:07.469,1,PO,107697,1,0,491,685.7,LT-20260328-091741
2026-03-28 09:29:07.967,1,PO,107698,1,0,496,686.2,LT-20260328-091741
2026-03-28 09:29:08.445,1,PO,107699,1,0,476,686.7,LT-20260328-091741
2026-03-28 09:29:08.989,1,PO,107700,1,0,541,687.2,LT-20260328-091741
2026-03-28 09:29:09.538,1,PO,107701,1,0,546,687.8,LT-20260328-091741
2026-03-28 09:29:10.046,1,PO,107702,1,0,507,688.3,LT-20260328-091741
2026-03-28 09:29:10.546,1,PO,107703,1,0,497,688.8,LT-20260328-091741
2026-03-28 09:29:11.055,1,PO,107704,1,0,507,689.3,LT-20260328-091741
2026-03-28 09:29:11.558,1,PO,107705,1,0,501,689.8,LT-20260328-091741
2026-03-28 09:29:12.048,1,PO,107706,1,0,489,690.3,LT-20260328-091741
2026-03-28 09:29:12.542,1,PO,107707,1,0,491,690.8,LT-20260328-091741
2026-03-28 09:29:13.023,1,PO,107708,1,0,478,691.3,LT-20260328-091741
2026-03-28 09:29:13.499,1,PO,107709,1,0,474,691.7,LT-20260328-091741
2026-03-28 09:29:14.003,1,PO,107710,1,0,501,692.2,LT-20260328-091741
2026-03-28 09:29:14.464,1,PO,107711,1,0,458,692.7,LT-20260328-091741
2026-03-28 09:29:14.941,1,PO,107712,1,0,475,693.2,LT-20260328-091741
2026-03-28 09:29:15.420,1,PO,107713,1,0,478,693.7,LT-20260328-091741
2026-03-28 09:29:15.902,1,PO,107714,1,0,481,694.1,LT-20260328-091741
2026-03-28 09:29:16.380,1,PO,107715,1,0,476,694.6,LT-20260328-091741
2026-03-28 09:29:16.866,1,PO,107716,1,0,484,695.1,LT-20260328-091741
2026-03-28 09:29:17.387,1,PO,107717,1,0,520,695.6,LT-20260328-091741
2026-03-28 09:29:17.904,1,PO,107718,1,0,515,696.1,LT-20260328-091741
2026-03-28 09:29:18.401,1,PO,107719,1,0,495,696.6,LT-20260328-091741
2026-03-28 09:29:18.908,1,PO,107720,1,0,506,697.2,LT-20260328-091741
2026-03-28 09:29:19.381,1,PO,107721,1,0,471,697.6,LT-20260328-091741
2026-03-28 09:29:19.855,1,PO,107722,1,0,472,698.1,LT-20260328-091741
2026-03-28 09:29:20.338,1,PO,107723,1,0,481,698.6,LT-20260328-091741
2026-03-28 09:29:20.850,1,PO,107724,1,0,511,699.1,LT-20260328-091741
2026-03-28 09:29:21.339,1,PO,107725,1,0,487,699.6,LT-20260328-091741
2026-03-28 09:29:21.859,1,PO,107726,1,0,518,700.1,LT-20260328-091741
2026-03-28 09:29:22.380,1,PO,107727,1,0,518,700.6,LT-20260328-091741
2026-03-28 09:29:22.880,1,PO,107728,1,0,498,701.1,LT-20260328-091741
2026-03-28 09:29:23.385,1,PO,107729,1,0,504,701.6,LT-20260328-091741
2026-03-28 09:29:23.883,1,PO,107730,1,0,495,702.1,LT-20260328-091741
2026-03-28 09:29:24.371,1,PO,107731,1,0,483,702.6,LT-20260328-091741
2026-03-28 09:29:24.876,1,PO,107732,1,0,504,703.1,LT-20260328-091741
2026-03-28 09:29:25.360,1,PO,107733,1,0,481,703.6,LT-20260328-091741
2026-03-28 09:29:25.833,1,PO,107734,1,0,471,704.1,LT-20260328-091741
2026-03-28 09:29:26.314,1,PO,107735,1,0,479,704.6,LT-20260328-091741
2026-03-28 09:29:26.828,1,PO,107736,1,0,512,705.1,LT-20260328-091741
2026-03-28 09:29:27.312,1,PO,107737,1,0,481,705.6,LT-20260328-091741
2026-03-28 09:29:27.795,1,PO,107738,1,0,481,706,LT-20260328-091741
2026-03-28 09:29:28.276,1,PO,107739,1,0,479,706.5,LT-20260328-091741
2026-03-28 09:29:28.761,1,PO,107740,1,0,483,707,LT-20260328-091741
2026-03-28 09:29:29.272,1,PO,107741,1,0,508,707.5,LT-20260328-091741
2026-03-28 09:29:29.792,1,PO,107742,1,0,518,708,LT-20260328-091741
2026-03-28 09:29:30.278,1,PO,107743,1,0,483,708.5,LT-20260328-091741
2026-03-28 09:29:30.763,1,PO,107744,1,0,482,709,LT-20260328-091741
2026-03-28 09:29:31.273,1,PO,107745,1,0,508,709.5,LT-20260328-091741
2026-03-28 09:29:31.787,1,PO,107746,1,0,511,710,LT-20260328-091741
2026-03-28 09:29:32.262,1,PO,107747,1,0,474,710.5,LT-20260328-091741
2026-03-28 09:29:32.783,1,PO,107748,1,0,518,711,LT-20260328-091741
2026-03-28 09:29:33.340,1,PO,107749,1,0,556,711.6,LT-20260328-091741
2026-03-28 09:29:33.869,1,PO,107750,1,0,527,712.1,LT-20260328-091741
2026-03-28 09:29:34.371,1,PO,107751,1,0,501,712.6,LT-20260328-091741
2026-03-28 09:29:34.849,1,PO,107752,1,0,476,713.1,LT-20260328-091741
2026-03-28 09:29:35.331,1,PO,107753,1,0,480,713.6,LT-20260328-091741
2026-03-28 09:29:35.829,1,PO,107754,1,0,496,714.1,LT-20260328-091741
2026-03-28 09:29:36.306,1,PO,107755,1,0,474,714.6,LT-20260328-091741
2026-03-28 09:29:36.799,1,PO,107756,1,0,490,715,LT-20260328-091741
2026-03-28 09:29:37.285,1,PO,107757,1,0,485,715.5,LT-20260328-091741
2026-03-28 09:29:37.770,1,PO,107758,1,0,483,716,LT-20260328-091741
2026-03-28 09:29:38.240,1,PO,107759,1,0,468,716.5,LT-20260328-091741
2026-03-28 09:29:38.733,1,PO,107760,1,0,491,717,LT-20260328-091741
2026-03-28 09:29:39.212,1,PO,107761,1,0,477,717.5,LT-20260328-091741
2026-03-28 09:29:39.685,1,PO,107762,1,0,471,717.9,LT-20260328-091741
2026-03-28 09:29:40.173,1,PO,107763,1,0,484,718.4,LT-20260328-091741
2026-03-28 09:29:40.660,1,PO,107764,1,0,485,718.9,LT-20260328-091741
2026-03-28 09:29:41.185,1,PO,107765,1,0,522,719.4,LT-20260328-091741
2026-03-28 09:29:41.762,1,PO,107766,1,0,574,720,LT-20260328-091741
2026-03-28 09:29:42.487,1,PO,107767,1,0,723,720.7,LT-20260328-091741
2026-03-28 09:29:43.215,1,PO,107768,1,0,726,721.5,LT-20260328-091741
2026-03-28 09:29:44.057,1,PO,107769,1,0,841,722.3,LT-20260328-091741
2026-03-28 09:29:44.877,1,PO,107770,1,0,818,723.1,LT-20260328-091741
2026-03-28 09:29:45.576,1,PO,107771,1,0,697,723.8,LT-20260328-091741
2026-03-28 09:29:46.395,1,PO,107772,1,0,817,724.6,LT-20260328-091741
2026-03-28 09:29:47.061,1,PO,107773,1,0,664,725.3,LT-20260328-091741
2026-03-28 09:29:47.715,1,PO,107774,1,0,653,726,LT-20260328-091741
2026-03-28 09:29:48.385,1,PO,107775,1,0,667,726.6,LT-20260328-091741
2026-03-28 09:29:49.064,1,PO,107776,1,0,678,727.3,LT-20260328-091741
2026-03-28 09:29:49.755,1,PO,107777,1,0,688,728,LT-20260328-091741
2026-03-28 09:29:50.410,1,PO,107778,1,0,653,728.7,LT-20260328-091741
2026-03-28 09:29:51.067,1,PO,107779,1,0,655,729.3,LT-20260328-091741
2026-03-28 09:29:51.776,1,PO,107780,1,0,707,730,LT-20260328-091741
2026-03-28 09:29:52.449,1,PO,107781,1,0,672,730.7,LT-20260328-091741
2026-03-28 09:29:53.160,1,PO,107782,1,0,708,731.4,LT-20260328-091741
2026-03-28 09:29:53.864,1,PO,107783,1,0,702,732.1,LT-20260328-091741
2026-03-28 09:29:54.530,1,PO,107784,1,0,664,732.8,LT-20260328-091741
2026-03-28 09:29:55.214,1,PO,107785,1,0,682,733.5,LT-20260328-091741
2026-03-28 09:29:55.925,1,PO,107786,1,0,709,734.2,LT-20260328-091741
2026-03-28 09:29:56.598,1,PO,107787,1,0,672,734.8,LT-20260328-091741
2026-03-28 09:29:57.276,1,PO,107788,1,0,676,735.5,LT-20260328-091741
2026-03-28 09:29:57.951,1,PO,107789,1,0,673,736.2,LT-20260328-091741
2026-03-28 09:29:58.707,1,PO,107790,1,0,754,737,LT-20260328-091741
2026-03-28 09:29:59.387,1,PO,107791,1,0,678,737.6,LT-20260328-091741
2026-03-28 09:30:00.064,1,PO,107792,1,0,675,738.3,LT-20260328-091741
2026-03-28 09:30:00.747,1,PO,107793,1,0,682,739,LT-20260328-091741
2026-03-28 09:30:01.417,1,PO,107794,1,0,668,739.7,LT-20260328-091741
2026-03-28 09:30:01.971,1,PO,107795,1,0,553,740.2,LT-20260328-091741
2026-03-28 09:30:02.507,1,PO,107796,1,0,533,740.8,LT-20260328-091741
2026-03-28 09:30:03.010,1,PO,107797,1,0,502,741.3,LT-20260328-091741
2026-03-28 09:30:03.491,1,PO,107798,1,0,478,741.7,LT-20260328-091741
2026-03-28 09:30:03.984,1,PO,107799,1,0,491,742.2,LT-20260328-091741
2026-03-28 09:30:04.466,1,PO,107800,1,0,480,742.7,LT-20260328-091741
2026-03-28 09:30:04.945,1,PO,107801,1,0,477,743.2,LT-20260328-091741
2026-03-28 09:30:05.462,1,PO,107802,1,0,514,743.7,LT-20260328-091741
2026-03-28 09:30:05.927,1,PO,107803,1,0,462,744.2,LT-20260328-091741
2026-03-28 09:30:06.429,1,PO,107804,1,0,500,744.7,LT-20260328-091741
2026-03-28 09:30:06.915,1,PO,107805,1,0,484,745.2,LT-20260328-091741
2026-03-28 09:30:07.395,1,PO,107806,1,0,478,745.6,LT-20260328-091741
2026-03-28 09:30:07.874,1,PO,107807,1,0,477,746.1,LT-20260328-091741
2026-03-28 09:30:08.355,1,PO,107808,1,0,479,746.6,LT-20260328-091741
2026-03-28 09:30:08.844,1,PO,107809,1,0,484,747.1,LT-20260328-091741
2026-03-28 09:30:09.334,1,PO,107810,1,0,488,747.6,LT-20260328-091741
2026-03-28 09:30:09.813,1,PO,107811,1,0,476,748.1,LT-20260328-091741
2026-03-28 09:30:10.315,1,PO,107812,1,0,501,748.6,LT-20260328-091741
2026-03-28 09:30:10.822,1,PO,107813,1,0,506,749.1,LT-20260328-091741
2026-03-28 09:30:11.403,1,PO,107814,1,0,579,749.6,LT-20260328-091741
2026-03-28 09:30:11.885,1,PO,107815,1,0,480,750.1,LT-20260328-091741
2026-03-28 09:30:12.375,1,PO,107816,1,0,489,750.6,LT-20260328-091741
2026-03-28 09:30:12.870,1,PO,107817,1,0,493,751.1,LT-20260328-091741
2026-03-28 09:30:13.341,1,PO,107818,1,0,468,751.6,LT-20260328-091741
2026-03-28 09:30:13.830,1,PO,107819,1,0,487,752.1,LT-20260328-091741
2026-03-28 09:30:14.327,1,PO,107820,1,0,496,752.6,LT-20260328-091741
2026-03-28 09:30:14.862,1,PO,107821,1,0,532,753.1,LT-20260328-091741
2026-03-28 09:30:15.338,1,PO,107822,1,0,474,753.6,LT-20260328-091741
2026-03-28 09:30:15.823,1,PO,107823,1,0,483,754.1,LT-20260328-091741
2026-03-28 09:30:16.307,1,PO,107824,1,0,482,754.6,LT-20260328-091741
2026-03-28 09:30:16.784,1,PO,107825,1,0,473,755,LT-20260328-091741
2026-03-28 09:30:17.264,1,PO,107826,1,0,478,755.5,LT-20260328-091741
2026-03-28 09:30:17.830,1,PO,107827,1,0,564,756.1,LT-20260328-091741
2026-03-28 09:30:18.302,1,PO,107828,1,0,471,756.5,LT-20260328-091741
2026-03-28 09:30:18.782,1,PO,107829,1,0,476,757,LT-20260328-091741
2026-03-28 09:30:19.267,1,PO,107830,1,0,483,757.5,LT-20260328-091741
2026-03-28 09:30:19.758,1,PO,107831,1,0,489,758,LT-20260328-091741
2026-03-28 09:30:20.250,1,PO,107832,1,0,489,758.5,LT-20260328-091741
2026-03-28 09:30:20.744,1,PO,107833,1,0,491,759,LT-20260328-091741
2026-03-28 09:30:21.213,1,PO,107834,1,0,468,759.5,LT-20260328-091741
2026-03-28 09:30:21.823,1,PO,107835,1,0,608,760.1,LT-20260328-091741
2026-03-28 09:30:22.512,1,PO,107836,1,0,687,760.8,LT-20260328-091741
2026-03-28 09:30:23.199,1,PO,107837,1,0,684,761.4,LT-20260328-091741
2026-03-28 09:30:23.944,1,PO,107838,1,0,743,762.2,LT-20260328-091741
2026-03-28 09:30:24.612,1,PO,107839,1,0,666,762.9,LT-20260328-091741
2026-03-28 09:30:25.293,1,PO,107840,1,0,679,763.5,LT-20260328-091741
2026-03-28 09:30:25.983,1,PO,107841,1,0,689,764.2,LT-20260328-091741
2026-03-28 09:30:26.660,1,PO,107842,1,0,675,764.9,LT-20260328-091741
2026-03-28 09:30:27.345,1,PO,107843,1,0,683,765.6,LT-20260328-091741
2026-03-28 09:30:28.017,1,PO,107844,1,0,670,766.3,LT-20260328-091741
2026-03-28 09:30:28.707,1,PO,107845,1,0,688,767,LT-20260328-091741
2026-03-28 09:30:29.398,1,PO,107846,1,0,689,767.6,LT-20260328-091741
2026-03-28 09:30:30.070,1,PO,107847,1,0,671,768.3,LT-20260328-091741
2026-03-28 09:30:30.751,1,PO,107848,1,0,678,769,LT-20260328-091741
2026-03-28 09:30:31.460,1,PO,107849,1,0,706,769.7,LT-20260328-091741
2026-03-28 09:30:32.148,1,PO,107850,1,0,687,770.4,LT-20260328-091741
2026-03-28 09:30:32.827,1,PO,107851,1,0,677,771.1,LT-20260328-091741
2026-03-28 09:30:33.526,1,PO,107852,1,0,697,771.8,LT-20260328-091741
2026-03-28 09:30:34.220,1,PO,107853,1,0,691,772.5,LT-20260328-091741
2026-03-28 09:30:34.895,1,PO,107854,1,0,674,773.1,LT-20260328-091741
2026-03-28 09:30:35.562,1,PO,107855,1,0,665,773.8,LT-20260328-091741
2026-03-28 09:30:36.239,1,PO,107856,1,0,675,774.5,LT-20260328-091741
2026-03-28 09:30:36.923,1,PO,107857,1,0,682,775.2,LT-20260328-091741
2026-03-28 09:30:37.683,1,PO,107858,1,0,759,775.9,LT-20260328-091741
2026-03-28 09:30:38.385,1,PO,107859,1,0,700,776.6,LT-20260328-091741
2026-03-28 09:30:39.117,1,PO,107860,1,0,730,777.4,LT-20260328-091741
2026-03-28 09:30:39.801,1,PO,107861,1,0,682,778,LT-20260328-091741
2026-03-28 09:30:40.500,1,PO,107862,1,0,697,778.7,LT-20260328-091741
2026-03-28 09:30:41.164,1,PO,107863,1,0,661,779.4,LT-20260328-091741
2026-03-28 09:30:41.701,1,PO,107864,1,0,535,779.9,LT-20260328-091741
2026-03-28 09:30:42.200,1,PO,107865,1,0,497,780.4,LT-20260328-091741
2026-03-28 09:30:42.678,1,PO,107866,1,0,476,780.9,LT-20260328-091741
2026-03-28 09:30:43.169,1,PO,107867,1,0,490,781.4,LT-20260328-091741
2026-03-28 09:30:43.694,1,PO,107868,1,0,523,781.9,LT-20260328-091741
2026-03-28 09:30:44.182,1,PO,107869,1,0,486,782.4,LT-20260328-091741
2026-03-28 09:30:44.673,1,PO,107870,1,0,489,782.9,LT-20260328-091741
2026-03-28 09:30:45.142,1,PO,107871,1,0,467,783.4,LT-20260328-091741
2026-03-28 09:30:45.626,1,PO,107872,1,0,480,783.9,LT-20260328-091741
2026-03-28 09:30:46.120,1,PO,107873,1,0,492,784.4,LT-20260328-091741
2026-03-28 09:30:46.605,1,PO,107874,1,0,483,784.8,LT-20260328-091741
2026-03-28 09:30:47.079,1,PO,107875,1,0,472,785.3,LT-20260328-091741
2026-03-28 09:30:47.577,1,PO,107876,1,0,495,785.8,LT-20260328-091741
2026-03-28 09:30:48.079,1,PO,107877,1,0,500,786.3,LT-20260328-091741
2026-03-28 09:30:48.564,1,PO,107878,1,0,483,786.8,LT-20260328-091741
2026-03-28 09:30:49.031,1,PO,107879,1,0,466,787.3,LT-20260328-091741
2026-03-28 09:30:49.525,1,PO,107880,1,0,491,787.8,LT-20260328-091741
2026-03-28 09:30:50.035,1,PO,107881,1,0,508,788.3,LT-20260328-091741
2026-03-28 09:30:50.505,1,PO,107882,1,0,467,788.7,LT-20260328-091741
2026-03-28 09:30:50.973,1,PO,107883,1,0,467,789.2,LT-20260328-091741
2026-03-28 09:30:51.464,1,PO,107884,1,0,489,789.7,LT-20260328-091741
2026-03-28 09:30:51.954,1,PO,107885,1,0,488,790.2,LT-20260328-091741
2026-03-28 09:30:52.465,1,PO,107886,1,0,510,790.7,LT-20260328-091741
2026-03-28 09:30:52.967,1,PO,107887,1,0,500,791.2,LT-20260328-091741
2026-03-28 09:30:53.489,1,PO,107888,1,0,520,791.7,LT-20260328-091741
2026-03-28 09:30:53.985,1,PO,107889,1,0,495,792.2,LT-20260328-091741
2026-03-28 09:30:54.469,1,PO,107890,1,0,481,792.7,LT-20260328-091741
2026-03-28 09:30:54.964,1,PO,107891,1,0,493,793.2,LT-20260328-091741
2026-03-28 09:30:55.467,1,PO,107892,1,0,500,793.7,LT-20260328-091741
2026-03-28 09:30:55.954,1,PO,107893,1,0,485,794.2,LT-20260328-091741
2026-03-28 09:30:56.435,1,PO,107894,1,0,479,794.7,LT-20260328-091741
2026-03-28 09:30:56.913,1,PO,107895,1,0,476,795.2,LT-20260328-091741
2026-03-28 09:30:57.385,1,PO,107896,1,0,470,795.6,LT-20260328-091741
2026-03-28 09:30:57.871,1,PO,107897,1,0,485,796.1,LT-20260328-091741
2026-03-28 09:30:58.363,1,PO,107898,1,0,490,796.6,LT-20260328-091741
2026-03-28 09:30:58.882,1,PO,107899,1,0,517,797.1,LT-20260328-091741
2026-03-28 09:30:59.359,1,PO,107900,1,0,475,797.6,LT-20260328-091741
2026-03-28 09:30:59.879,1,PO,107901,1,0,518,798.1,LT-20260328-091741
2026-03-28 09:31:00.389,1,PO,107902,1,0,508,798.6,LT-20260328-091741
2026-03-28 09:31:00.877,1,PO,107903,1,0,487,799.1,LT-20260328-091741
2026-03-28 09:31:01.393,1,PO,107904,1,0,514,799.6,LT-20260328-091741
2026-03-28 09:31:01.904,1,PO,107905,1,0,509,800.1,LT-20260328-091741
2026-03-28 09:31:02.398,1,PO,107906,1,0,491,800.6,LT-20260328-091741
2026-03-28 09:31:02.898,1,PO,107907,1,0,499,801.1,LT-20260328-091741
2026-03-28 09:31:03.422,1,PO,107908,1,0,521,801.7,LT-20260328-091741
2026-03-28 09:31:03.948,1,PO,107909,1,0,524,802.2,LT-20260328-091741
2026-03-28 09:31:04.421,1,PO,107910,1,0,471,802.7,LT-20260328-091741
2026-03-28 09:31:04.929,1,PO,107911,1,0,505,803.2,LT-20260328-091741
2026-03-28 09:31:05.422,1,PO,107912,1,0,491,803.7,LT-20260328-091741
2026-03-28 09:31:05.932,1,PO,107913,1,0,507,804.2,LT-20260328-091741
2026-03-28 09:31:06.422,1,PO,107914,1,0,487,804.7,LT-20260328-091741
2026-03-28 09:31:06.927,1,PO,107915,1,0,502,805.2,LT-20260328-091741
2026-03-28 09:31:07.443,1,PO,107916,1,0,513,805.7,LT-20260328-091741
2026-03-28 09:31:07.947,1,PO,107917,1,0,501,806.2,LT-20260328-091741
2026-03-28 09:31:08.445,1,PO,107918,1,0,497,806.7,LT-20260328-091741
2026-03-28 09:31:08.983,1,PO,107919,1,0,535,807.2,LT-20260328-091741
2026-03-28 09:31:09.506,1,PO,107920,1,0,521,807.8,LT-20260328-091741
2026-03-28 09:31:10.016,1,PO,107921,1,0,508,808.3,LT-20260328-091741
2026-03-28 09:31:10.513,1,PO,107922,1,0,495,808.8,LT-20260328-091741
2026-03-28 09:31:11.015,1,PO,107923,1,0,500,809.3,LT-20260328-091741
2026-03-28 09:31:11.540,1,PO,107924,1,0,523,809.8,LT-20260328-091741
2026-03-28 09:31:12.260,1,PO,107925,1,0,717,810.5,LT-20260328-091741
2026-03-28 09:31:12.951,1,PO,107926,1,0,690,811.2,LT-20260328-091741
2026-03-28 09:31:13.650,1,PO,107927,1,0,697,811.9,LT-20260328-091741
2026-03-28 09:31:14.376,1,PO,107928,1,0,724,812.6,LT-20260328-091741
2026-03-28 09:31:15.058,1,PO,107929,1,0,679,813.3,LT-20260328-091741
2026-03-28 09:31:15.796,1,PO,107930,1,0,735,814,LT-20260328-091741
2026-03-28 09:31:16.469,1,PO,107931,1,0,672,814.7,LT-20260328-091741
2026-03-28 09:31:17.164,1,PO,107932,1,0,693,815.4,LT-20260328-091741
2026-03-28 09:31:17.843,1,PO,107933,1,0,676,816.1,LT-20260328-091741
2026-03-28 09:31:18.532,1,PO,107934,1,0,686,816.8,LT-20260328-091741
2026-03-28 09:31:19.234,1,PO,107935,1,0,700,817.5,LT-20260328-091741
2026-03-28 09:31:19.928,1,PO,107936,1,0,692,818.2,LT-20260328-091741
2026-03-28 09:31:20.610,1,PO,107937,1,0,680,818.9,LT-20260328-091741
2026-03-28 09:31:21.271,1,PO,107938,1,0,659,819.5,LT-20260328-091741
2026-03-28 09:31:21.816,1,PO,107939,1,0,543,820.1,LT-20260328-091741
2026-03-28 09:31:22.310,1,PO,107940,1,0,491,820.6,LT-20260328-091741
2026-03-28 09:31:22.820,1,PO,107941,1,0,508,821.1,LT-20260328-091741
2026-03-28 09:31:23.319,1,PO,107942,1,0,497,821.6,LT-20260328-091741
2026-03-28 09:31:23.823,1,PO,107943,1,0,502,822.1,LT-20260328-091741
2026-03-28 09:31:24.367,1,PO,107944,1,0,541,822.6,LT-20260328-091741
2026-03-28 09:31:24.867,1,PO,107945,1,0,498,823.1,LT-20260328-091741
2026-03-28 09:31:25.355,1,PO,107946,1,0,485,823.6,LT-20260328-091741
2026-03-28 09:31:25.827,1,PO,107947,1,0,470,824.1,LT-20260328-091741
2026-03-28 09:31:26.315,1,PO,107948,1,0,486,824.6,LT-20260328-091741
2026-03-28 09:31:26.806,1,PO,107949,1,0,489,825.1,LT-20260328-091741
2026-03-28 09:31:27.304,1,PO,107950,1,0,495,825.5,LT-20260328-091741
2026-03-28 09:31:27.793,1,PO,107951,1,0,487,826,LT-20260328-091741
2026-03-28 09:31:28.295,1,PO,107952,1,0,499,826.5,LT-20260328-091741
2026-03-28 09:31:28.791,1,PO,107953,1,0,493,827,LT-20260328-091741
2026-03-28 09:31:29.287,1,PO,107954,1,0,495,827.5,LT-20260328-091741
2026-03-28 09:31:29.804,1,PO,107955,1,0,513,828,LT-20260328-091741
2026-03-28 09:31:30.307,1,PO,107956,1,0,501,828.6,LT-20260328-091741
2026-03-28 09:31:30.834,1,PO,107957,1,0,524,829.1,LT-20260328-091741
2026-03-28 09:31:31.339,1,PO,107958,1,0,502,829.6,LT-20260328-091741
2026-03-28 09:31:31.853,1,PO,107959,1,0,513,830.1,LT-20260328-091741
2026-03-28 09:31:32.359,1,PO,107960,1,0,503,830.6,LT-20260328-091741
2026-03-28 09:31:32.859,1,PO,107961,1,0,498,831.1,LT-20260328-091741
2026-03-28 09:31:33.346,1,PO,107962,1,0,484,831.6,LT-20260328-091741
2026-03-28 09:31:33.856,1,PO,107963,1,0,508,832.1,LT-20260328-091741
2026-03-28 09:31:34.341,1,PO,107964,1,0,483,832.6,LT-20260328-091741
2026-03-28 09:31:34.858,1,PO,107965,1,0,515,833.1,LT-20260328-091741
2026-03-28 09:31:35.363,1,PO,107966,1,0,502,833.6,LT-20260328-091741
2026-03-28 09:31:35.863,1,PO,107967,1,0,498,834.1,LT-20260328-091741
2026-03-28 09:31:36.358,1,PO,107968,1,0,492,834.6,LT-20260328-091741
2026-03-28 09:31:36.853,1,PO,107969,1,0,492,835.1,LT-20260328-091741
2026-03-28 09:31:37.359,1,PO,107970,1,0,504,835.6,LT-20260328-091741
2026-03-28 09:31:37.856,1,PO,107971,1,0,496,836.1,LT-20260328-091741
2026-03-28 09:31:38.348,1,PO,107972,1,0,490,836.6,LT-20260328-091741
2026-03-28 09:31:38.839,1,PO,107973,1,0,490,837.1,LT-20260328-091741
2026-03-28 09:31:39.345,1,PO,107974,1,0,504,837.6,LT-20260328-091741
2026-03-28 09:31:39.842,1,PO,107975,1,0,494,838.1,LT-20260328-091741
2026-03-28 09:31:40.337,1,PO,107976,1,0,493,838.6,LT-20260328-091741
2026-03-28 09:31:40.833,1,PO,107977,1,0,494,839.1,LT-20260328-091741
2026-03-28 09:31:41.316,1,PO,107978,1,0,480,839.6,LT-20260328-091741
2026-03-28 09:31:41.985,1,PO,107979,1,0,667,840.2,LT-20260328-091741
2026-03-28 09:31:42.675,1,PO,107980,1,0,688,840.9,LT-20260328-091741
2026-03-28 09:31:43.365,1,PO,107981,1,0,688,841.6,LT-20260328-091741
2026-03-28 09:31:44.105,1,PO,107982,1,0,737,842.3,LT-20260328-091741
2026-03-28 09:31:44.793,1,PO,107983,1,0,688,843,LT-20260328-091741
2026-03-28 09:31:45.456,1,PO,107984,1,0,660,843.7,LT-20260328-091741
2026-03-28 09:31:46.141,1,PO,107985,1,0,682,844.4,LT-20260328-091741
2026-03-28 09:31:46.879,1,PO,107986,1,0,736,845.1,LT-20260328-091741
2026-03-28 09:31:47.544,1,PO,107987,1,0,662,845.8,LT-20260328-091741
2026-03-28 09:31:48.241,1,PO,107988,1,0,694,846.5,LT-20260328-091741
2026-03-28 09:31:48.919,1,PO,107989,1,0,675,847.2,LT-20260328-091741
2026-03-28 09:31:49.610,1,PO,107990,1,0,689,847.9,LT-20260328-091741
2026-03-28 09:31:50.335,1,PO,107991,1,0,722,848.6,LT-20260328-091741
2026-03-28 09:31:51.031,1,PO,107992,1,0,694,849.3,LT-20260328-091741
2026-03-28 09:31:51.729,1,PO,107993,1,0,696,850,LT-20260328-091741
2026-03-28 09:31:52.396,1,PO,107994,1,0,666,850.6,LT-20260328-091741
2026-03-28 09:31:53.108,1,PO,107995,1,0,709,851.4,LT-20260328-091741
2026-03-28 09:31:53.817,1,PO,107996,1,0,707,852.1,LT-20260328-091741
2026-03-28 09:31:54.512,1,PO,107997,1,0,693,852.8,LT-20260328-091741
2026-03-28 09:31:55.194,1,PO,107998,1,0,680,853.4,LT-20260328-091741
2026-03-28 09:31:55.867,1,PO,107999,1,0,672,854.1,LT-20260328-091741
2026-03-28 09:31:56.542,1,PO,108000,1,0,673,854.8,LT-20260328-091741
2026-03-28 09:31:57.209,1,PO,108001,1,0,664,855.5,LT-20260328-091741
2026-03-28 09:31:57.889,1,PO,108002,1,0,678,856.1,LT-20260328-091741
2026-03-28 09:31:58.563,1,PO,108003,1,0,672,856.8,LT-20260328-091741
2026-03-28 09:31:59.247,1,PO,108004,1,0,682,857.5,LT-20260328-091741
2026-03-28 09:31:59.925,1,PO,108005,1,0,677,858.2,LT-20260328-091741
2026-03-28 09:32:00.609,1,PO,108006,1,0,681,858.9,LT-20260328-091741
2026-03-28 09:32:01.274,1,PO,108007,1,0,663,859.5,LT-20260328-091741
2026-03-28 09:32:01.981,1,PO,108008,1,0,705,860.2,LT-20260328-091741
2026-03-28 09:32:02.662,1,PO,108009,1,0,678,860.9,LT-20260328-091741
2026-03-28 09:32:03.353,1,PO,108010,1,0,690,861.6,LT-20260328-091741
2026-03-28 09:32:04.038,1,PO,108011,1,0,683,862.3,LT-20260328-091741
2026-03-28 09:32:04.794,1,PO,108012,1,0,754,863,LT-20260328-091741
2026-03-28 09:32:05.476,1,PO,108013,1,0,680,863.7,LT-20260328-091741
2026-03-28 09:32:06.146,1,PO,108014,1,0,667,864.4,LT-20260328-091741
2026-03-28 09:32:06.829,1,PO,108015,1,0,682,865.1,LT-20260328-091741
2026-03-28 09:32:07.526,1,PO,108016,1,0,695,865.8,LT-20260328-091741
2026-03-28 09:32:08.198,1,PO,108017,1,0,669,866.4,LT-20260328-091741
2026-03-28 09:32:08.870,1,PO,108018,1,0,671,867.1,LT-20260328-091741
2026-03-28 09:32:09.546,1,PO,108019,1,0,674,867.8,LT-20260328-091741
2026-03-28 09:32:10.219,1,PO,108020,1,0,671,868.5,LT-20260328-091741
2026-03-28 09:32:10.891,1,PO,108021,1,0,669,869.1,LT-20260328-091741
2026-03-28 09:32:11.569,1,PO,108022,1,0,675,869.8,LT-20260328-091741
2026-03-28 09:32:12.239,1,PO,108023,1,0,668,870.5,LT-20260328-091741
2026-03-28 09:32:12.919,1,PO,108024,1,0,676,871.2,LT-20260328-091741
2026-03-28 09:32:13.612,1,PO,108025,1,0,690,871.9,LT-20260328-091741
2026-03-28 09:32:14.304,1,PO,108026,1,0,690,872.5,LT-20260328-091741
2026-03-28 09:32:15.014,1,PO,108027,1,0,707,873.3,LT-20260328-091741
2026-03-28 09:32:15.692,1,PO,108028,1,0,676,873.9,LT-20260328-091741
2026-03-28 09:32:16.363,1,PO,108029,1,0,669,874.6,LT-20260328-091741
2026-03-28 09:32:17.040,1,PO,108030,1,0,675,875.3,LT-20260328-091741
2026-03-28 09:32:17.720,1,PO,108031,1,0,677,876,LT-20260328-091741
2026-03-28 09:32:18.424,1,PO,108032,1,0,702,876.7,LT-20260328-091741
2026-03-28 09:32:19.095,1,PO,108033,1,0,668,877.3,LT-20260328-091741
2026-03-28 09:32:19.765,1,PO,108034,1,0,668,878,LT-20260328-091741
2026-03-28 09:32:20.438,1,PO,108035,1,0,670,878.7,LT-20260328-091741
2026-03-28 09:32:21.105,1,PO,108036,1,0,665,879.3,LT-20260328-091741
2026-03-28 09:32:21.675,1,PO,108037,1,0,568,879.9,LT-20260328-091741
2026-03-28 09:32:22.166,1,PO,108038,1,0,489,880.4,LT-20260328-091741
2026-03-28 09:32:22.649,1,PO,108039,1,0,481,880.9,LT-20260328-091741
2026-03-28 09:32:23.129,1,PO,108040,1,0,478,881.4,LT-20260328-091741
2026-03-28 09:32:23.658,1,PO,108041,1,0,527,881.9,LT-20260328-091741
2026-03-28 09:32:24.139,1,PO,108042,1,0,479,882.4,LT-20260328-091741
2026-03-28 09:32:24.621,1,PO,108043,1,0,480,882.9,LT-20260328-091741
2026-03-28 09:32:25.137,1,PO,108044,1,0,514,883.4,LT-20260328-091741
2026-03-28 09:32:25.625,1,PO,108045,1,0,486,883.9,LT-20260328-091741
2026-03-28 09:32:26.119,1,PO,108046,1,0,493,884.4,LT-20260328-091741
2026-03-28 09:32:26.622,1,PO,108047,1,0,501,884.9,LT-20260328-091741
2026-03-28 09:32:27.104,1,PO,108048,1,0,480,885.3,LT-20260328-091741
2026-03-28 09:32:27.592,1,PO,108049,1,0,485,885.8,LT-20260328-091741
2026-03-28 09:32:28.065,1,PO,108050,1,0,471,886.3,LT-20260328-091741
2026-03-28 09:32:28.566,1,PO,108051,1,0,499,886.8,LT-20260328-091741
2026-03-28 09:32:29.040,1,PO,108052,1,0,471,887.3,LT-20260328-091741
2026-03-28 09:32:29.519,1,PO,108053,1,0,476,887.8,LT-20260328-091741
2026-03-28 09:32:30.009,1,PO,108054,1,0,488,888.3,LT-20260328-091741
2026-03-28 09:32:30.619,1,PO,108055,1,0,608,888.9,LT-20260328-091741
2026-03-28 09:32:31.139,1,PO,108056,1,0,518,889.4,LT-20260328-091741
2026-03-28 09:32:31.660,1,PO,108057,1,0,518,889.9,LT-20260328-091741
2026-03-28 09:32:32.440,1,PO,108058,1,0,778,890.7,LT-20260328-091741
2026-03-28 09:32:32.960,1,PO,108059,1,0,519,891.2,LT-20260328-091741
2026-03-28 09:32:33.450,1,PO,108060,1,0,488,891.7,LT-20260328-091741
2026-03-28 09:32:33.943,1,PO,108061,1,0,490,892.2,LT-20260328-091741
2026-03-28 09:32:34.434,1,PO,108062,1,0,488,892.7,LT-20260328-091741
2026-03-28 09:32:34.930,1,PO,108063,1,0,494,893.2,LT-20260328-091741
2026-03-28 09:32:35.418,1,PO,108064,1,0,484,893.7,LT-20260328-091741
2026-03-28 09:32:35.898,1,PO,108065,1,0,478,894.1,LT-20260328-091741
2026-03-28 09:32:36.397,1,PO,108066,1,0,496,894.6,LT-20260328-091741
2026-03-28 09:32:36.921,1,PO,108067,1,0,523,895.2,LT-20260328-091741
2026-03-28 09:32:37.433,1,PO,108068,1,0,510,895.7,LT-20260328-091741
2026-03-28 09:32:37.925,1,PO,108069,1,0,490,896.2,LT-20260328-091741
2026-03-28 09:32:38.422,1,PO,108070,1,0,495,896.7,LT-20260328-091741
2026-03-28 09:32:38.911,1,PO,108071,1,0,486,897.2,LT-20260328-091741
2026-03-28 09:32:39.415,1,PO,108072,1,0,501,897.7,LT-20260328-091741
2026-03-28 09:32:39.905,1,PO,108073,1,0,489,898.2,LT-20260328-091741
2026-03-28 09:32:40.425,1,PO,108074,1,0,518,898.7,LT-20260328-091741
2026-03-28 09:32:40.929,1,PO,108075,1,0,502,899.2,LT-20260328-091741
2026-03-28 09:32:41.414,1,PO,108076,1,0,482,899.7,LT-20260328-091741
2026-03-28 09:32:42.070,1,PO,108077,1,0,653,900.3,LT-20260328-091741
2026-03-28 09:32:42.769,1,PO,108078,1,0,697,901,LT-20260328-091741
2026-03-28 09:32:43.502,1,PO,108079,1,0,732,901.7,LT-20260328-091741
2026-03-28 09:32:44.223,1,PO,108080,1,0,718,902.5,LT-20260328-091741
2026-03-28 09:32:44.971,1,PO,108081,1,0,745,903.2,LT-20260328-091741
2026-03-28 09:32:45.680,1,PO,108082,1,0,706,903.9,LT-20260328-091741
2026-03-28 09:32:46.362,1,PO,108083,1,0,679,904.6,LT-20260328-091741
2026-03-28 09:32:47.508,1,PO,108084,1,0,1144,905.8,LT-20260328-091741
2026-03-28 09:32:48.210,1,PO,108085,1,0,700,906.5,LT-20260328-091741
2026-03-28 09:32:48.903,1,PO,108086,1,0,690,907.1,LT-20260328-091741
2026-03-28 09:32:49.597,1,PO,108087,1,0,693,907.8,LT-20260328-091741
2026-03-28 09:32:50.267,1,PO,108088,1,0,667,908.5,LT-20260328-091741
2026-03-28 09:32:50.962,1,PO,108089,1,0,694,909.2,LT-20260328-091741
2026-03-28 09:32:51.602,1,PO,108090,1,0,639,909.8,LT-20260328-091741
2026-03-28 09:32:52.081,1,PO,108091,1,0,475,910.3,LT-20260328-091741
2026-03-28 09:32:52.567,1,PO,108092,1,0,484,910.8,LT-20260328-091741
2026-03-28 09:32:53.063,1,PO,108093,1,0,494,911.3,LT-20260328-091741
2026-03-28 09:32:53.579,1,PO,108094,1,0,513,911.8,LT-20260328-091741
2026-03-28 09:32:54.076,1,PO,108095,1,0,495,912.3,LT-20260328-091741
2026-03-28 09:32:54.584,1,PO,108096,1,0,506,912.8,LT-20260328-091741
2026-03-28 09:32:55.083,1,PO,108097,1,0,498,913.3,LT-20260328-091741
2026-03-28 09:32:55.593,1,PO,108098,1,0,506,913.8,LT-20260328-091741
2026-03-28 09:32:56.150,1,PO,108099,1,0,555,914.4,LT-20260328-091741
2026-03-28 09:32:56.641,1,PO,108100,1,0,489,914.9,LT-20260328-091741
2026-03-28 09:32:57.138,1,PO,108101,1,0,495,915.4,LT-20260328-091741
2026-03-28 09:32:57.626,1,PO,108102,1,0,485,915.9,LT-20260328-091741
2026-03-28 09:32:58.110,1,PO,108103,1,0,482,916.4,LT-20260328-091741
2026-03-28 09:32:58.602,1,PO,108104,1,0,489,916.8,LT-20260328-091741
2026-03-28 09:32:59.090,1,PO,108105,1,0,486,917.3,LT-20260328-091741
2026-03-28 09:32:59.598,1,PO,108106,1,0,506,917.8,LT-20260328-091741
2026-03-28 09:33:00.089,1,PO,108107,1,0,489,918.3,LT-20260328-091741
2026-03-28 09:33:00.599,1,PO,108108,1,0,507,918.8,LT-20260328-091741
2026-03-28 09:33:01.070,1,PO,108109,1,0,468,919.3,LT-20260328-091741
2026-03-28 09:33:01.618,1,PO,108110,1,0,545,919.9,LT-20260328-091741
2026-03-28 09:33:02.293,1,PO,108111,1,0,674,920.5,LT-20260328-091741
2026-03-28 09:33:02.988,1,PO,108112,1,0,692,921.2,LT-20260328-091741
2026-03-28 09:33:03.664,1,PO,108113,1,0,674,921.9,LT-20260328-091741
2026-03-28 09:33:04.352,1,PO,108114,1,0,686,922.6,LT-20260328-091741
2026-03-28 09:33:05.039,1,PO,108115,1,0,684,923.3,LT-20260328-091741
2026-03-28 09:33:05.740,1,PO,108116,1,0,699,924,LT-20260328-091741
2026-03-28 09:33:06.434,1,PO,108117,1,0,692,924.7,LT-20260328-091741
2026-03-28 09:33:07.115,1,PO,108118,1,0,678,925.4,LT-20260328-091741
2026-03-28 09:33:07.794,1,PO,108119,1,0,677,926,LT-20260328-091741
2026-03-28 09:33:08.484,1,PO,108120,1,0,687,926.7,LT-20260328-091741
2026-03-28 09:33:09.167,1,PO,108121,1,0,681,927.4,LT-20260328-091741
2026-03-28 09:33:09.859,1,PO,108122,1,0,690,928.1,LT-20260328-091741
2026-03-28 09:33:10.541,1,PO,108123,1,0,679,928.8,LT-20260328-091741
2026-03-28 09:33:11.217,1,PO,108124,1,0,674,929.5,LT-20260328-091741
2026-03-28 09:33:11.815,1,PO,108125,1,0,595,930.1,LT-20260328-091741
2026-03-28 09:33:12.291,1,PO,108126,1,0,474,930.5,LT-20260328-091741
2026-03-28 09:33:12.760,1,PO,108127,1,0,465,931,LT-20260328-091741
2026-03-28 09:33:13.264,1,PO,108128,1,0,501,931.5,LT-20260328-091741
2026-03-28 09:33:13.764,1,PO,108129,1,0,499,932,LT-20260328-091741
2026-03-28 09:33:14.259,1,PO,108130,1,0,492,932.5,LT-20260328-091741
2026-03-28 09:33:14.755,1,PO,108131,1,0,493,933,LT-20260328-091741
2026-03-28 09:33:15.242,1,PO,108132,1,0,485,933.5,LT-20260328-091741
2026-03-28 09:33:15.733,1,PO,108133,1,0,489,934,LT-20260328-091741
2026-03-28 09:33:16.242,1,PO,108134,1,0,507,934.5,LT-20260328-091741
2026-03-28 09:33:16.762,1,PO,108135,1,0,518,935,LT-20260328-091741
2026-03-28 09:33:17.260,1,PO,108136,1,0,496,935.5,LT-20260328-091741
2026-03-28 09:33:17.762,1,PO,108137,1,0,500,936,LT-20260328-091741
2026-03-28 09:33:18.248,1,PO,108138,1,0,483,936.5,LT-20260328-091741
2026-03-28 09:33:18.777,1,PO,108139,1,0,527,937,LT-20260328-091741
2026-03-28 09:33:19.345,1,PO,108140,1,0,567,937.6,LT-20260328-091741
2026-03-28 09:33:19.922,1,PO,108141,1,0,575,938.2,LT-20260328-091741
2026-03-28 09:33:20.485,1,PO,108142,1,0,561,938.7,LT-20260328-091741
2026-03-28 09:33:21.064,1,PO,108143,1,0,577,939.3,LT-20260328-091741
2026-03-28 09:33:21.629,1,PO,108144,1,0,563,939.9,LT-20260328-091741
2026-03-28 09:33:22.130,1,PO,108145,1,0,499,940.4,LT-20260328-091741
2026-03-28 09:33:22.673,1,PO,108146,1,0,541,940.9,LT-20260328-091741
2026-03-28 09:33:23.241,1,PO,108147,1,0,566,941.5,LT-20260328-091741
2026-03-28 09:33:23.782,1,PO,108148,1,0,538,942,LT-20260328-091741
2026-03-28 09:33:24.273,1,PO,108149,1,0,489,942.5,LT-20260328-091741
2026-03-28 09:33:24.745,1,PO,108150,1,0,469,943,LT-20260328-091741
2026-03-28 09:33:25.233,1,PO,108151,1,0,486,943.5,LT-20260328-091741
2026-03-28 09:33:25.740,1,PO,108152,1,0,505,944,LT-20260328-091741
2026-03-28 09:33:26.238,1,PO,108153,1,0,496,944.5,LT-20260328-091741
2026-03-28 09:33:26.734,1,PO,108154,1,0,495,945,LT-20260328-091741
2026-03-28 09:33:27.255,1,PO,108155,1,0,519,945.5,LT-20260328-091741
2026-03-28 09:33:27.745,1,PO,108156,1,0,488,946,LT-20260328-091741
2026-03-28 09:33:28.233,1,PO,108157,1,0,485,946.5,LT-20260328-091741
2026-03-28 09:33:28.754,1,PO,108158,1,0,519,947,LT-20260328-091741
2026-03-28 09:33:29.266,1,PO,108159,1,0,510,947.5,LT-20260328-091741
2026-03-28 09:33:29.766,1,PO,108160,1,0,498,948,LT-20260328-091741
2026-03-28 09:33:30.260,1,PO,108161,1,0,492,948.5,LT-20260328-091741
2026-03-28 09:33:30.756,1,PO,108162,1,0,494,949,LT-20260328-091741
2026-03-28 09:33:31.256,1,PO,108163,1,0,498,949.5,LT-20260328-091741
2026-03-28 09:33:31.960,1,PO,108164,1,0,701,950.2,LT-20260328-091741
2026-03-28 09:33:32.642,1,PO,108165,1,0,681,950.9,LT-20260328-091741
2026-03-28 09:33:33.314,1,PO,108166,1,0,669,951.6,LT-20260328-091741
2026-03-28 09:33:34.032,1,PO,108167,1,0,717,952.3,LT-20260328-091741
2026-03-28 09:33:34.704,1,PO,108168,1,0,671,952.9,LT-20260328-091741
2026-03-28 09:33:35.387,1,PO,108169,1,0,681,953.6,LT-20260328-091741
2026-03-28 09:33:36.096,1,PO,108170,1,0,707,954.3,LT-20260328-091741
2026-03-28 09:33:36.785,1,PO,108171,1,0,688,955,LT-20260328-091741
2026-03-28 09:33:37.470,1,PO,108172,1,0,683,955.7,LT-20260328-091741
2026-03-28 09:33:38.137,1,PO,108173,1,0,665,956.4,LT-20260328-091741
2026-03-28 09:33:38.834,1,PO,108174,1,0,693,957.1,LT-20260328-091741
2026-03-28 09:33:39.504,1,PO,108175,1,0,668,957.7,LT-20260328-091741
2026-03-28 09:33:40.175,1,PO,108176,1,0,669,958.4,LT-20260328-091741
2026-03-28 09:33:40.864,1,PO,108177,1,0,686,959.1,LT-20260328-091741
2026-03-28 09:33:41.490,1,PO,108178,1,0,624,959.7,LT-20260328-091741
2026-03-28 09:33:41.996,1,PO,108179,1,0,503,960.2,LT-20260328-091741
2026-03-28 09:33:42.482,1,PO,108180,1,0,484,960.7,LT-20260328-091741
2026-03-28 09:33:42.978,1,PO,108181,1,0,495,961.2,LT-20260328-091741
2026-03-28 09:33:43.502,1,PO,108182,1,0,519,961.7,LT-20260328-091741
2026-03-28 09:33:44.057,1,PO,108183,1,0,550,962.3,LT-20260328-091741
2026-03-28 09:33:44.590,1,PO,108184,1,0,530,962.8,LT-20260328-091741
2026-03-28 09:33:45.103,1,PO,108185,1,0,511,963.3,LT-20260328-091741
2026-03-28 09:33:45.643,1,PO,108186,1,0,536,963.9,LT-20260328-091741
2026-03-28 09:33:46.142,1,PO,108187,1,0,495,964.4,LT-20260328-091741
2026-03-28 09:33:46.651,1,PO,108188,1,0,505,964.9,LT-20260328-091741
2026-03-28 09:33:47.168,1,PO,108189,1,0,514,965.4,LT-20260328-091741
2026-03-28 09:33:47.704,1,PO,108190,1,0,532,965.9,LT-20260328-091741
2026-03-28 09:33:48.224,1,PO,108191,1,0,516,966.5,LT-20260328-091741
2026-03-28 09:33:48.760,1,PO,108192,1,0,532,967,LT-20260328-091741
2026-03-28 09:33:49.268,1,PO,108193,1,0,505,967.5,LT-20260328-091741
2026-03-28 09:33:49.978,1,PO,108194,1,0,706,968.2,LT-20260328-091741
2026-03-28 09:33:50.498,1,PO,108195,1,0,516,968.7,LT-20260328-091741
2026-03-28 09:33:51.024,1,PO,108196,1,0,523,969.3,LT-20260328-091741
2026-03-28 09:33:51.597,1,PO,108197,1,0,570,969.8,LT-20260328-091741
2026-03-28 09:33:52.289,1,PO,108198,1,0,689,970.5,LT-20260328-091741
2026-03-28 09:33:52.999,1,PO,108199,1,0,708,971.2,LT-20260328-091741
2026-03-28 09:33:53.717,1,PO,108200,1,0,715,972,LT-20260328-091741
2026-03-28 09:33:54.419,1,PO,108201,1,0,700,972.7,LT-20260328-091741
2026-03-28 09:33:55.121,1,PO,108202,1,0,699,973.4,LT-20260328-091741
2026-03-28 09:33:55.818,1,PO,108203,1,0,695,974.1,LT-20260328-091741
2026-03-28 09:33:56.536,1,PO,108204,1,0,714,974.8,LT-20260328-091741
2026-03-28 09:33:57.214,1,PO,108205,1,0,675,975.5,LT-20260328-091741
2026-03-28 09:33:57.896,1,PO,108206,1,0,680,976.1,LT-20260328-091741
2026-03-28 09:33:58.603,1,PO,108207,1,0,705,976.8,LT-20260328-091741
2026-03-28 09:33:59.342,1,PO,108208,1,0,736,977.6,LT-20260328-091741
2026-03-28 09:34:00.031,1,PO,108209,1,0,687,978.3,LT-20260328-091741
2026-03-28 09:34:00.723,1,PO,108210,1,0,688,979,LT-20260328-091741
2026-03-28 09:34:01.411,1,PO,108211,1,0,686,979.7,LT-20260328-091741
2026-03-28 09:34:02.091,1,PO,108212,1,0,679,980.3,LT-20260328-091741
2026-03-28 09:34:02.788,1,PO,108213,1,0,694,981,LT-20260328-091741
2026-03-28 09:34:03.488,1,PO,108214,1,0,698,981.7,LT-20260328-091741
2026-03-28 09:34:04.168,1,PO,108215,1,0,679,982.4,LT-20260328-091741
2026-03-28 09:34:04.890,1,PO,108216,1,0,717,983.1,LT-20260328-091741
2026-03-28 09:34:05.620,1,PO,108217,1,0,728,983.9,LT-20260328-091741
2026-03-28 09:34:06.302,1,PO,108218,1,0,678,984.5,LT-20260328-091741
2026-03-28 09:34:06.990,1,PO,108219,1,0,687,985.2,LT-20260328-091741
2026-03-28 09:34:07.680,1,PO,108220,1,0,687,985.9,LT-20260328-091741
2026-03-28 09:34:08.356,1,PO,108221,1,0,672,986.6,LT-20260328-091741
2026-03-28 09:34:09.043,1,PO,108222,1,0,686,987.3,LT-20260328-091741
2026-03-28 09:34:09.751,1,PO,108223,1,0,704,988,LT-20260328-091741
2026-03-28 09:34:10.443,1,PO,108224,1,0,688,988.7,LT-20260328-091741
2026-03-28 09:34:11.158,1,PO,108225,1,0,714,989.4,LT-20260328-091741
2026-03-28 09:34:11.870,1,PO,108226,1,0,708,990.1,LT-20260328-091741
2026-03-28 09:34:12.542,1,PO,108227,1,0,668,990.8,LT-20260328-091741
2026-03-28 09:34:13.210,1,PO,108228,1,0,666,991.5,LT-20260328-091741
2026-03-28 09:34:13.951,1,PO,108229,1,0,738,992.2,LT-20260328-091741
2026-03-28 09:34:14.658,1,PO,108230,1,0,704,992.9,LT-20260328-091741
2026-03-28 09:34:15.340,1,PO,108231,1,0,681,993.6,LT-20260328-091741
2026-03-28 09:34:16.029,1,PO,108232,1,0,687,994.3,LT-20260328-091741
2026-03-28 09:34:16.719,1,PO,108233,1,0,688,995,LT-20260328-091741
2026-03-28 09:34:17.418,1,PO,108234,1,0,694,995.7,LT-20260328-091741
2026-03-28 09:34:18.109,1,PO,108235,1,0,689,996.4,LT-20260328-091741
2026-03-28 09:34:18.798,1,PO,108236,1,0,686,997,LT-20260328-091741
2026-03-28 09:34:19.492,1,PO,108237,1,0,690,997.7,LT-20260328-091741
2026-03-28 09:34:20.182,1,PO,108238,1,0,688,998.4,LT-20260328-091741
2026-03-28 09:34:20.897,1,PO,108239,1,0,711,999.1,LT-20260328-091741
2026-03-28 09:34:21.623,1,PO,108240,1,0,723,999.9,LT-20260328-091741
2026-03-28 09:34:22.329,1,PO,108241,1,0,700,1000.6,LT-20260328-091741
2026-03-28 09:34:23.032,1,PO,108242,1,0,701,1001.3,LT-20260328-091741
2026-03-28 09:34:23.736,1,PO,108243,1,0,702,1002,LT-20260328-091741
2026-03-28 09:34:24.457,1,PO,108244,1,0,717,1002.7,LT-20260328-091741
2026-03-28 09:34:25.170,1,PO,108245,1,0,710,1003.4,LT-20260328-091741
2026-03-28 09:34:26.281,1,PO,108246,1,0,1110,1004.5,LT-20260328-091741
2026-03-28 09:34:27.517,1,PO,108247,1,0,1233,1005.8,LT-20260328-091741
2026-03-28 09:34:28.301,1,PO,108248,1,0,780,1006.5,LT-20260328-091741
2026-03-28 09:34:29.010,1,PO,108249,1,0,706,1007.3,LT-20260328-091741
2026-03-28 09:34:29.697,1,PO,108250,1,0,683,1007.9,LT-20260328-091741
2026-03-28 09:34:30.363,1,PO,108251,1,0,664,1008.6,LT-20260328-091741
2026-03-28 09:34:31.027,1,PO,108252,1,0,663,1009.3,LT-20260328-091741
2026-03-28 09:34:31.710,1,PO,108253,1,0,679,1010,LT-20260328-091741
2026-03-28 09:34:32.432,1,PO,108254,1,0,719,1010.7,LT-20260328-091741
2026-03-28 09:34:33.183,1,PO,108255,1,0,749,1011.4,LT-20260328-091741
2026-03-28 09:34:33.883,1,PO,108256,1,0,697,1012.1,LT-20260328-091741
2026-03-28 09:34:34.568,1,PO,108257,1,0,682,1012.8,LT-20260328-091741
2026-03-28 09:34:35.257,1,PO,108258,1,0,686,1013.5,LT-20260328-091741
2026-03-28 09:34:35.916,1,PO,108259,1,0,658,1014.2,LT-20260328-091741
2026-03-28 09:34:36.672,1,PO,108260,1,0,752,1014.9,LT-20260328-091741
2026-03-28 09:34:37.373,1,PO,108261,1,0,699,1015.6,LT-20260328-091741
2026-03-28 09:34:38.045,1,PO,108262,1,0,670,1016.3,LT-20260328-091741
2026-03-28 09:34:38.750,1,PO,108263,1,0,703,1017,LT-20260328-091741
2026-03-28 09:34:39.456,1,PO,108264,1,0,703,1017.7,LT-20260328-091741
2026-03-28 09:34:40.151,1,PO,108265,1,0,693,1018.4,LT-20260328-091741
2026-03-28 09:34:40.841,1,PO,108266,1,0,686,1019.1,LT-20260328-091741
2026-03-28 09:34:41.776,1,PO,108267,1,0,933,1020,LT-20260328-091741
2026-03-28 09:34:42.478,1,PO,108268,1,0,699,1020.7,LT-20260328-091741
2026-03-28 09:34:43.157,1,PO,108269,1,0,678,1021.4,LT-20260328-091741
2026-03-28 09:34:43.847,1,PO,108270,1,0,689,1022.1,LT-20260328-091741
2026-03-28 09:34:44.554,1,PO,108271,1,0,705,1022.8,LT-20260328-091741
2026-03-28 09:34:45.276,1,PO,108272,1,0,719,1023.5,LT-20260328-091741
2026-03-28 09:34:46.062,1,PO,108273,1,0,783,1024.3,LT-20260328-091741
2026-03-28 09:34:47.626,1,PO,108274,1,0,1561,1025.9,LT-20260328-091741
2026-03-28 09:34:48.322,1,PO,108275,1,0,693,1026.6,LT-20260328-091741
2026-03-28 09:34:48.983,1,PO,108276,1,0,660,1027.2,LT-20260328-091741
2026-03-28 09:34:49.716,1,PO,108277,1,0,730,1028,LT-20260328-091741
2026-03-28 09:34:50.421,1,PO,108278,1,0,702,1028.7,LT-20260328-091741
2026-03-28 09:34:51.120,1,PO,108279,1,0,698,1029.4,LT-20260328-091741
2026-03-28 09:34:51.831,1,PO,108280,1,0,708,1030.1,LT-20260328-091741
2026-03-28 09:34:52.521,1,PO,108281,1,0,686,1030.8,LT-20260328-091741
2026-03-28 09:34:53.219,1,PO,108282,1,0,697,1031.5,LT-20260328-091741
2026-03-28 09:34:53.928,1,PO,108283,1,0,706,1032.2,LT-20260328-091741
2026-03-28 09:34:54.663,1,PO,108284,1,0,732,1032.9,LT-20260328-091741
2026-03-28 09:34:55.334,1,PO,108285,1,0,670,1033.6,LT-20260328-091741
2026-03-28 09:34:56.027,1,PO,108286,1,0,689,1034.3,LT-20260328-091741
2026-03-28 09:34:56.807,1,PO,108287,1,0,777,1035.1,LT-20260328-091741
2026-03-28 09:34:57.504,1,PO,108288,1,0,693,1035.7,LT-20260328-091741
2026-03-28 09:34:58.186,1,PO,108289,1,0,680,1036.4,LT-20260328-091741
2026-03-28 09:34:58.877,1,PO,108290,1,0,687,1037.1,LT-20260328-091741
2026-03-28 09:34:59.577,1,PO,108291,1,0,698,1037.8,LT-20260328-091741
2026-03-28 09:35:00.284,1,PO,108292,1,0,706,1038.5,LT-20260328-091741
2026-03-28 09:35:00.964,1,PO,108293,1,0,676,1039.2,LT-20260328-091741
2026-03-28 09:35:01.640,1,PO,108294,1,0,672,1039.9,LT-20260328-091741
2026-03-28 09:35:02.153,1,PO,108295,1,0,509,1040.4,LT-20260328-091741
2026-03-28 09:35:02.703,1,PO,108296,1,0,549,1040.9,LT-20260328-091741
2026-03-28 09:35:03.187,1,PO,108297,1,0,482,1041.4,LT-20260328-091741
2026-03-28 09:35:03.646,1,PO,108298,1,0,458,1041.9,LT-20260328-091741
2026-03-28 09:35:04.138,1,PO,108299,1,0,490,1042.4,LT-20260328-091741
2026-03-28 09:35:04.629,1,PO,108300,1,0,488,1042.9,LT-20260328-091741
2026-03-28 09:35:05.136,1,PO,108301,1,0,504,1043.4,LT-20260328-091741
2026-03-28 09:35:05.650,1,PO,108302,1,0,511,1043.9,LT-20260328-091741
2026-03-28 09:35:06.195,1,PO,108303,1,0,541,1044.4,LT-20260328-091741
2026-03-28 09:35:06.733,1,PO,108304,1,0,533,1045,LT-20260328-091741
2026-03-28 09:35:07.240,1,PO,108305,1,0,504,1045.5,LT-20260328-091741
2026-03-28 09:35:07.740,1,PO,108306,1,0,497,1046,LT-20260328-091741
2026-03-28 09:35:08.265,1,PO,108307,1,0,522,1046.5,LT-20260328-091741
2026-03-28 09:35:08.779,1,PO,108308,1,0,510,1047,LT-20260328-091741
2026-03-28 09:35:09.322,1,PO,108309,1,0,540,1047.6,LT-20260328-091741
2026-03-28 09:35:09.836,1,PO,108310,1,0,511,1048.1,LT-20260328-091741
2026-03-28 09:35:10.327,1,PO,108311,1,0,490,1048.6,LT-20260328-091741
2026-03-28 09:35:10.852,1,PO,108312,1,0,523,1049.1,LT-20260328-091741
2026-03-28 09:35:11.348,1,PO,108313,1,0,493,1049.6,LT-20260328-091741
2026-03-28 09:35:12.032,1,PO,108314,1,0,680,1050.3,LT-20260328-091741
2026-03-28 09:35:12.703,1,PO,108315,1,0,669,1050.9,LT-20260328-091741
2026-03-28 09:35:13.403,1,PO,108316,1,0,698,1051.6,LT-20260328-091741
2026-03-28 09:35:14.114,1,PO,108317,1,0,708,1052.4,LT-20260328-091741
2026-03-28 09:35:14.793,1,PO,108318,1,0,676,1053,LT-20260328-091741
2026-03-28 09:35:15.459,1,PO,108319,1,0,665,1053.7,LT-20260328-091741
2026-03-28 09:35:16.133,1,PO,108320,1,0,671,1054.4,LT-20260328-091741
2026-03-28 09:35:16.844,1,PO,108321,1,0,709,1055.1,LT-20260328-091741
2026-03-28 09:35:17.537,1,PO,108322,1,0,690,1055.8,LT-20260328-091741
2026-03-28 09:35:18.229,1,PO,108323,1,0,690,1056.5,LT-20260328-091741
2026-03-28 09:35:18.926,1,PO,108324,1,0,694,1057.2,LT-20260328-091741
2026-03-28 09:35:19.675,1,PO,108325,1,0,746,1057.9,LT-20260328-091741
2026-03-28 09:35:20.394,1,PO,108326,1,0,716,1058.6,LT-20260328-091741
2026-03-28 09:35:21.080,1,PO,108327,1,0,683,1059.3,LT-20260328-091741
2026-03-28 09:35:21.786,1,PO,108328,1,0,704,1060,LT-20260328-091741
2026-03-28 09:35:22.515,1,PO,108329,1,0,726,1060.8,LT-20260328-091741
2026-03-28 09:35:23.182,1,PO,108330,1,0,664,1061.4,LT-20260328-091741
2026-03-28 09:35:23.859,1,PO,108331,1,0,674,1062.1,LT-20260328-091741
2026-03-28 09:35:24.556,1,PO,108332,1,0,694,1062.8,LT-20260328-091741
2026-03-28 09:35:25.334,1,PO,108333,1,0,775,1063.6,LT-20260328-091741
2026-03-28 09:35:26.004,1,PO,108334,1,0,668,1064.2,LT-20260328-091741
2026-03-28 09:35:26.721,1,PO,108335,1,0,712,1065,LT-20260328-091741
2026-03-28 09:35:27.409,1,PO,108336,1,0,684,1065.7,LT-20260328-091741
2026-03-28 09:35:28.082,1,PO,108337,1,0,672,1066.3,LT-20260328-091741
2026-03-28 09:35:28.820,1,PO,108338,1,0,734,1067.1,LT-20260328-091741
2026-03-28 09:35:29.502,1,PO,108339,1,0,679,1067.7,LT-20260328-091741
2026-03-28 09:35:30.190,1,PO,108340,1,0,687,1068.4,LT-20260328-091741
2026-03-28 09:35:30.914,1,PO,108341,1,0,720,1069.2,LT-20260328-091741
2026-03-28 09:35:31.607,1,PO,108342,1,0,690,1069.9,LT-20260328-091741
2026-03-28 09:35:32.309,1,PO,108343,1,0,699,1070.6,LT-20260328-091741
2026-03-28 09:35:33.024,1,PO,108344,1,0,715,1071.3,LT-20260328-091741
2026-03-28 09:35:33.767,1,PO,108345,1,0,739,1072,LT-20260328-091741
2026-03-28 09:35:34.440,1,PO,108346,1,0,670,1072.7,LT-20260328-091741
2026-03-28 09:35:35.120,1,PO,108347,1,0,678,1073.4,LT-20260328-091741
2026-03-28 09:35:35.843,1,PO,108348,1,0,720,1074.1,LT-20260328-091741
2026-03-28 09:35:36.571,1,PO,108349,1,0,725,1074.8,LT-20260328-091741
2026-03-28 09:35:37.242,1,PO,108350,1,0,670,1075.5,LT-20260328-091741
2026-03-28 09:35:37.929,1,PO,108351,1,0,686,1076.2,LT-20260328-091741
2026-03-28 09:35:38.594,1,PO,108352,1,0,663,1076.8,LT-20260328-091741
2026-03-28 09:35:39.271,1,PO,108353,1,0,676,1077.5,LT-20260328-091741
2026-03-28 09:35:39.985,1,PO,108354,1,0,711,1078.2,LT-20260328-091741
2026-03-28 09:35:40.677,1,PO,108355,1,0,690,1078.9,LT-20260328-091741
2026-03-28 09:35:41.360,1,PO,108356,1,0,681,1079.6,LT-20260328-091741
2026-03-28 09:35:42.085,1,PO,108357,1,0,723,1080.3,LT-20260328-091741
2026-03-28 09:35:42.789,1,PO,108358,1,0,701,1081,LT-20260328-091741
2026-03-28 09:35:43.561,1,PO,108359,1,0,769,1081.8,LT-20260328-091741
2026-03-28 09:35:44.290,1,PO,108360,1,0,729,1082.5,LT-20260328-091741
2026-03-28 09:35:45.008,1,PO,108361,1,0,714,1083.3,LT-20260328-091741
2026-03-28 09:35:45.695,1,PO,108362,1,0,685,1083.9,LT-20260328-091741
2026-03-28 09:35:46.389,1,PO,108363,1,0,689,1084.6,LT-20260328-091741
2026-03-28 09:35:47.086,1,PO,108364,1,0,695,1085.3,LT-20260328-091741
2026-03-28 09:35:47.818,1,PO,108365,1,0,730,1086.1,LT-20260328-091741
2026-03-28 09:35:48.504,1,PO,108366,1,0,683,1086.7,LT-20260328-091741
2026-03-28 09:35:49.195,1,PO,108367,1,0,689,1087.4,LT-20260328-091741
2026-03-28 09:35:49.901,1,PO,108368,1,0,703,1088.1,LT-20260328-091741
2026-03-28 09:35:50.581,1,PO,108369,1,0,677,1088.8,LT-20260328-091741
2026-03-28 09:35:51.268,1,PO,108370,1,0,685,1089.5,LT-20260328-091741
2026-03-28 09:35:51.909,1,PO,108371,1,0,638,1090.2,LT-20260328-091741
2026-03-28 09:35:52.461,1,PO,108372,1,0,549,1090.7,LT-20260328-091741
2026-03-28 09:35:52.948,1,PO,108373,1,0,484,1091.2,LT-20260328-091741
2026-03-28 09:35:53.450,1,PO,108374,1,0,501,1091.7,LT-20260328-091741
2026-03-28 09:35:53.977,1,PO,108375,1,0,525,1092.2,LT-20260328-091741
2026-03-28 09:35:54.500,1,PO,108376,1,0,519,1092.7,LT-20260328-091741
2026-03-28 09:35:55.046,1,PO,108377,1,0,542,1093.3,LT-20260328-091741
2026-03-28 09:35:55.562,1,PO,108378,1,0,514,1093.8,LT-20260328-091741
2026-03-28 09:35:56.018,1,PO,108379,1,0,454,1094.3,LT-20260328-091741
2026-03-28 09:35:56.503,1,PO,108380,1,0,482,1094.7,LT-20260328-091741
2026-03-28 09:35:57.002,1,PO,108381,1,0,497,1095.2,LT-20260328-091741
2026-03-28 09:35:57.532,1,PO,108382,1,0,526,1095.8,LT-20260328-091741
2026-03-28 09:35:58.051,1,PO,108383,1,0,515,1096.3,LT-20260328-091741
2026-03-28 09:35:58.533,1,PO,108384,1,0,479,1096.8,LT-20260328-091741
2026-03-28 09:35:59.022,1,PO,108385,1,0,488,1097.3,LT-20260328-091741
2026-03-28 09:35:59.543,1,PO,108386,1,0,518,1097.8,LT-20260328-091741
2026-03-28 09:36:00.052,1,PO,108387,1,0,507,1098.3,LT-20260328-091741
2026-03-28 09:36:00.559,1,PO,108388,1,0,504,1098.8,LT-20260328-091741
2026-03-28 09:36:01.040,1,PO,108389,1,0,479,1099.3,LT-20260328-091741
2026-03-28 09:36:01.596,1,PO,108390,1,0,554,1099.8,LT-20260328-091741
2026-03-28 09:36:02.303,1,PO,108391,1,0,703,1100.5,LT-20260328-091741
2026-03-28 09:36:02.999,1,PO,108392,1,0,693,1101.2,LT-20260328-091741
2026-03-28 09:36:03.690,1,PO,108393,1,0,689,1101.9,LT-20260328-091741
2026-03-28 09:36:04.354,1,PO,108394,1,0,662,1102.6,LT-20260328-091741
2026-03-28 09:36:05.052,1,PO,108395,1,0,695,1103.3,LT-20260328-091741
2026-03-28 09:36:05.711,1,PO,108396,1,0,659,1104,LT-20260328-091741
2026-03-28 09:36:06.386,1,PO,108397,1,0,674,1104.6,LT-20260328-091741
2026-03-28 09:36:07.095,1,PO,108398,1,0,706,1105.3,LT-20260328-091741
2026-03-28 09:36:07.764,1,PO,108399,1,0,667,1106,LT-20260328-091741
2026-03-28 09:36:08.433,1,PO,108400,1,0,666,1106.7,LT-20260328-091741
2026-03-28 09:36:09.136,1,PO,108401,1,0,700,1107.4,LT-20260328-091741
2026-03-28 09:36:09.817,1,PO,108402,1,0,678,1108.1,LT-20260328-091741
2026-03-28 09:36:10.492,1,PO,108403,1,0,674,1108.7,LT-20260328-091741
2026-03-28 09:36:11.218,1,PO,108404,1,0,724,1109.5,LT-20260328-091741
2026-03-28 09:36:11.951,1,PO,108405,1,0,730,1110.2,LT-20260328-091741
2026-03-28 09:36:12.658,1,PO,108406,1,0,706,1110.9,LT-20260328-091741
2026-03-28 09:36:13.376,1,PO,108407,1,0,715,1111.6,LT-20260328-091741
2026-03-28 09:36:14.078,1,PO,108408,1,0,700,1112.3,LT-20260328-091741
2026-03-28 09:36:14.797,1,PO,108409,1,0,717,1113,LT-20260328-091741
2026-03-28 09:36:15.560,1,PO,108410,1,0,761,1113.8,LT-20260328-091741
2026-03-28 09:36:16.239,1,PO,108411,1,0,675,1114.5,LT-20260328-091741
2026-03-28 09:36:16.901,1,PO,108412,1,0,660,1115.1,LT-20260328-091741
2026-03-28 09:36:17.589,1,PO,108413,1,0,686,1115.8,LT-20260328-091741
2026-03-28 09:36:18.281,1,PO,108414,1,0,689,1116.5,LT-20260328-091741
2026-03-28 09:36:18.983,1,PO,108415,1,0,700,1117.2,LT-20260328-091741
2026-03-28 09:36:19.701,1,PO,108416,1,0,715,1117.9,LT-20260328-091741
2026-03-28 09:36:20.389,1,PO,108417,1,0,686,1118.6,LT-20260328-091741
2026-03-28 09:36:21.111,1,PO,108418,1,0,721,1119.4,LT-20260328-091741
2026-03-28 09:36:21.703,1,PO,108419,1,0,589,1119.9,LT-20260328-091741
2026-03-28 09:36:22.211,1,PO,108420,1,0,506,1120.5,LT-20260328-091741
2026-03-28 09:36:22.706,1,PO,108421,1,0,492,1121,LT-20260328-091741
2026-03-28 09:36:23.202,1,PO,108422,1,0,494,1121.4,LT-20260328-091741
2026-03-28 09:36:23.689,1,PO,108423,1,0,485,1121.9,LT-20260328-091741
2026-03-28 09:36:24.230,1,PO,108424,1,0,539,1122.5,LT-20260328-091741
2026-03-28 09:36:24.718,1,PO,108425,1,0,487,1123,LT-20260328-091741
2026-03-28 09:36:25.226,1,PO,108426,1,0,506,1123.5,LT-20260328-091741
2026-03-28 09:36:25.805,1,PO,108427,1,0,577,1124,LT-20260328-091741
2026-03-28 09:36:26.278,1,PO,108428,1,0,472,1124.5,LT-20260328-091741
2026-03-28 09:36:26.755,1,PO,108429,1,0,476,1125,LT-20260328-091741
2026-03-28 09:36:27.261,1,PO,108430,1,0,504,1125.5,LT-20260328-091741
2026-03-28 09:36:27.798,1,PO,108431,1,0,534,1126,LT-20260328-091741
2026-03-28 09:36:28.325,1,PO,108432,1,0,525,1126.6,LT-20260328-091741
2026-03-28 09:36:28.840,1,PO,108433,1,0,514,1127.1,LT-20260328-091741
2026-03-28 09:36:29.353,1,PO,108434,1,0,511,1127.6,LT-20260328-091741
2026-03-28 09:36:29.898,1,PO,108435,1,0,542,1128.1,LT-20260328-091741
2026-03-28 09:36:30.434,1,PO,108436,1,0,534,1128.7,LT-20260328-091741
2026-03-28 09:36:30.944,1,PO,108437,1,0,508,1129.2,LT-20260328-091741
2026-03-28 09:36:31.455,1,PO,108438,1,0,509,1129.7,LT-20260328-091741
2026-03-28 09:36:31.956,1,PO,108439,1,0,500,1130.2,LT-20260328-091741
2026-03-28 09:36:32.549,1,PO,108440,1,0,591,1130.8,LT-20260328-091741
2026-03-28 09:36:33.216,1,PO,108441,1,0,666,1131.5,LT-20260328-091741
2026-03-28 09:36:33.930,1,PO,108442,1,0,712,1132.2,LT-20260328-091741
2026-03-28 09:36:34.619,1,PO,108443,1,0,688,1132.9,LT-20260328-091741
2026-03-28 09:36:35.326,1,PO,108444,1,0,705,1133.6,LT-20260328-091741
2026-03-28 09:36:36.020,1,PO,108445,1,0,693,1134.3,LT-20260328-091741
2026-03-28 09:36:36.705,1,PO,108446,1,0,683,1134.9,LT-20260328-091741
2026-03-28 09:36:37.406,1,PO,108447,1,0,701,1135.7,LT-20260328-091741
2026-03-28 09:36:38.133,1,PO,108448,1,0,726,1136.4,LT-20260328-091741
2026-03-28 09:36:38.846,1,PO,108449,1,0,712,1137.1,LT-20260328-091741
2026-03-28 09:36:39.543,1,PO,108450,1,0,695,1137.8,LT-20260328-091741
2026-03-28 09:36:40.284,1,PO,108451,1,0,738,1138.5,LT-20260328-091741
2026-03-28 09:36:41.038,1,PO,108452,1,0,752,1139.3,LT-20260328-091741
2026-03-28 09:36:41.839,1,PO,108453,1,0,799,1140.1,LT-20260328-091741
2026-03-28 09:36:42.572,1,PO,108454,1,0,730,1140.8,LT-20260328-091741
2026-03-28 09:36:43.316,1,PO,108455,1,0,742,1141.6,LT-20260328-091741
2026-03-28 09:36:43.986,1,PO,108456,1,0,669,1142.2,LT-20260328-091741
2026-03-28 09:36:44.683,1,PO,108457,1,0,696,1142.9,LT-20260328-091741
2026-03-28 09:36:45.382,1,PO,108458,1,0,698,1143.6,LT-20260328-091741
2026-03-28 09:36:46.112,1,PO,108459,1,0,727,1144.4,LT-20260328-091741
2026-03-28 09:36:46.846,1,PO,108460,1,0,733,1145.1,LT-20260328-091741
2026-03-28 09:36:47.507,1,PO,108461,1,0,660,1145.8,LT-20260328-091741
2026-03-28 09:36:48.196,1,PO,108462,1,0,687,1146.4,LT-20260328-091741
2026-03-28 09:36:48.869,1,PO,108463,1,0,672,1147.1,LT-20260328-091741
2026-03-28 09:36:49.561,1,PO,108464,1,0,691,1147.8,LT-20260328-091741
2026-03-28 09:36:50.310,1,PO,108465,1,0,747,1148.6,LT-20260328-091741
2026-03-28 09:36:50.993,1,PO,108466,1,0,681,1149.2,LT-20260328-091741
2026-03-28 09:36:51.706,1,PO,108467,1,0,712,1150,LT-20260328-091741
2026-03-28 09:36:52.413,1,PO,108468,1,0,706,1150.7,LT-20260328-091741
2026-03-28 09:36:53.089,1,PO,108469,1,0,674,1151.3,LT-20260328-091741
2026-03-28 09:36:53.751,1,PO,108470,1,0,661,1152,LT-20260328-091741
2026-03-28 09:36:54.412,1,PO,108471,1,0,660,1152.7,LT-20260328-091741
2026-03-28 09:36:55.099,1,PO,108472,1,0,686,1153.3,LT-20260328-091741
2026-03-28 09:36:55.873,1,PO,108473,1,0,773,1154.1,LT-20260328-091741
2026-03-28 09:36:56.587,1,PO,108474,1,0,712,1154.8,LT-20260328-091741
2026-03-28 09:36:57.296,1,PO,108475,1,0,708,1155.5,LT-20260328-091741
2026-03-28 09:36:58.010,1,PO,108476,1,0,713,1156.3,LT-20260328-091741
2026-03-28 09:36:58.705,1,PO,108477,1,0,694,1156.9,LT-20260328-091741
2026-03-28 09:36:59.395,1,PO,108478,1,0,688,1157.6,LT-20260328-091741
2026-03-28 09:37:00.071,1,PO,108479,1,0,675,1158.3,LT-20260328-091741
2026-03-28 09:37:00.760,1,PO,108480,1,0,687,1159,LT-20260328-091741
2026-03-28 09:37:01.525,1,PO,108481,1,0,764,1159.8,LT-20260328-091741
2026-03-28 09:37:02.199,1,PO,108482,1,0,671,1160.4,LT-20260328-091741
2026-03-28 09:37:02.897,1,PO,108483,1,0,697,1161.1,LT-20260328-091741
2026-03-28 09:37:03.779,1,PO,108484,1,0,882,1162,LT-20260328-091741
2026-03-28 09:37:04.448,1,PO,108485,1,0,668,1162.7,LT-20260328-091741
2026-03-28 09:37:05.107,1,PO,108486,1,0,657,1163.4,LT-20260328-091741
2026-03-28 09:37:05.768,1,PO,108487,1,0,660,1164,LT-20260328-091741
2026-03-28 09:37:06.439,1,PO,108488,1,0,670,1164.7,LT-20260328-091741
2026-03-28 09:37:07.105,1,PO,108489,1,0,665,1165.3,LT-20260328-091741
2026-03-28 09:37:07.776,1,PO,108490,1,0,669,1166,LT-20260328-091741
2026-03-28 09:37:08.445,1,PO,108491,1,0,667,1166.7,LT-20260328-091741
2026-03-28 09:37:09.179,1,PO,108492,1,0,733,1167.4,LT-20260328-091741
2026-03-28 09:37:09.882,1,PO,108493,1,0,701,1168.1,LT-20260328-091741
2026-03-28 09:37:10.555,1,PO,108494,1,0,672,1168.8,LT-20260328-091741
2026-03-28 09:37:11.273,1,PO,108495,1,0,717,1169.5,LT-20260328-091741
2026-03-28 09:37:11.973,1,PO,108496,1,0,696,1170.2,LT-20260328-091741
2026-03-28 09:37:12.692,1,PO,108497,1,0,718,1170.9,LT-20260328-091741
2026-03-28 09:37:13.378,1,PO,108498,1,0,683,1171.6,LT-20260328-091741
2026-03-28 09:37:14.158,1,PO,108499,1,0,779,1172.4,LT-20260328-091741
2026-03-28 09:37:14.887,1,PO,108500,1,0,727,1173.1,LT-20260328-091741
2026-03-28 09:37:15.646,1,PO,108501,1,0,757,1173.9,LT-20260328-091741
2026-03-28 09:37:16.313,1,PO,108502,1,0,665,1174.6,LT-20260328-091741
2026-03-28 09:37:16.993,1,PO,108503,1,0,679,1175.2,LT-20260328-091741
2026-03-28 09:37:17.694,1,PO,108504,1,0,700,1175.9,LT-20260328-091741
2026-03-28 09:37:18.380,1,PO,108505,1,0,684,1176.6,LT-20260328-091741
2026-03-28 09:37:19.066,1,PO,108506,1,0,685,1177.3,LT-20260328-091741
2026-03-28 09:37:19.748,1,PO,108507,1,0,681,1178,LT-20260328-091741
2026-03-28 09:37:20.456,1,PO,108508,1,0,706,1178.7,LT-20260328-091741
2026-03-28 09:37:21.150,1,PO,108509,1,0,692,1179.4,LT-20260328-091741
2026-03-28 09:37:21.856,1,PO,108510,1,0,705,1180.1,LT-20260328-091741
2026-03-28 09:37:22.556,1,PO,108511,1,0,698,1180.8,LT-20260328-091741
2026-03-28 09:37:23.241,1,PO,108512,1,0,682,1181.5,LT-20260328-091741
2026-03-28 09:37:23.932,1,PO,108513,1,0,690,1182.2,LT-20260328-091741
2026-03-28 09:37:24.633,1,PO,108514,1,0,700,1182.9,LT-20260328-091741
2026-03-28 09:37:25.334,1,PO,108515,1,0,699,1183.6,LT-20260328-091741
2026-03-28 09:37:26.045,1,PO,108516,1,0,710,1184.3,LT-20260328-091741
2026-03-28 09:37:26.763,1,PO,108517,1,0,716,1185,LT-20260328-091741
2026-03-28 09:37:27.482,1,PO,108518,1,0,718,1185.7,LT-20260328-091741
2026-03-28 09:37:28.164,1,PO,108519,1,0,681,1186.4,LT-20260328-091741
2026-03-28 09:37:28.864,1,PO,108520,1,0,698,1187.1,LT-20260328-091741
2026-03-28 09:37:29.585,1,PO,108521,1,0,720,1187.8,LT-20260328-091741
2026-03-28 09:37:30.247,1,PO,108522,1,0,661,1188.5,LT-20260328-091741
2026-03-28 09:37:30.907,1,PO,108523,1,0,659,1189.2,LT-20260328-091741
2026-03-28 09:37:31.677,1,PO,108524,1,0,768,1189.9,LT-20260328-091741
2026-03-28 09:37:32.375,1,PO,108525,1,0,697,1190.6,LT-20260328-091741
2026-03-28 09:37:33.077,1,PO,108526,1,0,701,1191.3,LT-20260328-091741
2026-03-28 09:37:33.774,1,PO,108527,1,0,696,1192,LT-20260328-091741
2026-03-28 09:37:34.522,1,PO,108528,1,0,746,1192.8,LT-20260328-091741
2026-03-28 09:37:35.225,1,PO,108529,1,0,701,1193.5,LT-20260328-091741
2026-03-28 09:37:35.897,1,PO,108530,1,0,670,1194.1,LT-20260328-091741
2026-03-28 09:37:36.572,1,PO,108531,1,0,673,1194.8,LT-20260328-091741
2026-03-28 09:37:37.262,1,PO,108532,1,0,687,1195.5,LT-20260328-091741
2026-03-28 09:37:37.972,1,PO,108533,1,0,708,1196.2,LT-20260328-091741
2026-03-28 09:37:38.646,1,PO,108534,1,0,672,1196.9,LT-20260328-091741
2026-03-28 09:37:39.333,1,PO,108535,1,0,685,1197.6,LT-20260328-091741
2026-03-28 09:37:40.015,1,PO,108536,1,0,680,1198.3,LT-20260328-091741
2026-03-28 09:37:40.710,1,PO,108537,1,0,694,1199,LT-20260328-091741
2026-03-28 09:37:41.457,1,PO,108538,1,0,745,1199.7,LT-20260328-091741
2026-03-28 09:37:42.232,1,PO,108539,1,0,774,1200.5,LT-20260328-091741
2026-03-28 09:37:43.395,2,SO,103706,1,0,1158,1201.6,LT-20260328-091741
2026-03-28 09:37:44.245,2,SO,103707,1,0,847,1202.5,LT-20260328-091741
2026-03-28 09:37:45.109,2,SO,103708,1,0,863,1203.4,LT-20260328-091741
2026-03-28 09:37:45.989,2,SO,103709,1,0,878,1204.2,LT-20260328-091741
2026-03-28 09:37:46.812,2,SO,103710,1,0,821,1205.1,LT-20260328-091741
2026-03-28 09:37:47.641,2,SO,103711,1,0,828,1205.9,LT-20260328-091741
2026-03-28 09:37:48.483,2,SO,103712,1,0,840,1206.7,LT-20260328-091741
2026-03-28 09:37:49.289,2,SO,103713,1,0,805,1207.5,LT-20260328-091741
2026-03-28 09:37:50.218,2,SO,103714,1,0,928,1208.5,LT-20260328-091741
2026-03-28 09:37:51.033,2,SO,103715,1,0,813,1209.3,LT-20260328-091741
2026-03-28 09:37:51.853,2,SO,103716,1,0,818,1210.1,LT-20260328-091741
2026-03-28 09:37:52.658,2,SO,103717,1,0,804,1210.9,LT-20260328-091741
2026-03-28 09:37:53.494,2,SO,103718,1,0,835,1211.7,LT-20260328-091741
2026-03-28 09:37:54.316,2,SO,103719,1,0,820,1212.6,LT-20260328-091741
2026-03-28 09:37:55.102,2,SO,103720,1,0,785,1213.3,LT-20260328-091741
2026-03-28 09:37:55.895,2,SO,103721,1,0,791,1214.1,LT-20260328-091741
2026-03-28 09:37:56.692,2,SO,103722,1,0,796,1214.9,LT-20260328-091741
2026-03-28 09:37:57.467,2,SO,103723,1,0,774,1215.7,LT-20260328-091741
2026-03-28 09:37:58.371,2,SO,103724,1,0,902,1216.6,LT-20260328-091741
2026-03-28 09:37:59.174,2,SO,103725,1,0,800,1217.4,LT-20260328-091741
2026-03-28 09:37:59.985,2,SO,103726,1,0,810,1218.2,LT-20260328-091741
2026-03-28 09:38:00.807,2,SO,103727,1,0,821,1219.1,LT-20260328-091741
2026-03-28 09:38:01.615,2,SO,103728,1,0,807,1219.9,LT-20260328-091741
2026-03-28 09:38:02.446,2,SO,103729,1,0,829,1220.7,LT-20260328-091741
2026-03-28 09:38:03.270,2,SO,103730,1,0,822,1221.5,LT-20260328-091741
2026-03-28 09:38:04.189,2,SO,103731,1,0,916,1222.4,LT-20260328-091741
2026-03-28 09:38:05.102,2,SO,103732,1,0,912,1223.3,LT-20260328-091741
2026-03-28 09:38:05.829,2,SO,103733,1,0,724,1224.1,LT-20260328-091741
2026-03-28 09:38:06.508,2,SO,103734,1,0,678,1224.8,LT-20260328-091741
2026-03-28 09:38:07.154,2,SO,103735,1,0,644,1225.4,LT-20260328-091741
2026-03-28 09:38:07.765,2,SO,103736,1,0,610,1226,LT-20260328-091741
2026-03-28 09:38:08.457,2,SO,103737,1,0,690,1226.7,LT-20260328-091741
2026-03-28 09:38:09.126,2,SO,103738,1,0,668,1227.4,LT-20260328-091741
2026-03-28 09:38:09.745,2,SO,103739,1,0,618,1228,LT-20260328-091741
2026-03-28 09:38:10.333,2,SO,103740,1,0,587,1228.6,LT-20260328-091741
2026-03-28 09:38:10.949,2,SO,103741,1,0,614,1229.2,LT-20260328-091741
2026-03-28 09:38:11.575,2,SO,103742,1,0,624,1229.8,LT-20260328-091741
2026-03-28 09:38:12.675,2,SO,103743,1,0,1099,1230.9,LT-20260328-091741
2026-03-28 09:38:13.690,2,SO,103744,1,0,1013,1231.9,LT-20260328-091741
2026-03-28 09:38:14.516,2,SO,103745,1,0,825,1232.8,LT-20260328-091741
2026-03-28 09:38:15.429,2,SO,103746,1,0,911,1233.7,LT-20260328-091741
2026-03-28 09:38:16.382,2,SO,103747,1,0,952,1234.6,LT-20260328-091741
2026-03-28 09:38:17.549,2,SO,103748,1,0,1164,1235.8,LT-20260328-091741
2026-03-28 09:38:18.612,2,SO,103749,1,0,1060,1236.9,LT-20260328-091741
2026-03-28 09:38:19.655,2,SO,103750,1,0,1039,1237.9,LT-20260328-091741
2026-03-28 09:38:20.529,2,SO,103751,1,0,871,1238.8,LT-20260328-091741
2026-03-28 09:38:21.375,2,SO,103752,1,0,844,1239.6,LT-20260328-091741
2026-03-28 09:38:22.063,2,SO,103753,1,0,684,1240.3,LT-20260328-091741
2026-03-28 09:38:22.717,2,SO,103754,1,0,651,1241,LT-20260328-091741
2026-03-28 09:38:23.353,2,SO,103755,1,0,632,1241.6,LT-20260328-091741
2026-03-28 09:38:23.977,2,SO,103756,1,0,621,1242.2,LT-20260328-091741
2026-03-28 09:38:24.614,2,SO,103757,1,0,634,1242.9,LT-20260328-091741
2026-03-28 09:38:25.309,2,SO,103758,1,0,693,1243.6,LT-20260328-091741
2026-03-28 09:38:25.937,2,SO,103759,1,0,624,1244.2,LT-20260328-091741
2026-03-28 09:38:26.610,2,SO,103760,1,0,670,1244.9,LT-20260328-091741
2026-03-28 09:38:27.249,2,SO,103761,1,0,637,1245.5,LT-20260328-091741
2026-03-28 09:38:27.871,2,SO,103762,1,0,619,1246.1,LT-20260328-091741
2026-03-28 09:38:28.753,2,SO,103763,1,0,878,1247,LT-20260328-091741
2026-03-28 09:38:29.567,2,SO,103764,1,0,812,1247.8,LT-20260328-091741
2026-03-28 09:38:30.392,2,SO,103765,1,0,821,1248.6,LT-20260328-091741
2026-03-28 09:38:31.272,2,SO,103766,1,0,877,1249.5,LT-20260328-091741
2026-03-28 09:38:32.010,2,SO,103767,1,0,735,1250.3,LT-20260328-091741
2026-03-28 09:38:32.701,2,SO,103768,1,0,688,1250.9,LT-20260328-091741
2026-03-28 09:38:33.312,2,SO,103769,1,0,607,1251.6,LT-20260328-091741
2026-03-28 09:38:33.956,2,SO,103770,1,0,639,1252.2,LT-20260328-091741
2026-03-28 09:38:34.598,2,SO,103771,1,0,639,1252.8,LT-20260328-091741
2026-03-28 09:38:35.241,2,SO,103772,1,0,639,1253.5,LT-20260328-091741
2026-03-28 09:38:35.895,2,SO,103773,1,0,651,1254.1,LT-20260328-091741
2026-03-28 09:38:36.498,2,SO,103774,1,0,600,1254.7,LT-20260328-091741
2026-03-28 09:38:37.186,2,SO,103775,1,0,685,1255.4,LT-20260328-091741
2026-03-28 09:38:37.794,2,SO,103776,1,0,607,1256,LT-20260328-091741
2026-03-28 09:38:38.427,2,SO,103777,1,0,631,1256.7,LT-20260328-091741
2026-03-28 09:38:39.037,2,SO,103778,1,0,607,1257.3,LT-20260328-091741
2026-03-28 09:38:39.622,2,SO,103779,1,0,582,1257.9,LT-20260328-091741
2026-03-28 09:38:40.219,2,SO,103780,1,0,595,1258.5,LT-20260328-091741
2026-03-28 09:38:40.877,2,SO,103781,1,0,653,1259.1,LT-20260328-091741
2026-03-28 09:38:41.571,2,SO,103782,1,0,691,1259.8,LT-20260328-091741
2026-03-28 09:38:42.423,2,SO,103783,1,0,850,1260.7,LT-20260328-091741
2026-03-28 09:38:43.259,2,SO,103784,1,0,833,1261.5,LT-20260328-091741
2026-03-28 09:38:44.180,2,SO,103785,1,0,917,1262.4,LT-20260328-091741
2026-03-28 09:38:44.978,2,SO,103786,1,0,795,1263.2,LT-20260328-091741
2026-03-28 09:38:45.837,2,SO,103787,1,0,856,1264.1,LT-20260328-091741
2026-03-28 09:38:46.662,2,SO,103788,1,0,822,1264.9,LT-20260328-091741
2026-03-28 09:38:47.513,2,SO,103789,1,0,848,1265.8,LT-20260328-091741
2026-03-28 09:38:48.344,2,SO,103790,1,0,828,1266.6,LT-20260328-091741
2026-03-28 09:38:49.147,2,SO,103791,1,0,800,1267.4,LT-20260328-091741
2026-03-28 09:38:49.964,2,SO,103792,1,0,814,1268.2,LT-20260328-091741
2026-03-28 09:38:50.789,2,SO,103793,1,0,821,1269,LT-20260328-091741
2026-03-28 09:38:51.569,2,SO,103794,1,0,777,1269.8,LT-20260328-091741
2026-03-28 09:38:52.164,2,SO,103795,1,0,592,1270.4,LT-20260328-091741
2026-03-28 09:38:52.783,2,SO,103796,1,0,616,1271,LT-20260328-091741
2026-03-28 09:38:53.375,2,SO,103797,1,0,588,1271.6,LT-20260328-091741
2026-03-28 09:38:53.963,2,SO,103798,1,0,586,1272.2,LT-20260328-091741
2026-03-28 09:38:55.035,2,SO,103799,1,0,1070,1273.3,LT-20260328-091741
2026-03-28 09:38:55.907,2,SO,103800,1,0,869,1274.2,LT-20260328-091741
2026-03-28 09:38:56.688,2,SO,103801,1,0,778,1274.9,LT-20260328-091741
2026-03-28 09:38:57.546,2,SO,103802,1,0,856,1275.8,LT-20260328-091741
2026-03-28 09:38:58.275,2,SO,103803,1,0,726,1276.5,LT-20260328-091741
2026-03-28 09:38:58.925,2,SO,103804,1,0,647,1277.2,LT-20260328-091741
2026-03-28 09:38:59.562,2,SO,103805,1,0,635,1277.8,LT-20260328-091741
2026-03-28 09:39:00.185,2,SO,103806,1,0,619,1278.4,LT-20260328-091741
2026-03-28 09:39:00.803,2,SO,103807,1,0,615,1279,LT-20260328-091741
2026-03-28 09:39:01.455,2,SO,103808,1,0,648,1279.7,LT-20260328-091741
2026-03-28 09:39:02.104,2,SO,103809,1,0,646,1280.3,LT-20260328-091741
2026-03-28 09:39:02.727,2,SO,103810,1,0,598,1281,LT-20260328-091741
2026-03-28 09:39:03.381,2,SO,103811,1,0,652,1281.6,LT-20260328-091741
2026-03-28 09:39:04.010,2,SO,103812,1,0,625,1282.3,LT-20260328-091741
2026-03-28 09:39:04.620,2,SO,103813,1,0,608,1282.9,LT-20260328-091741
2026-03-28 09:39:05.214,2,SO,103814,1,0,591,1283.5,LT-20260328-091741
2026-03-28 09:39:05.836,2,SO,103815,1,0,619,1284.1,LT-20260328-091741
2026-03-28 09:39:06.449,2,SO,103816,1,0,610,1284.7,LT-20260328-091741
2026-03-28 09:39:07.093,2,SO,103817,1,0,643,1285.3,LT-20260328-091741
2026-03-28 09:39:07.703,2,SO,103818,1,0,608,1285.9,LT-20260328-091741
2026-03-28 09:39:08.279,2,SO,103819,1,0,574,1286.5,LT-20260328-091741
2026-03-28 09:39:08.893,2,SO,103820,1,0,611,1287.1,LT-20260328-091741
2026-03-28 09:39:09.500,2,SO,103821,1,0,605,1287.7,LT-20260328-091741
2026-03-28 09:39:10.112,2,SO,103822,1,0,610,1288.4,LT-20260328-091741
2026-03-28 09:39:10.715,2,SO,103823,1,0,600,1289,LT-20260328-091741
2026-03-28 09:39:11.331,2,SO,103824,1,0,613,1289.6,LT-20260328-091741
2026-03-28 09:39:12.130,2,SO,103825,1,0,796,1290.4,LT-20260328-091741
2026-03-28 09:39:13.002,2,SO,103826,1,0,868,1291.2,LT-20260328-091741
2026-03-28 09:39:13.821,2,SO,103827,1,0,818,1292.1,LT-20260328-091741
2026-03-28 09:39:14.664,2,SO,103828,1,0,841,1292.9,LT-20260328-091741
2026-03-28 09:39:15.476,2,SO,103829,1,0,809,1293.7,LT-20260328-091741
2026-03-28 09:39:16.250,2,SO,103830,1,0,772,1294.5,LT-20260328-091741
2026-03-28 09:39:17.026,2,SO,103831,1,0,772,1295.3,LT-20260328-091741
2026-03-28 09:39:17.827,2,SO,103832,1,0,800,1296.1,LT-20260328-091741
2026-03-28 09:39:18.620,2,SO,103833,1,0,788,1296.9,LT-20260328-091741
2026-03-28 09:39:19.426,2,SO,103834,1,0,802,1297.7,LT-20260328-091741
2026-03-28 09:39:20.214,2,SO,103835,1,0,786,1298.5,LT-20260328-091741
2026-03-28 09:39:21.095,2,SO,103836,1,0,877,1299.3,LT-20260328-091741
2026-03-28 09:39:21.830,2,SO,103837,1,0,732,1300.1,LT-20260328-091741
2026-03-28 09:39:22.410,2,SO,103838,1,0,576,1300.7,LT-20260328-091741
2026-03-28 09:39:22.990,2,SO,103839,1,0,577,1301.2,LT-20260328-091741
2026-03-28 09:39:23.585,2,SO,103840,1,0,594,1301.8,LT-20260328-091741
2026-03-28 09:39:24.185,2,SO,103841,1,0,599,1302.4,LT-20260328-091741
2026-03-28 09:39:24.768,2,SO,103842,1,0,581,1303,LT-20260328-091741
2026-03-28 09:39:25.347,2,SO,103843,1,0,576,1303.6,LT-20260328-091741
2026-03-28 09:39:25.952,2,SO,103844,1,0,603,1304.2,LT-20260328-091741
2026-03-28 09:39:26.528,2,SO,103845,1,0,575,1304.8,LT-20260328-091741
2026-03-28 09:39:27.107,2,SO,103846,1,0,577,1305.4,LT-20260328-091741
2026-03-28 09:39:27.695,2,SO,103847,1,0,586,1305.9,LT-20260328-091741
2026-03-28 09:39:28.289,2,SO,103848,1,0,592,1306.5,LT-20260328-091741
2026-03-28 09:39:28.928,2,SO,103849,1,0,637,1307.2,LT-20260328-091741
2026-03-28 09:39:29.513,2,SO,103850,1,0,583,1307.8,LT-20260328-091741
2026-03-28 09:39:30.093,2,SO,103851,1,0,579,1308.3,LT-20260328-091741
2026-03-28 09:39:30.680,2,SO,103852,1,0,585,1308.9,LT-20260328-091741
2026-03-28 09:39:31.291,2,SO,103853,1,0,608,1309.5,LT-20260328-091741
2026-03-28 09:39:32.028,2,SO,103854,1,0,735,1310.3,LT-20260328-091741
2026-03-28 09:39:32.935,2,SO,103855,1,0,905,1311.2,LT-20260328-091741
2026-03-28 09:39:33.731,2,SO,103856,1,0,795,1312,LT-20260328-091741
2026-03-28 09:39:34.483,2,SO,103857,1,0,750,1312.7,LT-20260328-091741
2026-03-28 09:39:35.259,2,SO,103858,1,0,774,1313.5,LT-20260328-091741
2026-03-28 09:39:36.025,2,SO,103859,1,0,765,1314.3,LT-20260328-091741
2026-03-28 09:39:36.791,2,SO,103860,1,0,764,1315,LT-20260328-091741
2026-03-28 09:39:37.573,2,SO,103861,1,0,780,1315.8,LT-20260328-091741
2026-03-28 09:39:38.354,2,SO,103862,1,0,780,1316.6,LT-20260328-091741
2026-03-28 09:39:39.117,2,SO,103863,1,0,761,1317.4,LT-20260328-091741
2026-03-28 09:39:39.887,2,SO,103864,1,0,769,1318.1,LT-20260328-091741
2026-03-28 09:39:40.656,2,SO,103865,1,0,767,1318.9,LT-20260328-091741
2026-03-28 09:39:41.459,2,SO,103866,1,0,801,1319.7,LT-20260328-091741
2026-03-28 09:39:42.271,2,SO,103867,1,0,810,1320.5,LT-20260328-091741
2026-03-28 09:39:43.038,2,SO,103868,1,0,765,1321.3,LT-20260328-091741
2026-03-28 09:39:43.815,2,SO,103869,1,0,776,1322.1,LT-20260328-091741
2026-03-28 09:39:44.607,2,SO,103870,1,0,789,1322.9,LT-20260328-091741
2026-03-28 09:39:45.366,2,SO,103871,1,0,757,1323.6,LT-20260328-091741
2026-03-28 09:39:46.150,2,SO,103872,1,0,782,1324.4,LT-20260328-091741
2026-03-28 09:39:46.919,2,SO,103873,1,0,768,1325.2,LT-20260328-091741
2026-03-28 09:39:47.699,2,SO,103874,1,0,779,1325.9,LT-20260328-091741
2026-03-28 09:39:48.457,2,SO,103875,1,0,756,1326.7,LT-20260328-091741
2026-03-28 09:39:49.264,2,SO,103876,1,0,805,1327.5,LT-20260328-091741
2026-03-28 09:39:50.042,2,SO,103877,1,0,775,1328.3,LT-20260328-091741
2026-03-28 09:39:50.828,2,SO,103878,1,0,785,1329.1,LT-20260328-091741
2026-03-28 09:39:51.632,2,SO,103879,1,0,803,1329.9,LT-20260328-091741
2026-03-28 09:39:52.201,2,SO,103880,1,0,566,1330.4,LT-20260328-091741
2026-03-28 09:39:52.786,2,SO,103881,1,0,583,1331,LT-20260328-091741
2026-03-28 09:39:53.402,2,SO,103882,1,0,614,1331.6,LT-20260328-091741
2026-03-28 09:39:53.991,2,SO,103883,1,0,587,1332.2,LT-20260328-091741
2026-03-28 09:39:54.568,2,SO,103884,1,0,576,1332.8,LT-20260328-091741
2026-03-28 09:39:55.151,2,SO,103885,1,0,582,1333.4,LT-20260328-091741
2026-03-28 09:39:55.737,2,SO,103886,1,0,584,1334,LT-20260328-091741
2026-03-28 09:39:56.300,2,SO,103887,1,0,562,1334.5,LT-20260328-091741
2026-03-28 09:39:56.915,2,SO,103888,1,0,613,1335.2,LT-20260328-091741
2026-03-28 09:39:57.506,2,SO,103889,1,0,590,1335.8,LT-20260328-091741
2026-03-28 09:39:58.076,2,SO,103890,1,0,567,1336.3,LT-20260328-091741
2026-03-28 09:39:58.680,2,SO,103891,1,0,601,1336.9,LT-20260328-091741
2026-03-28 09:39:59.242,2,SO,103892,1,0,560,1337.5,LT-20260328-091741
2026-03-28 09:39:59.835,2,SO,103893,1,0,590,1338.1,LT-20260328-091741
2026-03-28 09:40:00.407,2,SO,103894,1,0,571,1338.7,LT-20260328-091741
2026-03-28 09:40:00.996,2,SO,103895,1,0,587,1339.2,LT-20260328-091741
2026-03-28 09:40:01.601,2,SO,103896,1,0,603,1339.8,LT-20260328-091741
2026-03-28 09:40:02.212,2,SO,103897,1,0,609,1340.5,LT-20260328-091741
2026-03-28 09:40:02.800,2,SO,103898,1,0,586,1341,LT-20260328-091741
2026-03-28 09:40:03.395,2,SO,103899,1,0,594,1341.6,LT-20260328-091741
2026-03-28 09:40:04.011,2,SO,103900,1,0,613,1342.3,LT-20260328-091741
2026-03-28 09:40:04.592,2,SO,103901,1,0,579,1342.8,LT-20260328-091741
2026-03-28 09:40:05.180,2,SO,103902,1,0,587,1343.4,LT-20260328-091741
2026-03-28 09:40:05.750,2,SO,103903,1,0,568,1344,LT-20260328-091741
2026-03-28 09:40:06.347,2,SO,103904,1,0,596,1344.6,LT-20260328-091741
2026-03-28 09:40:06.934,2,SO,103905,1,0,585,1345.2,LT-20260328-091741
2026-03-28 09:40:07.517,2,SO,103906,1,0,582,1345.8,LT-20260328-091741
2026-03-28 09:40:08.116,2,SO,103907,1,0,597,1346.4,LT-20260328-091741
2026-03-28 09:40:08.749,2,SO,103908,1,0,632,1347,LT-20260328-091741
2026-03-28 09:40:09.325,2,SO,103909,1,0,574,1347.6,LT-20260328-091741
2026-03-28 09:40:09.911,2,SO,103910,1,0,584,1348.2,LT-20260328-091741
2026-03-28 09:40:10.509,2,SO,103911,1,0,596,1348.8,LT-20260328-091741
2026-03-28 09:40:11.133,2,SO,103912,1,0,622,1349.4,LT-20260328-091741
2026-03-28 09:40:11.809,2,SO,103913,1,0,674,1350.1,LT-20260328-091741
2026-03-28 09:40:12.834,2,SO,103914,1,0,1023,1351.1,LT-20260328-091741
2026-03-28 09:40:13.714,2,SO,103915,1,0,878,1352,LT-20260328-091741
2026-03-28 09:40:14.516,2,SO,103916,1,0,800,1352.8,LT-20260328-091741
2026-03-28 09:40:15.316,2,SO,103917,1,0,799,1353.6,LT-20260328-091741
2026-03-28 09:40:16.084,2,SO,103918,1,0,767,1354.3,LT-20260328-091741
2026-03-28 09:40:16.877,2,SO,103919,1,0,791,1355.1,LT-20260328-091741
2026-03-28 09:40:17.633,2,SO,103920,1,0,755,1355.9,LT-20260328-091741
2026-03-28 09:40:18.410,2,SO,103921,1,0,775,1356.7,LT-20260328-091741
2026-03-28 09:40:19.166,2,SO,103922,1,0,755,1357.4,LT-20260328-091741
2026-03-28 09:40:19.946,2,SO,103923,1,0,778,1358.2,LT-20260328-091741
2026-03-28 09:40:20.713,2,SO,103924,1,0,765,1359,LT-20260328-091741
2026-03-28 09:40:21.481,2,SO,103925,1,0,767,1359.7,LT-20260328-091741
2026-03-28 09:40:22.264,2,SO,103926,1,0,782,1360.5,LT-20260328-091741
2026-03-28 09:40:23.050,2,SO,103927,1,0,784,1361.3,LT-20260328-091741
2026-03-28 09:40:23.856,2,SO,103928,1,0,805,1362.1,LT-20260328-091741
2026-03-28 09:40:24.641,2,SO,103929,1,0,783,1362.9,LT-20260328-091741
2026-03-28 09:40:25.400,2,SO,103930,1,0,758,1363.6,LT-20260328-091741
2026-03-28 09:40:26.196,2,SO,103931,1,0,794,1364.4,LT-20260328-091741
2026-03-28 09:40:26.977,2,SO,103932,1,0,780,1365.2,LT-20260328-091741
2026-03-28 09:40:27.767,2,SO,103933,1,0,788,1366,LT-20260328-091741
2026-03-28 09:40:28.555,2,SO,103934,1,0,785,1366.8,LT-20260328-091741
2026-03-28 09:40:29.366,2,SO,103935,1,0,809,1367.6,LT-20260328-091741
2026-03-28 09:40:30.148,2,SO,103936,1,0,777,1368.4,LT-20260328-091741
2026-03-28 09:40:30.933,2,SO,103937,1,0,783,1369.2,LT-20260328-091741
2026-03-28 09:40:31.617,2,SO,103938,1,0,683,1369.9,LT-20260328-091741
2026-03-28 09:40:32.219,2,SO,103939,1,0,600,1370.5,LT-20260328-091741
2026-03-28 09:40:32.819,2,SO,103940,1,0,599,1371.1,LT-20260328-091741
2026-03-28 09:40:33.467,2,SO,103941,1,0,647,1371.7,LT-20260328-091741
2026-03-28 09:40:34.040,2,SO,103942,1,0,570,1372.3,LT-20260328-091741
2026-03-28 09:40:34.687,2,SO,103943,1,0,645,1372.9,LT-20260328-091741
2026-03-28 09:40:35.293,2,SO,103944,1,0,605,1373.5,LT-20260328-091741
2026-03-28 09:40:35.915,2,SO,103945,1,0,618,1374.2,LT-20260328-091741
2026-03-28 09:40:36.513,2,SO,103946,1,0,597,1374.8,LT-20260328-091741
2026-03-28 09:40:37.101,2,SO,103947,1,0,586,1375.3,LT-20260328-091741
2026-03-28 09:40:37.696,2,SO,103948,1,0,594,1375.9,LT-20260328-091741
2026-03-28 09:40:38.311,2,SO,103949,1,0,613,1376.6,LT-20260328-091741
2026-03-28 09:40:38.880,2,SO,103950,1,0,567,1377.1,LT-20260328-091741
2026-03-28 09:40:39.474,2,SO,103951,1,0,593,1377.7,LT-20260328-091741
2026-03-28 09:40:40.119,2,SO,103952,1,0,644,1378.4,LT-20260328-091741
2026-03-28 09:40:40.685,2,SO,103953,1,0,565,1378.9,LT-20260328-091741
2026-03-28 09:40:41.262,2,SO,103954,1,0,575,1379.5,LT-20260328-091741
2026-03-28 09:40:42.110,2,SO,103955,1,0,846,1380.4,LT-20260328-091741
2026-03-28 09:40:42.972,2,SO,103956,1,0,858,1381.2,LT-20260328-091741
2026-03-28 09:40:43.789,2,SO,103957,1,0,815,1382,LT-20260328-091741
2026-03-28 09:40:44.596,2,SO,103958,1,0,804,1382.8,LT-20260328-091741
2026-03-28 09:40:45.449,2,SO,103959,1,0,850,1383.7,LT-20260328-091741
2026-03-28 09:40:46.248,2,SO,103960,1,0,796,1384.5,LT-20260328-091741
2026-03-28 09:40:47.116,2,SO,103961,1,0,865,1385.4,LT-20260328-091741
2026-03-28 09:40:47.900,2,SO,103962,1,0,782,1386.1,LT-20260328-091741
2026-03-28 09:40:48.719,2,SO,103963,1,0,815,1387,LT-20260328-091741
2026-03-28 09:40:49.513,2,SO,103964,1,0,792,1387.8,LT-20260328-091741
2026-03-28 09:40:50.321,2,SO,103965,1,0,804,1388.6,LT-20260328-091741
2026-03-28 09:40:51.114,2,SO,103966,1,0,790,1389.4,LT-20260328-091741
2026-03-28 09:40:51.820,2,SO,103967,1,0,704,1390.1,LT-20260328-091741
2026-03-28 09:40:52.428,2,SO,103968,1,0,605,1390.7,LT-20260328-091741
2026-03-28 09:40:53.033,2,SO,103969,1,0,602,1391.3,LT-20260328-091741
2026-03-28 09:40:53.621,2,SO,103970,1,0,587,1391.9,LT-20260328-091741
2026-03-28 09:40:54.267,2,SO,103971,1,0,644,1392.5,LT-20260328-091741
2026-03-28 09:40:54.872,2,SO,103972,1,0,604,1393.1,LT-20260328-091741
2026-03-28 09:40:55.514,2,SO,103973,1,0,640,1393.8,LT-20260328-091741
2026-03-28 09:40:56.094,2,SO,103974,1,0,578,1394.3,LT-20260328-091741
2026-03-28 09:40:56.957,2,SO,103975,1,0,861,1395.2,LT-20260328-091741
2026-03-28 09:40:57.601,2,SO,103976,1,0,641,1395.8,LT-20260328-091741
2026-03-28 09:40:58.286,2,SO,103977,1,0,682,1396.5,LT-20260328-091741
2026-03-28 09:40:58.878,2,SO,103978,1,0,591,1397.1,LT-20260328-091741
2026-03-28 09:40:59.505,2,SO,103979,1,0,625,1397.7,LT-20260328-091741
2026-03-28 09:41:00.145,2,SO,103980,1,0,637,1398.4,LT-20260328-091741
2026-03-28 09:41:00.753,2,SO,103981,1,0,606,1399,LT-20260328-091741
2026-03-28 09:41:01.341,2,SO,103982,1,0,587,1399.6,LT-20260328-091741
2026-03-28 09:41:02.093,2,SO,103983,1,0,748,1400.3,LT-20260328-091741
2026-03-28 09:41:02.708,2,SO,103984,1,0,611,1401,LT-20260328-091741
2026-03-28 09:41:03.330,2,SO,103985,1,0,620,1401.6,LT-20260328-091741
2026-03-28 09:41:04.004,2,SO,103986,1,0,673,1402.2,LT-20260328-091741
2026-03-28 09:41:04.583,2,SO,103987,1,0,577,1402.8,LT-20260328-091741
2026-03-28 09:41:05.187,2,SO,103988,1,0,603,1403.4,LT-20260328-091741
2026-03-28 09:41:05.804,2,SO,103989,1,0,613,1404,LT-20260328-091741
2026-03-28 09:41:06.422,2,SO,103990,1,0,615,1404.7,LT-20260328-091741
2026-03-28 09:41:07.028,2,SO,103991,1,0,603,1405.3,LT-20260328-091741
2026-03-28 09:41:07.649,2,SO,103992,1,0,618,1405.9,LT-20260328-091741
2026-03-28 09:41:08.274,2,SO,103993,1,0,622,1406.5,LT-20260328-091741
2026-03-28 09:41:08.867,2,SO,103994,1,0,591,1407.1,LT-20260328-091741
2026-03-28 09:41:09.472,2,SO,103995,1,0,604,1407.7,LT-20260328-091741
2026-03-28 09:41:10.082,2,SO,103996,1,0,607,1408.3,LT-20260328-091741
2026-03-28 09:41:10.693,2,SO,103997,1,0,609,1408.9,LT-20260328-091741
2026-03-28 09:41:11.274,2,SO,103998,1,0,579,1409.5,LT-20260328-091741
2026-03-28 09:41:12.093,2,SO,103999,1,0,817,1410.3,LT-20260328-091741
2026-03-28 09:41:12.915,2,SO,104000,1,0,819,1411.2,LT-20260328-091741
2026-03-28 09:41:13.744,2,SO,104001,1,0,828,1412,LT-20260328-091741
2026-03-28 09:41:14.523,2,SO,104002,1,0,778,1412.8,LT-20260328-091741
2026-03-28 09:41:15.369,2,SO,104003,1,0,843,1413.6,LT-20260328-091741
2026-03-28 09:41:16.145,2,SO,104004,1,0,772,1414.4,LT-20260328-091741
2026-03-28 09:41:16.963,2,SO,104005,1,0,815,1415.2,LT-20260328-091741
2026-03-28 09:41:17.778,2,SO,104006,1,0,812,1416,LT-20260328-091741
2026-03-28 09:41:18.585,2,SO,104007,1,0,807,1416.8,LT-20260328-091741
2026-03-28 09:41:19.422,2,SO,104008,1,0,834,1417.7,LT-20260328-091741
2026-03-28 09:41:20.216,2,SO,104009,1,0,791,1418.5,LT-20260328-091741
2026-03-28 09:41:21.019,2,SO,104010,1,0,800,1419.3,LT-20260328-091741
2026-03-28 09:41:21.885,2,SO,104011,1,0,863,1420.1,LT-20260328-091741
2026-03-28 09:41:22.696,2,SO,104012,1,0,807,1420.9,LT-20260328-091741
2026-03-28 09:41:23.539,2,SO,104013,1,0,840,1421.8,LT-20260328-091741
2026-03-28 09:41:24.360,2,SO,104014,1,0,817,1422.6,LT-20260328-091741
2026-03-28 09:41:25.183,2,SO,104015,1,0,820,1423.4,LT-20260328-091741
2026-03-28 09:41:25.974,2,SO,104016,1,0,789,1424.2,LT-20260328-091741
2026-03-28 09:41:26.789,2,SO,104017,1,0,812,1425,LT-20260328-091741
2026-03-28 09:41:27.599,2,SO,104018,1,0,808,1425.8,LT-20260328-091741
2026-03-28 09:41:28.567,2,SO,104019,1,0,964,1426.8,LT-20260328-091741
2026-03-28 09:41:29.457,2,SO,104020,1,0,889,1427.7,LT-20260328-091741
2026-03-28 09:41:30.258,2,SO,104021,1,0,796,1428.5,LT-20260328-091741
2026-03-28 09:41:31.119,2,SO,104022,1,0,859,1429.4,LT-20260328-091741
2026-03-28 09:41:31.815,2,SO,104023,1,0,693,1430.1,LT-20260328-091741
2026-03-28 09:41:32.395,2,SO,104024,1,0,579,1430.6,LT-20260328-091741
2026-03-28 09:41:32.974,2,SO,104025,1,0,578,1431.2,LT-20260328-091741
2026-03-28 09:41:33.630,2,SO,104026,1,0,652,1431.9,LT-20260328-091741
2026-03-28 09:41:34.237,2,SO,104027,1,0,605,1432.5,LT-20260328-091741
2026-03-28 09:41:34.842,2,SO,104028,1,0,602,1433.1,LT-20260328-091741
2026-03-28 09:41:35.448,2,SO,104029,1,0,604,1433.7,LT-20260328-091741
2026-03-28 09:41:36.060,2,SO,104030,1,0,609,1434.3,LT-20260328-091741
2026-03-28 09:41:36.673,2,SO,104031,1,0,610,1434.9,LT-20260328-091741
2026-03-28 09:41:37.310,2,SO,104032,1,0,633,1435.6,LT-20260328-091741
2026-03-28 09:41:37.982,2,SO,104033,1,0,670,1436.2,LT-20260328-091741
2026-03-28 09:41:38.587,2,SO,104034,1,0,603,1436.8,LT-20260328-091741
2026-03-28 09:41:39.220,2,SO,104035,1,0,630,1437.5,LT-20260328-091741
2026-03-28 09:41:39.836,2,SO,104036,1,0,615,1438.1,LT-20260328-091741
2026-03-28 09:41:40.460,2,SO,104037,1,0,622,1438.7,LT-20260328-091741
2026-03-28 09:41:41.106,2,SO,104038,1,0,641,1439.4,LT-20260328-091741
2026-03-28 09:41:41.843,2,SO,104039,1,0,732,1440.1,LT-20260328-091741
2026-03-28 09:41:42.606,2,SO,104040,1,0,762,1440.9,LT-20260328-091741
2026-03-28 09:41:43.423,2,SO,104041,1,0,814,1441.7,LT-20260328-091741
2026-03-28 09:41:44.259,2,SO,104042,1,0,833,1442.5,LT-20260328-091741
2026-03-28 09:41:45.102,2,SO,104043,1,0,841,1443.3,LT-20260328-091741
2026-03-28 09:41:45.930,2,SO,104044,1,0,825,1444.2,LT-20260328-091741
2026-03-28 09:41:46.728,2,SO,104045,1,0,796,1445,LT-20260328-091741
2026-03-28 09:41:47.549,2,SO,104046,1,0,819,1445.8,LT-20260328-091741
2026-03-28 09:41:48.318,2,SO,104047,1,0,767,1446.6,LT-20260328-091741
2026-03-28 09:41:49.118,2,SO,104048,1,0,798,1447.4,LT-20260328-091741
2026-03-28 09:41:49.946,2,SO,104049,1,0,826,1448.2,LT-20260328-091741
2026-03-28 09:41:50.753,2,SO,104050,1,0,805,1449,LT-20260328-091741
2026-03-28 09:41:51.522,2,SO,104051,1,0,766,1449.8,LT-20260328-091741
2026-03-28 09:41:52.150,2,SO,104052,1,0,626,1450.4,LT-20260328-091741
2026-03-28 09:41:52.760,2,SO,104053,1,0,608,1451,LT-20260328-091741
2026-03-28 09:41:53.391,2,SO,104054,1,0,629,1451.6,LT-20260328-091741
2026-03-28 09:41:54.034,2,SO,104055,1,0,641,1452.3,LT-20260328-091741
2026-03-28 09:41:54.644,2,SO,104056,1,0,607,1452.9,LT-20260328-091741
2026-03-28 09:41:55.251,2,SO,104057,1,0,606,1453.5,LT-20260328-091741
2026-03-28 09:41:55.836,2,SO,104058,1,0,582,1454.1,LT-20260328-091741
2026-03-28 09:41:56.442,2,SO,104059,1,0,603,1454.7,LT-20260328-091741
2026-03-28 09:41:57.142,2,SO,104060,1,0,697,1455.4,LT-20260328-091741
2026-03-28 09:41:57.767,2,SO,104061,1,0,623,1456,LT-20260328-091741
2026-03-28 09:41:58.362,2,SO,104062,1,0,593,1456.6,LT-20260328-091741
2026-03-28 09:41:58.972,2,SO,104063,1,0,608,1457.2,LT-20260328-091741
2026-03-28 09:41:59.577,2,SO,104064,1,0,600,1457.8,LT-20260328-091741
2026-03-28 09:42:00.207,2,SO,104065,1,0,627,1458.5,LT-20260328-091741
2026-03-28 09:42:00.833,2,SO,104066,1,0,624,1459.1,LT-20260328-091741
2026-03-28 09:42:01.435,2,SO,104067,1,0,600,1459.7,LT-20260328-091741
2026-03-28 09:42:02.065,2,SO,104068,1,0,628,1460.3,LT-20260328-091741
2026-03-28 09:42:02.705,2,SO,104069,1,0,637,1460.9,LT-20260328-091741
2026-03-28 09:42:03.295,2,SO,104070,1,0,588,1461.5,LT-20260328-091741
2026-03-28 09:42:03.914,2,SO,104071,1,0,617,1462.2,LT-20260328-091741
2026-03-28 09:42:04.526,2,SO,104072,1,0,610,1462.8,LT-20260328-091741
2026-03-28 09:42:05.137,2,SO,104073,1,0,609,1463.4,LT-20260328-091741
2026-03-28 09:42:05.748,2,SO,104074,1,0,609,1464,LT-20260328-091741
2026-03-28 09:42:06.326,2,SO,104075,1,0,576,1464.6,LT-20260328-091741
2026-03-28 09:42:06.934,2,SO,104076,1,0,606,1465.2,LT-20260328-091741
2026-03-28 09:42:07.577,2,SO,104077,1,0,640,1465.8,LT-20260328-091741
2026-03-28 09:42:08.195,2,SO,104078,1,0,615,1466.4,LT-20260328-091741
2026-03-28 09:42:08.835,2,SO,104079,1,0,637,1467.1,LT-20260328-091741
2026-03-28 09:42:09.470,2,SO,104080,1,0,631,1467.7,LT-20260328-091741
2026-03-28 09:42:10.106,2,SO,104081,1,0,631,1468.4,LT-20260328-091741
2026-03-28 09:42:10.735,2,SO,104082,1,0,627,1469,LT-20260328-091741
2026-03-28 09:42:11.341,2,SO,104083,1,0,604,1469.6,LT-20260328-091741
2026-03-28 09:42:12.144,2,SO,104084,1,0,800,1470.4,LT-20260328-091741
2026-03-28 09:42:12.934,2,SO,104085,1,0,787,1471.2,LT-20260328-091741
2026-03-28 09:42:13.794,2,SO,104086,1,0,857,1472,LT-20260328-091741
2026-03-28 09:42:14.664,2,SO,104087,1,0,867,1472.9,LT-20260328-091741
2026-03-28 09:42:15.462,2,SO,104088,1,0,795,1473.7,LT-20260328-091741
2026-03-28 09:42:16.261,2,SO,104089,1,0,797,1474.5,LT-20260328-091741
2026-03-28 09:42:17.116,2,SO,104090,1,0,853,1475.4,LT-20260328-091741
2026-03-28 09:42:17.943,2,SO,104091,1,0,826,1476.2,LT-20260328-091741
2026-03-28 09:42:18.719,2,SO,104092,1,0,775,1477,LT-20260328-091741
2026-03-28 09:42:19.555,2,SO,104093,1,0,834,1477.8,LT-20260328-091741
2026-03-28 09:42:20.337,2,SO,104094,1,0,781,1478.6,LT-20260328-091741
2026-03-28 09:42:21.109,2,SO,104095,1,0,769,1479.4,LT-20260328-091741
2026-03-28 09:42:21.828,2,SO,104096,1,0,717,1480.1,LT-20260328-091741
2026-03-28 09:42:22.456,2,SO,104097,1,0,625,1480.7,LT-20260328-091741
2026-03-28 09:42:23.078,2,SO,104098,1,0,621,1481.3,LT-20260328-091741
2026-03-28 09:42:23.673,2,SO,104099,1,0,593,1481.9,LT-20260328-091741
2026-03-28 09:42:24.278,2,SO,104100,1,0,604,1482.5,LT-20260328-091741
2026-03-28 09:42:24.989,2,SO,104101,1,0,709,1483.2,LT-20260328-091741
2026-03-28 09:42:25.618,2,SO,104102,1,0,627,1483.9,LT-20260328-091741
2026-03-28 09:42:26.256,2,SO,104103,1,0,630,1484.5,LT-20260328-091741
2026-03-28 09:42:26.878,2,SO,104104,1,0,620,1485.1,LT-20260328-091741
2026-03-28 09:42:27.488,2,SO,104105,1,0,608,1485.7,LT-20260328-091741
2026-03-28 09:42:28.102,2,SO,104106,1,0,612,1486.3,LT-20260328-091741
2026-03-28 09:42:28.718,2,SO,104107,1,0,615,1487,LT-20260328-091741
2026-03-28 09:42:29.326,2,SO,104108,1,0,607,1487.6,LT-20260328-091741
2026-03-28 09:42:29.953,2,SO,104109,1,0,625,1488.2,LT-20260328-091741
2026-03-28 09:42:30.567,2,SO,104110,1,0,612,1488.8,LT-20260328-091741
2026-03-28 09:42:31.163,2,SO,104111,1,0,593,1489.4,LT-20260328-091741
2026-03-28 09:42:31.881,2,SO,104112,1,0,716,1490.1,LT-20260328-091741
2026-03-28 09:42:32.675,2,SO,104113,1,0,793,1490.9,LT-20260328-091741
2026-03-28 09:42:33.441,2,SO,104114,1,0,765,1491.7,LT-20260328-091741
2026-03-28 09:42:34.231,2,SO,104115,1,0,788,1492.5,LT-20260328-091741
2026-03-28 09:42:35.043,2,SO,104116,1,0,810,1493.3,LT-20260328-091741
2026-03-28 09:42:35.833,2,SO,104117,1,0,789,1494.1,LT-20260328-091741
2026-03-28 09:42:36.620,2,SO,104118,1,0,785,1494.9,LT-20260328-091741
2026-03-28 09:42:37.444,2,SO,104119,1,0,822,1495.7,LT-20260328-091741
2026-03-28 09:42:38.275,2,SO,104120,1,0,829,1496.5,LT-20260328-091741
2026-03-28 09:42:39.030,2,SO,104121,1,0,754,1497.3,LT-20260328-091741
2026-03-28 09:42:39.826,2,SO,104122,1,0,793,1498.1,LT-20260328-091741
2026-03-28 09:42:40.681,2,SO,104123,1,0,854,1498.9,LT-20260328-091741
2026-03-28 09:42:41.513,2,SO,104124,1,0,830,1499.8,LT-20260328-091741
2026-03-28 09:42:42.139,2,SO,104125,1,0,624,1500.4,LT-20260328-091741
2026-03-28 09:42:42.731,2,SO,104126,1,0,591,1501,LT-20260328-091741
2026-03-28 09:42:43.317,2,SO,104127,1,0,584,1501.6,LT-20260328-091741
2026-03-28 09:42:43.897,2,SO,104128,1,0,578,1502.1,LT-20260328-091741
2026-03-28 09:42:44.464,2,SO,104129,1,0,566,1502.7,LT-20260328-091741
2026-03-28 09:42:45.039,2,SO,104130,1,0,573,1503.3,LT-20260328-091741
2026-03-28 09:42:45.614,2,SO,104131,1,0,572,1503.9,LT-20260328-091741
2026-03-28 09:42:46.180,2,SO,104132,1,0,565,1504.4,LT-20260328-091741
2026-03-28 09:42:46.766,2,SO,104133,1,0,585,1505,LT-20260328-091741
2026-03-28 09:42:47.338,2,SO,104134,1,0,570,1505.6,LT-20260328-091741
2026-03-28 09:42:47.951,2,SO,104135,1,0,611,1506.2,LT-20260328-091741
2026-03-28 09:42:48.527,2,SO,104136,1,0,574,1506.8,LT-20260328-091741
2026-03-28 09:42:49.140,2,SO,104137,1,0,612,1507.4,LT-20260328-091741
2026-03-28 09:42:49.742,2,SO,104138,1,0,599,1508,LT-20260328-091741
2026-03-28 09:42:50.317,2,SO,104139,1,0,573,1508.6,LT-20260328-091741
2026-03-28 09:42:50.941,2,SO,104140,1,0,622,1509.2,LT-20260328-091741
2026-03-28 09:42:51.527,2,SO,104141,1,0,584,1509.8,LT-20260328-091741
2026-03-28 09:42:52.112,2,SO,104142,1,0,583,1510.4,LT-20260328-091741
2026-03-28 09:42:52.676,2,SO,104143,1,0,562,1510.9,LT-20260328-091741
2026-03-28 09:42:53.258,2,SO,104144,1,0,580,1511.5,LT-20260328-091741
2026-03-28 09:42:53.847,2,SO,104145,1,0,587,1512.1,LT-20260328-091741
2026-03-28 09:42:54.441,2,SO,104146,1,0,593,1512.7,LT-20260328-091741
2026-03-28 09:42:55.038,2,SO,104147,1,0,595,1513.3,LT-20260328-091741
2026-03-28 09:42:55.623,2,SO,104148,1,0,583,1513.9,LT-20260328-091741
2026-03-28 09:42:56.192,2,SO,104149,1,0,568,1514.4,LT-20260328-091741
2026-03-28 09:42:56.766,2,SO,104150,1,0,572,1515,LT-20260328-091741
2026-03-28 09:42:57.342,2,SO,104151,1,0,574,1515.6,LT-20260328-091741
2026-03-28 09:42:57.918,2,SO,104152,1,0,575,1516.2,LT-20260328-091741
2026-03-28 09:42:58.484,2,SO,104153,1,0,564,1516.7,LT-20260328-091741
2026-03-28 09:42:59.050,2,SO,104154,1,0,564,1517.3,LT-20260328-091741
2026-03-28 09:42:59.629,2,SO,104155,1,0,577,1517.9,LT-20260328-091741
2026-03-28 09:43:00.226,2,SO,104156,1,0,594,1518.5,LT-20260328-091741
2026-03-28 09:43:00.792,2,SO,104157,1,0,565,1519,LT-20260328-091741
2026-03-28 09:43:01.385,2,SO,104158,1,0,591,1519.6,LT-20260328-091741
2026-03-28 09:43:01.981,2,SO,104159,1,0,594,1520.2,LT-20260328-091741
2026-03-28 09:43:02.563,2,SO,104160,1,0,581,1520.8,LT-20260328-091741
2026-03-28 09:43:03.246,2,SO,104161,1,0,681,1521.5,LT-20260328-091741
2026-03-28 09:43:03.863,2,SO,104162,1,0,616,1522.1,LT-20260328-091741
2026-03-28 09:43:04.450,2,SO,104163,1,0,585,1522.7,LT-20260328-091741
2026-03-28 09:43:05.036,2,SO,104164,1,0,583,1523.3,LT-20260328-091741
2026-03-28 09:43:05.614,2,SO,104165,1,0,577,1523.9,LT-20260328-091741
2026-03-28 09:43:06.213,2,SO,104166,1,0,596,1524.5,LT-20260328-091741
2026-03-28 09:43:06.911,2,SO,104167,1,0,697,1525.2,LT-20260328-091741
2026-03-28 09:43:07.505,2,SO,104168,1,0,592,1525.7,LT-20260328-091741
2026-03-28 09:43:08.098,2,SO,104169,1,0,592,1526.3,LT-20260328-091741
2026-03-28 09:43:08.680,2,SO,104170,1,0,580,1526.9,LT-20260328-091741
2026-03-28 09:43:09.271,2,SO,104171,1,0,589,1527.5,LT-20260328-091741
2026-03-28 09:43:09.885,2,SO,104172,1,0,612,1528.1,LT-20260328-091741
2026-03-28 09:43:10.471,2,SO,104173,1,0,583,1528.7,LT-20260328-091741
2026-03-28 09:43:11.066,2,SO,104174,1,0,594,1529.3,LT-20260328-091741
2026-03-28 09:43:11.780,2,SO,104175,1,0,712,1530,LT-20260328-091741
2026-03-28 09:43:12.596,2,SO,104176,1,0,814,1530.8,LT-20260328-091741
2026-03-28 09:43:13.364,2,SO,104177,1,0,767,1531.6,LT-20260328-091741
2026-03-28 09:43:14.171,2,SO,104178,1,0,805,1532.4,LT-20260328-091741
2026-03-28 09:43:14.942,2,SO,104179,1,0,769,1533.2,LT-20260328-091741
2026-03-28 09:43:15.740,2,SO,104180,1,0,796,1534,LT-20260328-091741
2026-03-28 09:43:16.516,2,SO,104181,1,0,772,1534.8,LT-20260328-091741
2026-03-28 09:43:17.340,2,SO,104182,1,0,823,1535.6,LT-20260328-091741
2026-03-28 09:43:18.108,2,SO,104183,1,0,766,1536.4,LT-20260328-091741
2026-03-28 09:43:19.021,2,SO,104184,1,0,912,1537.3,LT-20260328-091741
2026-03-28 09:43:19.849,2,SO,104185,1,0,825,1538.1,LT-20260328-091741
2026-03-28 09:43:20.602,2,SO,104186,1,0,752,1538.8,LT-20260328-091741
2026-03-28 09:43:21.445,2,SO,104187,1,0,841,1539.7,LT-20260328-091741
2026-03-28 09:43:22.239,2,SO,104188,1,0,792,1540.5,LT-20260328-091741
2026-03-28 09:43:23.022,2,SO,104189,1,0,782,1541.3,LT-20260328-091741
2026-03-28 09:43:23.891,2,SO,104190,1,0,867,1542.1,LT-20260328-091741
2026-03-28 09:43:24.772,2,SO,104191,1,0,879,1543,LT-20260328-091741
2026-03-28 09:43:25.534,2,SO,104192,1,0,762,1543.8,LT-20260328-091741
2026-03-28 09:43:26.290,2,SO,104193,1,0,754,1544.5,LT-20260328-091741
2026-03-28 09:43:27.095,2,SO,104194,1,0,803,1545.3,LT-20260328-091741
2026-03-28 09:43:27.891,2,SO,104195,1,0,794,1546.1,LT-20260328-091741
2026-03-28 09:43:28.681,2,SO,104196,1,0,789,1546.9,LT-20260328-091741
2026-03-28 09:43:29.456,2,SO,104197,1,0,773,1547.7,LT-20260328-091741
2026-03-28 09:43:30.264,2,SO,104198,1,0,807,1548.5,LT-20260328-091741
2026-03-28 09:43:31.040,2,SO,104199,1,0,774,1549.3,LT-20260328-091741
2026-03-28 09:43:31.713,2,SO,104200,1,0,671,1550,LT-20260328-091741
2026-03-28 09:43:32.294,2,SO,104201,1,0,580,1550.5,LT-20260328-091741
2026-03-28 09:43:32.913,2,SO,104202,1,0,618,1551.2,LT-20260328-091741
2026-03-28 09:43:33.528,2,SO,104203,1,0,613,1551.8,LT-20260328-091741
2026-03-28 09:43:34.302,2,SO,104204,1,0,772,1552.5,LT-20260328-091741
2026-03-28 09:43:35.108,2,SO,104205,1,0,804,1553.4,LT-20260328-091741
2026-03-28 09:43:35.888,2,SO,104206,1,0,778,1554.1,LT-20260328-091741
2026-03-28 09:43:36.652,2,SO,104207,1,0,762,1554.9,LT-20260328-091741
2026-03-28 09:43:37.458,2,SO,104208,1,0,804,1555.7,LT-20260328-091741
2026-03-28 09:43:38.279,2,SO,104209,1,0,819,1556.5,LT-20260328-091741
2026-03-28 09:43:39.036,2,SO,104210,1,0,755,1557.3,LT-20260328-091741
2026-03-28 09:43:39.833,2,SO,104211,1,0,795,1558.1,LT-20260328-091741
2026-03-28 09:43:40.629,2,SO,104212,1,0,793,1558.9,LT-20260328-091741
2026-03-28 09:43:41.415,2,SO,104213,1,0,784,1559.7,LT-20260328-091741
2026-03-28 09:43:42.190,2,SO,104214,1,0,772,1560.4,LT-20260328-091741
2026-03-28 09:43:42.993,2,SO,104215,1,0,802,1561.2,LT-20260328-091741
2026-03-28 09:43:43.787,2,SO,104216,1,0,792,1562,LT-20260328-091741
2026-03-28 09:43:44.544,2,SO,104217,1,0,755,1562.8,LT-20260328-091741
2026-03-28 09:43:45.329,2,SO,104218,1,0,783,1563.6,LT-20260328-091741
2026-03-28 09:43:46.105,2,SO,104219,1,0,772,1564.3,LT-20260328-091741
2026-03-28 09:43:46.891,2,SO,104220,1,0,784,1565.1,LT-20260328-091741
2026-03-28 09:43:47.679,2,SO,104221,1,0,785,1565.9,LT-20260328-091741
2026-03-28 09:43:48.494,2,SO,104222,1,0,812,1566.7,LT-20260328-091741
2026-03-28 09:43:49.292,2,SO,104223,1,0,794,1567.5,LT-20260328-091741
2026-03-28 09:43:50.111,2,SO,104224,1,0,816,1568.4,LT-20260328-091741
2026-03-28 09:43:50.926,2,SO,104225,1,0,812,1569.2,LT-20260328-091741
2026-03-28 09:43:51.722,2,SO,104226,1,0,793,1570,LT-20260328-091741
2026-03-28 09:43:52.515,2,SO,104227,1,0,792,1570.8,LT-20260328-091741
2026-03-28 09:43:53.395,2,SO,104228,1,0,877,1571.6,LT-20260328-091741
2026-03-28 09:43:54.072,2,SO,104229,1,0,675,1572.3,LT-20260328-091741
2026-03-28 09:43:54.706,2,SO,104230,1,0,632,1573,LT-20260328-091741
2026-03-28 09:43:55.319,2,SO,104231,1,0,611,1573.6,LT-20260328-091741
2026-03-28 09:43:55.929,2,SO,104232,1,0,604,1574.2,LT-20260328-091741
2026-03-28 09:43:56.549,2,SO,104233,1,0,617,1574.8,LT-20260328-091741
2026-03-28 09:43:57.189,2,SO,104234,1,0,638,1575.4,LT-20260328-091741
2026-03-28 09:43:57.792,2,SO,104235,1,0,601,1576,LT-20260328-091741
2026-03-28 09:43:58.403,2,SO,104236,1,0,607,1576.6,LT-20260328-091741
2026-03-28 09:43:58.995,2,SO,104237,1,0,590,1577.2,LT-20260328-091741
2026-03-28 09:43:59.580,2,SO,104238,1,0,584,1577.8,LT-20260328-091741
2026-03-28 09:44:00.177,2,SO,104239,1,0,595,1578.4,LT-20260328-091741
2026-03-28 09:44:00.782,2,SO,104240,1,0,600,1579,LT-20260328-091741
2026-03-28 09:44:01.371,2,SO,104241,1,0,587,1579.6,LT-20260328-091741
2026-03-28 09:44:01.984,2,SO,104242,1,0,611,1580.2,LT-20260328-091741
2026-03-28 09:44:02.602,2,SO,104243,1,0,614,1580.8,LT-20260328-091741
2026-03-28 09:44:03.209,2,SO,104244,1,0,605,1581.5,LT-20260328-091741
2026-03-28 09:44:03.879,2,SO,104245,1,0,669,1582.1,LT-20260328-091741
2026-03-28 09:44:04.532,2,SO,104246,1,0,651,1582.8,LT-20260328-091741
2026-03-28 09:44:05.166,2,SO,104247,1,0,632,1583.4,LT-20260328-091741
2026-03-28 09:44:05.807,2,SO,104248,1,0,639,1584.1,LT-20260328-091741
2026-03-28 09:44:06.429,2,SO,104249,1,0,619,1584.7,LT-20260328-091741
2026-03-28 09:44:07.046,2,SO,104250,1,0,614,1585.3,LT-20260328-091741
2026-03-28 09:44:07.665,2,SO,104251,1,0,617,1585.9,LT-20260328-091741
2026-03-28 09:44:08.262,2,SO,104252,1,0,595,1586.5,LT-20260328-091741
2026-03-28 09:44:08.850,2,SO,104253,1,0,585,1587.1,LT-20260328-091741
2026-03-28 09:44:09.455,2,SO,104254,1,0,603,1587.7,LT-20260328-091741
2026-03-28 09:44:10.069,2,SO,104255,1,0,610,1588.3,LT-20260328-091741
2026-03-28 09:44:10.676,2,SO,104256,1,0,606,1588.9,LT-20260328-091741
2026-03-28 09:44:11.293,2,SO,104257,1,0,615,1589.5,LT-20260328-091741
2026-03-28 09:44:11.932,2,SO,104258,1,0,637,1590.2,LT-20260328-091741
2026-03-28 09:44:12.547,2,SO,104259,1,0,613,1590.8,LT-20260328-091741
2026-03-28 09:44:13.155,2,SO,104260,1,0,606,1591.4,LT-20260328-091741
2026-03-28 09:44:13.977,2,SO,104261,1,0,819,1592.2,LT-20260328-091741
2026-03-28 09:44:14.759,2,SO,104262,1,0,780,1593,LT-20260328-091741
2026-03-28 09:44:15.586,2,SO,104263,1,0,826,1593.8,LT-20260328-091741
2026-03-28 09:44:16.436,2,SO,104264,1,0,848,1594.7,LT-20260328-091741
2026-03-28 09:44:17.217,2,SO,104265,1,0,780,1595.5,LT-20260328-091741
2026-03-28 09:44:18.145,2,SO,104266,1,0,926,1596.4,LT-20260328-091741
2026-03-28 09:44:19.026,2,SO,104267,1,0,880,1597.3,LT-20260328-091741
2026-03-28 09:44:19.838,2,SO,104268,1,0,810,1598.1,LT-20260328-091741
2026-03-28 09:44:20.621,2,SO,104269,1,0,780,1598.9,LT-20260328-091741
2026-03-28 09:44:21.460,2,SO,104270,1,0,838,1599.7,LT-20260328-091741
2026-03-28 09:44:22.259,2,SO,104271,1,0,797,1600.5,LT-20260328-091741
2026-03-28 09:44:23.058,2,SO,104272,1,0,798,1601.3,LT-20260328-091741
2026-03-28 09:44:23.752,2,SO,104273,1,0,692,1602,LT-20260328-091741
2026-03-28 09:44:24.409,2,SO,104274,1,0,655,1602.7,LT-20260328-091741
2026-03-28 09:44:24.995,2,SO,104275,1,0,584,1603.2,LT-20260328-091741
2026-03-28 09:44:25.599,2,SO,104276,1,0,603,1603.8,LT-20260328-091741
2026-03-28 09:44:26.190,2,SO,104277,1,0,589,1604.4,LT-20260328-091741
2026-03-28 09:44:26.834,2,SO,104278,1,0,641,1605.1,LT-20260328-091741
2026-03-28 09:44:27.446,2,SO,104279,1,0,611,1605.7,LT-20260328-091741
2026-03-28 09:44:28.035,2,SO,104280,1,0,587,1606.3,LT-20260328-091741
2026-03-28 09:44:28.616,2,SO,104281,1,0,579,1606.9,LT-20260328-091741
2026-03-28 09:44:29.213,2,SO,104282,1,0,595,1607.5,LT-20260328-091741
2026-03-28 09:44:29.817,2,SO,104283,1,0,602,1608.1,LT-20260328-091741
2026-03-28 09:44:30.448,2,SO,104284,1,0,629,1608.7,LT-20260328-091741
2026-03-28 09:44:31.041,2,SO,104285,1,0,590,1609.3,LT-20260328-091741
2026-03-28 09:44:31.650,2,SO,104286,1,0,607,1609.9,LT-20260328-091741
2026-03-28 09:44:32.224,2,SO,104287,1,0,573,1610.5,LT-20260328-091741
2026-03-28 09:44:32.833,2,SO,104288,1,0,607,1611.1,LT-20260328-091741
2026-03-28 09:44:33.431,2,SO,104289,1,0,596,1611.7,LT-20260328-091741
2026-03-28 09:44:34.043,2,SO,104290,1,0,609,1612.3,LT-20260328-091741
2026-03-28 09:44:34.646,2,SO,104291,1,0,602,1612.9,LT-20260328-091741
2026-03-28 09:44:35.260,2,SO,104292,1,0,611,1613.5,LT-20260328-091741
2026-03-28 09:44:35.851,2,SO,104293,1,0,589,1614.1,LT-20260328-091741
2026-03-28 09:44:36.452,2,SO,104294,1,0,599,1614.7,LT-20260328-091741
2026-03-28 09:44:37.050,2,SO,104295,1,0,596,1615.3,LT-20260328-091741
2026-03-28 09:44:37.656,2,SO,104296,1,0,605,1615.9,LT-20260328-091741
2026-03-28 09:44:38.232,2,SO,104297,1,0,574,1616.5,LT-20260328-091741
2026-03-28 09:44:38.810,2,SO,104298,1,0,577,1617.1,LT-20260328-091741
2026-03-28 09:44:39.380,2,SO,104299,1,0,567,1617.6,LT-20260328-091741
2026-03-28 09:44:40.016,2,SO,104300,1,0,635,1618.3,LT-20260328-091741
2026-03-28 09:44:40.620,2,SO,104301,1,0,602,1618.9,LT-20260328-091741
2026-03-28 09:44:41.258,2,SO,104302,1,0,637,1619.5,LT-20260328-091741
2026-03-28 09:44:41.841,2,SO,104303,1,0,580,1620.1,LT-20260328-091741
2026-03-28 09:44:42.423,2,SO,104304,1,0,580,1620.7,LT-20260328-091741
2026-03-28 09:44:43.024,2,SO,104305,1,0,598,1621.3,LT-20260328-091741
2026-03-28 09:44:43.686,2,SO,104306,1,0,660,1621.9,LT-20260328-091741
2026-03-28 09:44:44.620,2,SO,104307,1,0,931,1622.9,LT-20260328-091741
2026-03-28 09:44:45.399,2,SO,104308,1,0,778,1623.6,LT-20260328-091741
2026-03-28 09:44:46.169,2,SO,104309,1,0,768,1624.4,LT-20260328-091741
2026-03-28 09:44:46.980,2,SO,104310,1,0,809,1625.2,LT-20260328-091741
2026-03-28 09:44:47.828,2,SO,104311,1,0,847,1626.1,LT-20260328-091741
2026-03-28 09:44:48.713,2,SO,104312,1,0,882,1627,LT-20260328-091741
2026-03-28 09:44:49.599,2,SO,104313,1,0,884,1627.8,LT-20260328-091741
2026-03-28 09:44:50.397,2,SO,104314,1,0,796,1628.6,LT-20260328-091741
2026-03-28 09:44:51.177,2,SO,104315,1,0,778,1629.4,LT-20260328-091741
2026-03-28 09:44:51.956,2,SO,104316,1,0,776,1630.2,LT-20260328-091741
2026-03-28 09:44:52.731,2,SO,104317,1,0,773,1631,LT-20260328-091741
2026-03-28 09:44:53.516,2,SO,104318,1,0,783,1631.8,LT-20260328-091741
2026-03-28 09:44:54.312,2,SO,104319,1,0,794,1632.6,LT-20260328-091741
2026-03-28 09:44:55.108,2,SO,104320,1,0,793,1633.4,LT-20260328-091741
2026-03-28 09:44:55.905,2,SO,104321,1,0,796,1634.2,LT-20260328-091741
2026-03-28 09:44:56.662,2,SO,104322,1,0,755,1634.9,LT-20260328-091741
2026-03-28 09:44:57.470,2,SO,104323,1,0,805,1635.7,LT-20260328-091741
2026-03-28 09:44:58.369,2,SO,104324,1,0,898,1636.6,LT-20260328-091741
2026-03-28 09:44:59.148,2,SO,104325,1,0,777,1637.4,LT-20260328-091741
2026-03-28 09:44:59.925,2,SO,104326,1,0,776,1638.2,LT-20260328-091741
2026-03-28 09:45:00.720,2,SO,104327,1,0,792,1639,LT-20260328-091741
2026-03-28 09:45:01.527,2,SO,104328,1,0,805,1639.8,LT-20260328-091741
2026-03-28 09:45:02.337,2,SO,104329,1,0,808,1640.6,LT-20260328-091741
2026-03-28 09:45:03.254,2,SO,104330,1,0,916,1641.5,LT-20260328-091741
2026-03-28 09:45:03.916,2,SO,104331,1,0,660,1642.2,LT-20260328-091741
2026-03-28 09:45:04.527,2,SO,104332,1,0,608,1642.8,LT-20260328-091741
2026-03-28 09:45:05.130,2,SO,104333,1,0,601,1643.4,LT-20260328-091741
2026-03-28 09:45:06.061,2,SO,104334,1,0,930,1644.3,LT-20260328-091741
2026-03-28 09:45:06.652,2,SO,104335,1,0,588,1644.9,LT-20260328-091741
2026-03-28 09:45:07.236,2,SO,104336,1,0,583,1645.5,LT-20260328-091741
2026-03-28 09:45:07.838,2,SO,104337,1,0,600,1646.1,LT-20260328-091741
2026-03-28 09:45:08.430,2,SO,104338,1,0,590,1646.7,LT-20260328-091741
2026-03-28 09:45:09.028,2,SO,104339,1,0,596,1647.3,LT-20260328-091741
2026-03-28 09:45:09.624,2,SO,104340,1,0,594,1647.9,LT-20260328-091741
2026-03-28 09:45:10.238,2,SO,104341,1,0,612,1648.5,LT-20260328-091741
2026-03-28 09:45:10.831,2,SO,104342,1,0,591,1649.1,LT-20260328-091741
2026-03-28 09:45:11.459,2,SO,104343,1,0,627,1649.7,LT-20260328-091741
2026-03-28 09:45:12.052,2,SO,104344,1,0,591,1650.3,LT-20260328-091741
2026-03-28 09:45:12.913,2,SO,104345,1,0,858,1651.2,LT-20260328-091741
2026-03-28 09:45:13.509,2,SO,104346,1,0,593,1651.8,LT-20260328-091741
2026-03-28 09:45:14.325,2,SO,104347,1,0,812,1652.6,LT-20260328-091741
2026-03-28 09:45:15.123,2,SO,104348,1,0,797,1653.4,LT-20260328-091741
2026-03-28 09:45:15.925,2,SO,104349,1,0,800,1654.2,LT-20260328-091741
2026-03-28 09:45:16.750,2,SO,104350,1,0,823,1655,LT-20260328-091741
2026-03-28 09:45:17.593,2,SO,104351,1,0,841,1655.8,LT-20260328-091741
2026-03-28 09:45:18.386,2,SO,104352,1,0,791,1656.6,LT-20260328-091741
2026-03-28 09:45:19.187,2,SO,104353,1,0,799,1657.4,LT-20260328-091741
2026-03-28 09:45:19.976,2,SO,104354,1,0,788,1658.2,LT-20260328-091741
2026-03-28 09:45:20.791,2,SO,104355,1,0,813,1659,LT-20260328-091741
2026-03-28 09:45:21.596,2,SO,104356,1,0,802,1659.8,LT-20260328-091741
2026-03-28 09:45:22.389,2,SO,104357,1,0,792,1660.6,LT-20260328-091741
2026-03-28 09:45:23.159,2,SO,104358,1,0,768,1661.4,LT-20260328-091741
2026-03-28 09:45:24.002,2,SO,104359,1,0,841,1662.2,LT-20260328-091741
2026-03-28 09:45:24.842,2,SO,104360,1,0,838,1663.1,LT-20260328-091741
2026-03-28 09:45:25.661,2,SO,104361,1,0,817,1663.9,LT-20260328-091741
2026-03-28 09:45:26.484,2,SO,104362,1,0,821,1664.7,LT-20260328-091741
2026-03-28 09:45:27.255,2,SO,104363,1,0,768,1665.5,LT-20260328-091741
2026-03-28 09:45:28.037,2,SO,104364,1,0,780,1666.3,LT-20260328-091741
2026-03-28 09:45:28.827,2,SO,104365,1,0,788,1667.1,LT-20260328-091741
2026-03-28 09:45:29.668,2,SO,104366,1,0,839,1667.9,LT-20260328-091741
2026-03-28 09:45:30.499,2,SO,104367,1,0,829,1668.7,LT-20260328-091741
2026-03-28 09:45:31.300,2,SO,104368,1,0,798,1669.5,LT-20260328-091741
2026-03-28 09:45:32.104,2,SO,104369,1,0,802,1670.3,LT-20260328-091741
2026-03-28 09:45:32.900,2,SO,104370,1,0,793,1671.1,LT-20260328-091741
2026-03-28 09:45:33.665,2,SO,104371,1,0,764,1671.9,LT-20260328-091741
2026-03-28 09:45:34.303,2,SO,104372,1,0,637,1672.5,LT-20260328-091741
2026-03-28 09:45:34.902,2,SO,104373,1,0,598,1673.1,LT-20260328-091741
2026-03-28 09:45:35.517,2,SO,104374,1,0,613,1673.8,LT-20260328-091741
2026-03-28 09:45:36.133,2,SO,104375,1,0,614,1674.4,LT-20260328-091741
2026-03-28 09:45:36.773,2,SO,104376,1,0,638,1675,LT-20260328-091741
2026-03-28 09:45:37.369,2,SO,104377,1,0,594,1675.6,LT-20260328-091741
2026-03-28 09:45:37.976,2,SO,104378,1,0,605,1676.2,LT-20260328-091741
2026-03-28 09:45:38.566,2,SO,104379,1,0,588,1676.8,LT-20260328-091741
2026-03-28 09:45:39.192,2,SO,104380,1,0,625,1677.4,LT-20260328-091741
2026-03-28 09:45:39.825,2,SO,104381,1,0,630,1678.1,LT-20260328-091741
2026-03-28 09:45:40.444,2,SO,104382,1,0,617,1678.7,LT-20260328-091741
2026-03-28 09:45:41.059,2,SO,104383,1,0,614,1679.3,LT-20260328-091741
2026-03-28 09:45:41.683,2,SO,104384,1,0,621,1679.9,LT-20260328-091741
2026-03-28 09:45:42.295,2,SO,104385,1,0,610,1680.5,LT-20260328-091741
2026-03-28 09:45:42.875,2,SO,104386,1,0,579,1681.1,LT-20260328-091741
2026-03-28 09:45:43.492,2,SO,104387,1,0,615,1681.7,LT-20260328-091741
2026-03-28 09:45:44.115,2,SO,104388,1,0,620,1682.4,LT-20260328-091741
2026-03-28 09:45:44.740,2,SO,104389,1,0,623,1683,LT-20260328-091741
2026-03-28 09:45:45.364,2,SO,104390,1,0,621,1683.6,LT-20260328-091741
2026-03-28 09:45:45.960,2,SO,104391,1,0,594,1684.2,LT-20260328-091741
2026-03-28 09:45:46.559,2,SO,104392,1,0,597,1684.8,LT-20260328-091741
2026-03-28 09:45:47.157,2,SO,104393,1,0,595,1685.4,LT-20260328-091741
2026-03-28 09:45:47.757,2,SO,104394,1,0,597,1686,LT-20260328-091741
2026-03-28 09:45:48.354,2,SO,104395,1,0,595,1686.6,LT-20260328-091741
2026-03-28 09:45:48.991,2,SO,104396,1,0,636,1687.2,LT-20260328-091741
2026-03-28 09:45:49.634,2,SO,104397,1,0,640,1687.9,LT-20260328-091741
2026-03-28 09:45:50.257,2,SO,104398,1,0,622,1688.5,LT-20260328-091741
2026-03-28 09:45:50.853,2,SO,104399,1,0,594,1689.1,LT-20260328-091741
2026-03-28 09:45:51.496,2,SO,104400,1,0,638,1689.7,LT-20260328-091741
2026-03-28 09:45:52.116,2,SO,104401,1,0,617,1690.4,LT-20260328-091741
2026-03-28 09:45:52.708,2,SO,104402,1,0,588,1691,LT-20260328-091741
2026-03-28 09:45:53.350,2,SO,104403,1,0,638,1691.6,LT-20260328-091741
2026-03-28 09:45:53.999,2,SO,104404,1,0,644,1692.2,LT-20260328-091741
2026-03-28 09:45:54.677,2,SO,104405,1,0,675,1692.9,LT-20260328-091741
2026-03-28 09:45:55.301,2,SO,104406,1,0,619,1693.5,LT-20260328-091741
2026-03-28 09:45:55.905,2,SO,104407,1,0,602,1694.1,LT-20260328-091741
2026-03-28 09:45:56.530,2,SO,104408,1,0,621,1694.8,LT-20260328-091741
2026-03-28 09:45:57.182,2,SO,104409,1,0,650,1695.4,LT-20260328-091741
2026-03-28 09:45:57.850,2,SO,104410,1,0,664,1696.1,LT-20260328-091741
2026-03-28 09:45:58.471,2,SO,104411,1,0,618,1696.7,LT-20260328-091741
2026-03-28 09:45:59.093,2,SO,104412,1,0,619,1697.3,LT-20260328-091741
2026-03-28 09:45:59.738,2,SO,104413,1,0,642,1698,LT-20260328-091741
2026-03-28 09:46:00.375,2,SO,104414,1,0,633,1698.6,LT-20260328-091741
2026-03-28 09:46:01.035,2,SO,104415,1,0,655,1699.3,LT-20260328-091741
2026-03-28 09:46:01.676,2,SO,104416,1,0,638,1699.9,LT-20260328-091741
2026-03-28 09:46:02.326,2,SO,104417,1,0,646,1700.6,LT-20260328-091741
2026-03-28 09:46:02.967,2,SO,104418,1,0,637,1701.2,LT-20260328-091741
2026-03-28 09:46:03.641,2,SO,104419,1,0,671,1701.9,LT-20260328-091741
2026-03-28 09:46:04.237,2,SO,104420,1,0,595,1702.5,LT-20260328-091741
2026-03-28 09:46:05.087,2,SO,104421,1,0,846,1703.3,LT-20260328-091741
2026-03-28 09:46:05.912,2,SO,104422,1,0,822,1704.2,LT-20260328-091741
2026-03-28 09:46:06.752,2,SO,104423,1,0,836,1705,LT-20260328-091741
2026-03-28 09:46:07.593,2,SO,104424,1,0,837,1705.8,LT-20260328-091741
2026-03-28 09:46:08.405,2,SO,104425,1,0,809,1706.6,LT-20260328-091741
2026-03-28 09:46:09.258,2,SO,104426,1,0,849,1707.5,LT-20260328-091741
2026-03-28 09:46:10.120,2,SO,104427,1,0,857,1708.4,LT-20260328-091741
2026-03-28 09:46:10.953,2,SO,104428,1,0,831,1709.2,LT-20260328-091741
2026-03-28 09:46:11.786,2,SO,104429,1,0,831,1710,LT-20260328-091741
2026-03-28 09:46:12.618,2,SO,104430,1,0,829,1710.9,LT-20260328-091741
2026-03-28 09:46:13.430,2,SO,104431,1,0,808,1711.7,LT-20260328-091741
2026-03-28 09:46:14.275,2,SO,104432,1,0,840,1712.5,LT-20260328-091741
2026-03-28 09:46:14.954,2,SO,104433,1,0,678,1713.2,LT-20260328-091741
2026-03-28 09:46:15.586,2,SO,104434,1,0,630,1713.8,LT-20260328-091741
2026-03-28 09:46:16.222,2,SO,104435,1,0,633,1714.5,LT-20260328-091741
2026-03-28 09:46:16.853,2,SO,104436,1,0,628,1715.1,LT-20260328-091741
2026-03-28 09:46:17.464,2,SO,104437,1,0,609,1715.7,LT-20260328-091741
2026-03-28 09:46:18.095,2,SO,104438,1,0,628,1716.3,LT-20260328-091741
2026-03-28 09:46:18.732,2,SO,104439,1,0,632,1717,LT-20260328-091741
2026-03-28 09:46:19.354,2,SO,104440,1,0,619,1717.6,LT-20260328-091741
2026-03-28 09:46:20.003,2,SO,104441,1,0,644,1718.2,LT-20260328-091741
2026-03-28 09:46:20.637,2,SO,104442,1,0,631,1718.9,LT-20260328-091741
2026-03-28 09:46:21.270,2,SO,104443,1,0,631,1719.5,LT-20260328-091741
2026-03-28 09:46:21.902,2,SO,104444,1,0,627,1720.1,LT-20260328-091741
2026-03-28 09:46:22.531,2,SO,104445,1,0,627,1720.8,LT-20260328-091741
2026-03-28 09:46:23.169,2,SO,104446,1,0,632,1721.4,LT-20260328-091741
2026-03-28 09:46:23.825,2,SO,104447,1,0,653,1722.1,LT-20260328-091741
2026-03-28 09:46:24.466,2,SO,104448,1,0,637,1722.7,LT-20260328-091741
2026-03-28 09:46:25.104,2,SO,104449,1,0,634,1723.3,LT-20260328-091741
2026-03-28 09:46:25.728,2,SO,104450,1,0,620,1724,LT-20260328-091741
2026-03-28 09:46:26.382,2,SO,104451,1,0,650,1724.6,LT-20260328-091741
2026-03-28 09:46:27.003,2,SO,104452,1,0,618,1725.2,LT-20260328-091741
2026-03-28 09:46:27.668,2,SO,104453,1,0,661,1725.9,LT-20260328-091741
2026-03-28 09:46:28.307,2,SO,104454,1,0,636,1726.6,LT-20260328-091741
2026-03-28 09:46:28.935,2,SO,104455,1,0,623,1727.2,LT-20260328-091741
2026-03-28 09:46:29.565,2,SO,104456,1,0,627,1727.8,LT-20260328-091741
2026-03-28 09:46:30.226,2,SO,104457,1,0,657,1728.5,LT-20260328-091741
2026-03-28 09:46:30.856,2,SO,104458,1,0,627,1729.1,LT-20260328-091741
2026-03-28 09:46:31.471,2,SO,104459,1,0,610,1729.7,LT-20260328-091741
2026-03-28 09:46:32.075,2,SO,104460,1,0,599,1730.3,LT-20260328-091741
2026-03-28 09:46:32.682,2,SO,104461,1,0,604,1730.9,LT-20260328-091741
2026-03-28 09:46:33.291,2,SO,104462,1,0,606,1731.5,LT-20260328-091741
2026-03-28 09:46:33.919,2,SO,104463,1,0,624,1732.2,LT-20260328-091741
2026-03-28 09:46:34.538,2,SO,104464,1,0,615,1732.8,LT-20260328-091741
2026-03-28 09:46:35.131,2,SO,104465,1,0,589,1733.4,LT-20260328-091741
2026-03-28 09:46:35.742,2,SO,104466,1,0,608,1734,LT-20260328-091741
2026-03-28 09:46:36.364,2,SO,104467,1,0,619,1734.6,LT-20260328-091741
2026-03-28 09:46:36.962,2,SO,104468,1,0,595,1735.2,LT-20260328-091741
2026-03-28 09:46:37.587,2,SO,104469,1,0,623,1735.8,LT-20260328-091741
2026-03-28 09:46:38.200,2,SO,104470,1,0,611,1736.4,LT-20260328-091741
2026-03-28 09:46:38.793,2,SO,104471,1,0,590,1737,LT-20260328-091741
2026-03-28 09:46:39.362,2,SO,104472,1,0,568,1737.6,LT-20260328-091741
2026-03-28 09:46:39.965,2,SO,104473,1,0,600,1738.2,LT-20260328-091741
2026-03-28 09:46:41.067,2,SO,104474,1,0,1070,1739.3,LT-20260328-091741
2026-03-28 09:46:41.661,2,SO,104475,1,0,593,1739.9,LT-20260328-091741
2026-03-28 09:46:42.285,2,SO,104476,1,0,622,1740.5,LT-20260328-091741
2026-03-28 09:46:42.911,2,SO,104477,1,0,625,1741.2,LT-20260328-091741
2026-03-28 09:46:43.505,2,SO,104478,1,0,593,1741.7,LT-20260328-091741
2026-03-28 09:46:44.087,2,SO,104479,1,0,580,1742.3,LT-20260328-091741
2026-03-28 09:46:44.702,2,SO,104480,1,0,611,1742.9,LT-20260328-091741
2026-03-28 09:46:45.315,2,SO,104481,1,0,610,1743.6,LT-20260328-091741
2026-03-28 09:46:45.928,2,SO,104482,1,0,611,1744.2,LT-20260328-091741
2026-03-28 09:46:46.524,2,SO,104483,1,0,592,1744.8,LT-20260328-091741
2026-03-28 09:46:47.100,2,SO,104484,1,0,575,1745.3,LT-20260328-091741
2026-03-28 09:46:47.680,2,SO,104485,1,0,578,1745.9,LT-20260328-091741
2026-03-28 09:46:48.268,2,SO,104486,1,0,587,1746.5,LT-20260328-091741
2026-03-28 09:46:48.848,2,SO,104487,1,0,577,1747.1,LT-20260328-091741
2026-03-28 09:46:49.431,2,SO,104488,1,0,581,1747.7,LT-20260328-091741
2026-03-28 09:46:49.999,2,SO,104489,1,0,566,1748.2,LT-20260328-091741
2026-03-28 09:46:50.578,2,SO,104490,1,0,579,1748.8,LT-20260328-091741
2026-03-28 09:46:51.156,2,SO,104491,1,0,576,1749.4,LT-20260328-091741
2026-03-28 09:46:51.737,2,SO,104492,1,0,579,1750,LT-20260328-091741
2026-03-28 09:46:52.445,2,SO,104493,1,0,707,1750.7,LT-20260328-091741
2026-03-28 09:46:53.117,2,SO,104494,1,0,670,1751.4,LT-20260328-091741
2026-03-28 09:46:53.723,2,SO,104495,1,0,605,1752,LT-20260328-091741
2026-03-28 09:46:54.297,2,SO,104496,1,0,573,1752.5,LT-20260328-091741
2026-03-28 09:46:55.080,2,SO,104497,1,0,780,1753.3,LT-20260328-091741
2026-03-28 09:46:55.861,2,SO,104498,1,0,780,1754.1,LT-20260328-091741
2026-03-28 09:46:56.639,2,SO,104499,1,0,777,1754.9,LT-20260328-091741
2026-03-28 09:46:57.458,2,SO,104500,1,0,817,1755.7,LT-20260328-091741
2026-03-28 09:46:58.251,2,SO,104501,1,0,792,1756.5,LT-20260328-091741
2026-03-28 09:46:59.054,2,SO,104502,1,0,801,1757.3,LT-20260328-091741
2026-03-28 09:46:59.860,2,SO,104503,1,0,805,1758.1,LT-20260328-091741
2026-03-28 09:47:00.647,2,SO,104504,1,0,786,1758.9,LT-20260328-091741
2026-03-28 09:47:01.420,2,SO,104505,1,0,771,1759.7,LT-20260328-091741
2026-03-28 09:47:02.186,2,SO,104506,1,0,764,1760.4,LT-20260328-091741
2026-03-28 09:47:02.983,2,SO,104507,1,0,793,1761.2,LT-20260328-091741
2026-03-28 09:47:03.798,2,SO,104508,1,0,814,1762,LT-20260328-091741
2026-03-28 09:47:04.554,2,SO,104509,1,0,753,1762.8,LT-20260328-091741
2026-03-28 09:47:05.131,2,SO,104510,1,0,573,1763.4,LT-20260328-091741
2026-03-28 09:47:05.700,2,SO,104511,1,0,568,1763.9,LT-20260328-091741
2026-03-28 09:47:06.305,2,SO,104512,1,0,602,1764.5,LT-20260328-091741
2026-03-28 09:47:06.900,2,SO,104513,1,0,593,1765.1,LT-20260328-091741
2026-03-28 09:47:07.490,2,SO,104514,1,0,589,1765.7,LT-20260328-091741
2026-03-28 09:47:08.059,2,SO,104515,1,0,568,1766.3,LT-20260328-091741
2026-03-28 09:47:08.666,2,SO,104516,1,0,604,1766.9,LT-20260328-091741
2026-03-28 09:47:09.269,2,SO,104517,1,0,601,1767.5,LT-20260328-091741
2026-03-28 09:47:09.867,2,SO,104518,1,0,596,1768.1,LT-20260328-091741
2026-03-28 09:47:10.459,2,SO,104519,1,0,591,1768.7,LT-20260328-091741
2026-03-28 09:47:11.040,2,SO,104520,1,0,579,1769.3,LT-20260328-091741
2026-03-28 09:47:11.628,2,SO,104521,1,0,587,1769.9,LT-20260328-091741
2026-03-28 09:47:12.210,2,SO,104522,1,0,580,1770.5,LT-20260328-091741
2026-03-28 09:47:12.829,2,SO,104523,1,0,617,1771.1,LT-20260328-091741
2026-03-28 09:47:13.412,2,SO,104524,1,0,581,1771.7,LT-20260328-091741
2026-03-28 09:47:13.995,2,SO,104525,1,0,581,1772.2,LT-20260328-091741
2026-03-28 09:47:14.676,2,SO,104526,1,0,680,1772.9,LT-20260328-091741
2026-03-28 09:47:15.466,2,SO,104527,1,0,789,1773.7,LT-20260328-091741
2026-03-28 09:47:16.265,2,SO,104528,1,0,796,1774.5,LT-20260328-091741
2026-03-28 09:47:17.036,2,SO,104529,1,0,768,1775.3,LT-20260328-091741
2026-03-28 09:47:17.847,2,SO,104530,1,0,809,1776.1,LT-20260328-091741
2026-03-28 09:47:18.644,2,SO,104531,1,0,794,1776.9,LT-20260328-091741
2026-03-28 09:47:19.471,2,SO,104532,1,0,826,1777.7,LT-20260328-091741
2026-03-28 09:47:20.249,2,SO,104533,1,0,776,1778.5,LT-20260328-091741
2026-03-28 09:47:21.030,2,SO,104534,1,0,779,1779.3,LT-20260328-091741
2026-03-28 09:47:21.819,2,SO,104535,1,0,787,1780.1,LT-20260328-091741
2026-03-28 09:47:22.620,2,SO,104536,1,0,798,1780.9,LT-20260328-091741
2026-03-28 09:47:23.400,2,SO,104537,1,0,778,1781.6,LT-20260328-091741
2026-03-28 09:47:24.174,2,SO,104538,1,0,772,1782.4,LT-20260328-091741
2026-03-28 09:47:24.867,2,SO,104539,1,0,692,1783.1,LT-20260328-091741
2026-03-28 09:47:25.466,2,SO,104540,1,0,596,1783.7,LT-20260328-091741
2026-03-28 09:47:26.043,2,SO,104541,1,0,575,1784.3,LT-20260328-091741
2026-03-28 09:47:26.645,2,SO,104542,1,0,600,1784.9,LT-20260328-091741
2026-03-28 09:47:27.235,2,SO,104543,1,0,587,1785.5,LT-20260328-091741
2026-03-28 09:47:27.838,2,SO,104544,1,0,601,1786.1,LT-20260328-091741
2026-03-28 09:47:28.544,2,SO,104545,1,0,703,1786.8,LT-20260328-091741
2026-03-28 09:47:29.265,2,SO,104546,1,0,720,1787.5,LT-20260328-091741
2026-03-28 09:47:29.862,2,SO,104547,1,0,594,1788.1,LT-20260328-091741
2026-03-28 09:47:30.466,2,SO,104548,1,0,602,1788.7,LT-20260328-091741
2026-03-28 09:47:31.055,2,SO,104549,1,0,587,1789.3,LT-20260328-091741
2026-03-28 09:47:31.645,2,SO,104550,1,0,588,1789.9,LT-20260328-091741
2026-03-28 09:47:32.250,2,SO,104551,1,0,603,1790.5,LT-20260328-091741
2026-03-28 09:47:32.840,2,SO,104552,1,0,588,1791.1,LT-20260328-091741
2026-03-28 09:47:33.445,2,SO,104553,1,0,603,1791.7,LT-20260328-091741
2026-03-28 09:47:34.020,2,SO,104554,1,0,573,1792.3,LT-20260328-091741
2026-03-28 09:47:34.682,2,SO,104555,1,0,659,1792.9,LT-20260328-091741
2026-03-28 09:47:35.488,2,SO,104556,1,0,804,1793.7,LT-20260328-091741
2026-03-28 09:47:36.259,2,SO,104557,1,0,770,1794.5,LT-20260328-091741
2026-03-28 09:47:37.042,2,SO,104558,1,0,781,1795.3,LT-20260328-091741
2026-03-28 09:47:37.839,2,SO,104559,1,0,795,1796.1,LT-20260328-091741
2026-03-28 09:47:38.628,2,SO,104560,1,0,787,1796.9,LT-20260328-091741
2026-03-28 09:47:39.406,2,SO,104561,1,0,776,1797.7,LT-20260328-091741
2026-03-28 09:47:40.189,2,SO,104562,1,0,781,1798.4,LT-20260328-091741
2026-03-28 09:47:40.970,2,SO,104563,1,0,780,1799.2,LT-20260328-091741
2026-03-28 09:47:41.778,2,SO,104564,1,0,805,1800,LT-20260328-091741
2026-03-28 09:47:42.555,2,SO,104565,1,0,776,1800.8,LT-20260328-091741
2026-03-28 09:47:43.487,2,PO,108540,1,0,927,1801.7,LT-20260328-091741
2026-03-28 09:47:44.172,2,PO,108541,1,0,683,1802.4,LT-20260328-091741
2026-03-28 09:47:44.878,2,PO,108542,1,0,704,1803.1,LT-20260328-091741
2026-03-28 09:47:45.556,2,PO,108543,1,0,676,1803.8,LT-20260328-091741
2026-03-28 09:47:46.231,2,PO,108544,1,0,674,1804.5,LT-20260328-091741
2026-03-28 09:47:46.898,2,PO,108545,1,0,665,1805.1,LT-20260328-091741
2026-03-28 09:47:47.573,2,PO,108546,1,0,673,1805.8,LT-20260328-091741
2026-03-28 09:47:48.268,2,PO,108547,1,0,692,1806.5,LT-20260328-091741
2026-03-28 09:47:48.957,2,PO,108548,1,0,686,1807.2,LT-20260328-091741
2026-03-28 09:47:49.633,2,PO,108549,1,0,674,1807.9,LT-20260328-091741
2026-03-28 09:47:50.300,2,PO,108550,1,0,665,1808.5,LT-20260328-091741
2026-03-28 09:47:50.966,2,PO,108551,1,0,664,1809.2,LT-20260328-091741
2026-03-28 09:47:51.658,2,PO,108552,1,0,690,1809.9,LT-20260328-091741
2026-03-28 09:47:52.328,2,PO,108553,1,0,667,1810.6,LT-20260328-091741
2026-03-28 09:47:52.990,2,PO,108554,1,0,660,1811.2,LT-20260328-091741
2026-03-28 09:47:53.684,2,PO,108555,1,0,692,1811.9,LT-20260328-091741
2026-03-28 09:47:54.374,2,PO,108556,1,0,688,1812.6,LT-20260328-091741
2026-03-28 09:47:54.861,2,PO,108557,1,0,484,1813.1,LT-20260328-091741
2026-03-28 09:47:55.347,2,PO,108558,1,0,484,1813.6,LT-20260328-091741
2026-03-28 09:47:55.847,2,PO,108559,1,0,498,1814.1,LT-20260328-091741
2026-03-28 09:47:56.418,2,PO,108560,1,0,570,1814.7,LT-20260328-091741
2026-03-28 09:47:56.915,2,PO,108561,1,0,495,1815.2,LT-20260328-091741
2026-03-28 09:47:57.446,2,PO,108562,1,0,528,1815.7,LT-20260328-091741
2026-03-28 09:47:57.942,2,PO,108563,1,0,493,1816.2,LT-20260328-091741
2026-03-28 09:47:58.428,2,PO,108564,1,0,484,1816.7,LT-20260328-091741
2026-03-28 09:47:58.916,2,PO,108565,1,0,485,1817.2,LT-20260328-091741
2026-03-28 09:47:59.480,2,PO,108566,1,0,561,1817.7,LT-20260328-091741
2026-03-28 09:47:59.954,2,PO,108567,1,0,473,1818.2,LT-20260328-091741
2026-03-28 09:48:00.434,2,PO,108568,1,0,477,1818.7,LT-20260328-091741
2026-03-28 09:48:00.952,2,PO,108569,1,0,516,1819.2,LT-20260328-091741
2026-03-28 09:48:01.449,2,PO,108570,1,0,495,1819.7,LT-20260328-091741
2026-03-28 09:48:01.923,2,PO,108571,1,0,471,1820.2,LT-20260328-091741
2026-03-28 09:48:02.586,2,PO,108572,1,0,661,1820.8,LT-20260328-091741
2026-03-28 09:48:03.274,2,PO,108573,1,0,685,1821.5,LT-20260328-091741
2026-03-28 09:48:03.911,2,PO,108574,1,0,635,1822.2,LT-20260328-091741
2026-03-28 09:48:04.531,2,PO,108575,1,0,618,1822.8,LT-20260328-091741
2026-03-28 09:48:05.185,2,PO,108576,1,0,653,1823.4,LT-20260328-091741
2026-03-28 09:48:05.839,2,PO,108577,1,0,652,1824.1,LT-20260328-091741
2026-03-28 09:48:06.313,2,PO,108578,1,0,473,1824.6,LT-20260328-091741
2026-03-28 09:48:06.814,2,PO,108579,1,0,498,1825.1,LT-20260328-091741
2026-03-28 09:48:07.317,2,PO,108580,1,0,500,1825.6,LT-20260328-091741
2026-03-28 09:48:07.927,2,PO,108581,1,0,609,1826.2,LT-20260328-091741
2026-03-28 09:48:08.411,2,PO,108582,1,0,482,1826.7,LT-20260328-091741
2026-03-28 09:48:08.991,2,PO,108583,1,0,578,1827.2,LT-20260328-091741
2026-03-28 09:48:09.479,2,PO,108584,1,0,485,1827.7,LT-20260328-091741
2026-03-28 09:48:10.053,2,PO,108585,1,0,573,1828.3,LT-20260328-091741
2026-03-28 09:48:10.533,2,PO,108586,1,0,478,1828.8,LT-20260328-091741
2026-03-28 09:48:11.013,2,PO,108587,1,0,478,1829.3,LT-20260328-091741
2026-03-28 09:48:11.498,2,PO,108588,1,0,485,1829.7,LT-20260328-091741
2026-03-28 09:48:11.988,2,PO,108589,1,0,488,1830.2,LT-20260328-091741
2026-03-28 09:48:12.464,2,PO,108590,1,0,474,1830.7,LT-20260328-091741
2026-03-28 09:48:12.971,2,PO,108591,1,0,505,1831.2,LT-20260328-091741
2026-03-28 09:48:13.454,2,PO,108592,1,0,481,1831.7,LT-20260328-091741
2026-03-28 09:48:13.932,2,PO,108593,1,0,477,1832.2,LT-20260328-091741
2026-03-28 09:48:14.432,2,PO,108594,1,0,496,1832.7,LT-20260328-091741
2026-03-28 09:48:15.312,2,PO,108595,1,0,878,1833.6,LT-20260328-091741
2026-03-28 09:48:16.003,2,PO,108596,1,0,689,1834.2,LT-20260328-091741
2026-03-28 09:48:16.681,2,PO,108597,1,0,675,1834.9,LT-20260328-091741
2026-03-28 09:48:17.389,2,PO,108598,1,0,706,1835.6,LT-20260328-091741
2026-03-28 09:48:18.049,2,PO,108599,1,0,658,1836.3,LT-20260328-091741
2026-03-28 09:48:18.941,2,PO,108600,1,0,890,1837.2,LT-20260328-091741
2026-03-28 09:48:19.792,2,PO,108601,1,0,849,1838,LT-20260328-091741
2026-03-28 09:48:20.697,2,PO,108602,1,0,904,1838.9,LT-20260328-091741
2026-03-28 09:48:21.504,2,PO,108603,1,0,804,1839.7,LT-20260328-091741
2026-03-28 09:48:22.380,2,PO,108604,1,0,874,1840.6,LT-20260328-091741
2026-03-28 09:48:23.079,2,PO,108605,1,0,695,1841.3,LT-20260328-091741
2026-03-28 09:48:23.795,2,PO,108606,1,0,712,1842,LT-20260328-091741
2026-03-28 09:48:24.480,2,PO,108607,1,0,684,1842.7,LT-20260328-091741
2026-03-28 09:48:26.685,2,PO,108608,1,0,2202,1844.9,LT-20260328-091741
2026-03-28 09:48:27.381,2,PO,108609,1,0,694,1845.6,LT-20260328-091741
2026-03-28 09:48:28.057,2,PO,108610,1,0,672,1846.3,LT-20260328-091741
2026-03-28 09:48:28.734,2,PO,108611,1,0,675,1847,LT-20260328-091741
2026-03-28 09:48:29.451,2,PO,108612,1,0,714,1847.7,LT-20260328-091741
2026-03-28 09:48:30.150,2,PO,108613,1,0,695,1848.4,LT-20260328-091741
2026-03-28 09:48:30.840,2,PO,108614,1,0,686,1849.1,LT-20260328-091741
2026-03-28 09:48:31.552,2,PO,108615,1,0,709,1849.8,LT-20260328-091741
2026-03-28 09:48:32.275,2,PO,108616,1,0,718,1850.5,LT-20260328-091741
2026-03-28 09:48:32.985,2,PO,108617,1,0,707,1851.2,LT-20260328-091741
2026-03-28 09:48:33.730,2,PO,108618,1,0,742,1852,LT-20260328-091741
2026-03-28 09:48:34.732,2,PO,108619,1,0,999,1853,LT-20260328-091741
2026-03-28 09:48:35.632,2,PO,108620,1,0,896,1853.9,LT-20260328-091741
2026-03-28 09:48:36.457,2,PO,108621,1,0,822,1854.7,LT-20260328-091741
2026-03-28 09:48:37.168,2,PO,108622,1,0,708,1855.4,LT-20260328-091741
2026-03-28 09:48:38.024,2,PO,108623,1,0,854,1856.3,LT-20260328-091741
2026-03-28 09:48:38.802,2,PO,108624,1,0,774,1857,LT-20260328-091741
2026-03-28 09:48:39.554,2,PO,108625,1,0,751,1857.8,LT-20260328-091741
2026-03-28 09:48:40.352,2,PO,108626,1,0,795,1858.6,LT-20260328-091741
2026-03-28 09:48:41.059,2,PO,108627,1,0,704,1859.3,LT-20260328-091741
2026-03-28 09:48:41.716,2,PO,108628,1,0,655,1860,LT-20260328-091741
2026-03-28 09:48:42.389,2,PO,108629,1,0,671,1860.6,LT-20260328-091741
2026-03-28 09:48:43.064,2,PO,108630,1,0,673,1861.3,LT-20260328-091741
2026-03-28 09:48:43.829,2,PO,108631,1,0,763,1862.1,LT-20260328-091741
2026-03-28 09:48:44.534,2,PO,108632,1,0,703,1862.8,LT-20260328-091741
2026-03-28 09:48:45.053,2,PO,108633,1,0,517,1863.3,LT-20260328-091741
2026-03-28 09:48:45.564,2,PO,108634,1,0,507,1863.8,LT-20260328-091741
2026-03-28 09:48:46.382,2,PO,108635,1,0,817,1864.6,LT-20260328-091741
2026-03-28 09:48:46.874,2,PO,108636,1,0,490,1865.1,LT-20260328-091741
2026-03-28 09:48:47.378,2,PO,108637,1,0,502,1865.6,LT-20260328-091741
2026-03-28 09:48:47.871,2,PO,108638,1,0,490,1866.1,LT-20260328-091741
2026-03-28 09:48:48.383,2,PO,108639,1,0,510,1866.6,LT-20260328-091741
2026-03-28 09:48:48.902,2,PO,108640,1,0,517,1867.1,LT-20260328-091741
2026-03-28 09:48:49.414,2,PO,108641,1,0,509,1867.7,LT-20260328-091741
2026-03-28 09:48:49.967,2,PO,108642,1,0,550,1868.2,LT-20260328-091741
2026-03-28 09:48:50.470,2,PO,108643,1,0,501,1868.7,LT-20260328-091741
2026-03-28 09:48:50.994,2,PO,108644,1,0,520,1869.2,LT-20260328-091741
2026-03-28 09:48:51.509,2,PO,108645,1,0,512,1869.8,LT-20260328-091741
2026-03-28 09:48:52.003,2,PO,108646,1,0,491,1870.2,LT-20260328-091741
2026-03-28 09:48:52.491,2,PO,108647,1,0,485,1870.7,LT-20260328-091741
2026-03-28 09:48:53.003,2,PO,108648,1,0,510,1871.2,LT-20260328-091741
2026-03-28 09:48:53.517,2,PO,108649,1,0,511,1871.8,LT-20260328-091741
2026-03-28 09:48:53.995,2,PO,108650,1,0,476,1872.2,LT-20260328-091741
2026-03-28 09:48:54.494,2,PO,108651,1,0,497,1872.7,LT-20260328-091741
2026-03-28 09:48:54.972,2,PO,108652,1,0,477,1873.2,LT-20260328-091741
2026-03-28 09:48:55.447,2,PO,108653,1,0,473,1873.7,LT-20260328-091741
2026-03-28 09:48:55.939,2,PO,108654,1,0,491,1874.2,LT-20260328-091741
2026-03-28 09:48:56.439,2,PO,108655,1,0,497,1874.7,LT-20260328-091741
2026-03-28 09:48:56.949,2,PO,108656,1,0,507,1875.2,LT-20260328-091741
2026-03-28 09:48:57.442,2,PO,108657,1,0,490,1875.7,LT-20260328-091741
2026-03-28 09:48:58.051,2,PO,108658,1,0,605,1876.3,LT-20260328-091741
2026-03-28 09:48:58.689,2,PO,108659,1,0,636,1876.9,LT-20260328-091741
2026-03-28 09:48:59.504,2,PO,108660,1,0,811,1877.7,LT-20260328-091741
2026-03-28 09:49:00.331,2,PO,108661,1,0,823,1878.6,LT-20260328-091741
2026-03-28 09:49:01.143,2,PO,108662,1,0,804,1879.4,LT-20260328-091741
2026-03-28 09:49:01.838,2,PO,108663,1,0,692,1880.1,LT-20260328-091741
2026-03-28 09:49:02.356,2,PO,108664,1,0,514,1880.6,LT-20260328-091741
2026-03-28 09:49:02.873,2,PO,108665,1,0,513,1881.1,LT-20260328-091741
2026-03-28 09:49:03.384,2,PO,108666,1,0,508,1881.6,LT-20260328-091741
2026-03-28 09:49:03.875,2,PO,108667,1,0,488,1882.1,LT-20260328-091741
2026-03-28 09:49:04.389,2,PO,108668,1,0,512,1882.6,LT-20260328-091741
2026-03-28 09:49:04.924,2,PO,108669,1,0,534,1883.2,LT-20260328-091741
2026-03-28 09:49:05.448,2,PO,108670,1,0,521,1883.7,LT-20260328-091741
2026-03-28 09:49:05.979,2,PO,108671,1,0,526,1884.2,LT-20260328-091741
2026-03-28 09:49:06.546,2,PO,108672,1,0,564,1884.8,LT-20260328-091741
2026-03-28 09:49:07.184,2,PO,108673,1,0,635,1885.4,LT-20260328-091741
2026-03-28 09:49:07.656,2,PO,108674,1,0,470,1885.9,LT-20260328-091741
2026-03-28 09:49:08.134,2,PO,108675,1,0,475,1886.4,LT-20260328-091741
2026-03-28 09:49:08.622,2,PO,108676,1,0,485,1886.9,LT-20260328-091741
2026-03-28 09:49:09.120,2,PO,108677,1,0,496,1887.4,LT-20260328-091741
2026-03-28 09:49:09.658,2,PO,108678,1,0,535,1887.9,LT-20260328-091741
2026-03-28 09:49:10.160,2,PO,108679,1,0,498,1888.4,LT-20260328-091741
2026-03-28 09:49:10.675,2,PO,108680,1,0,513,1888.9,LT-20260328-091741
2026-03-28 09:49:11.175,2,PO,108681,1,0,497,1889.4,LT-20260328-091741
2026-03-28 09:49:11.678,2,PO,108682,1,0,500,1889.9,LT-20260328-091741
2026-03-28 09:49:12.165,2,PO,108683,1,0,485,1890.4,LT-20260328-091741
2026-03-28 09:49:12.650,2,PO,108684,1,0,482,1890.9,LT-20260328-091741
2026-03-28 09:49:13.143,2,PO,108685,1,0,489,1891.4,LT-20260328-091741
2026-03-28 09:49:13.673,2,PO,108686,1,0,527,1891.9,LT-20260328-091741
2026-03-28 09:49:14.145,2,PO,108687,1,0,470,1892.4,LT-20260328-091741
2026-03-28 09:49:14.617,2,PO,108688,1,0,470,1892.9,LT-20260328-091741
2026-03-28 09:49:15.104,2,PO,108689,1,0,485,1893.3,LT-20260328-091741
2026-03-28 09:49:15.607,2,PO,108690,1,0,499,1893.9,LT-20260328-091741
2026-03-28 09:49:16.121,2,PO,108691,1,0,511,1894.4,LT-20260328-091741
2026-03-28 09:49:16.629,2,PO,108692,1,0,504,1894.9,LT-20260328-091741
2026-03-28 09:49:17.115,2,PO,108693,1,0,484,1895.4,LT-20260328-091741
2026-03-28 09:49:17.603,2,PO,108694,1,0,486,1895.8,LT-20260328-091741
2026-03-28 09:49:18.118,2,PO,108695,1,0,511,1896.4,LT-20260328-091741
2026-03-28 09:49:18.611,2,PO,108696,1,0,491,1896.9,LT-20260328-091741
2026-03-28 09:49:19.126,2,PO,108697,1,0,512,1897.4,LT-20260328-091741
2026-03-28 09:49:19.637,2,PO,108698,1,0,509,1897.9,LT-20260328-091741
2026-03-28 09:49:20.142,2,PO,108699,1,0,503,1898.4,LT-20260328-091741
2026-03-28 09:49:20.629,2,PO,108700,1,0,483,1898.9,LT-20260328-091741
2026-03-28 09:49:21.131,2,PO,108701,1,0,499,1899.4,LT-20260328-091741
2026-03-28 09:49:21.648,2,PO,108702,1,0,512,1899.9,LT-20260328-091741
2026-03-28 09:49:22.138,2,PO,108703,1,0,487,1900.4,LT-20260328-091741
2026-03-28 09:49:22.626,2,PO,108704,1,0,485,1900.9,LT-20260328-091741
2026-03-28 09:49:23.111,2,PO,108705,1,0,484,1901.4,LT-20260328-091741
2026-03-28 09:49:23.825,2,PO,108706,1,0,710,1902.1,LT-20260328-091741
2026-03-28 09:49:24.479,2,PO,108707,1,0,652,1902.7,LT-20260328-091741
2026-03-28 09:49:25.143,2,PO,108708,1,0,662,1903.4,LT-20260328-091741
2026-03-28 09:49:25.839,2,PO,108709,1,0,695,1904.1,LT-20260328-091741
2026-03-28 09:49:26.512,2,PO,108710,1,0,672,1904.8,LT-20260328-091741
2026-03-28 09:49:27.198,2,PO,108711,1,0,683,1905.4,LT-20260328-091741
2026-03-28 09:49:27.868,2,PO,108712,1,0,668,1906.1,LT-20260328-091741
2026-03-28 09:49:28.555,2,PO,108713,1,0,685,1906.8,LT-20260328-091741
2026-03-28 09:49:29.224,2,PO,108714,1,0,667,1907.5,LT-20260328-091741
2026-03-28 09:49:29.895,2,PO,108715,1,0,669,1908.1,LT-20260328-091741
2026-03-28 09:49:30.628,2,PO,108716,1,0,732,1908.9,LT-20260328-091741
2026-03-28 09:49:31.301,2,PO,108717,1,0,672,1909.5,LT-20260328-091741
2026-03-28 09:49:31.966,2,PO,108718,1,0,663,1910.2,LT-20260328-091741
2026-03-28 09:49:32.632,2,PO,108719,1,0,665,1910.9,LT-20260328-091741
2026-03-28 09:49:33.298,2,PO,108720,1,0,664,1911.5,LT-20260328-091741
2026-03-28 09:49:34.113,2,PO,108721,1,0,813,1912.4,LT-20260328-091741
2026-03-28 09:49:34.807,2,PO,108722,1,0,692,1913.1,LT-20260328-091741
2026-03-28 09:49:35.469,2,PO,108723,1,0,660,1913.7,LT-20260328-091741
2026-03-28 09:49:36.142,2,PO,108724,1,0,671,1914.4,LT-20260328-091741
2026-03-28 09:49:36.858,2,PO,108725,1,0,714,1915.1,LT-20260328-091741
2026-03-28 09:49:37.537,2,PO,108726,1,0,678,1915.8,LT-20260328-091741
2026-03-28 09:49:38.203,2,PO,108727,1,0,664,1916.4,LT-20260328-091741
2026-03-28 09:49:38.913,2,PO,108728,1,0,707,1917.2,LT-20260328-091741
2026-03-28 09:49:39.586,2,PO,108729,1,0,670,1917.8,LT-20260328-091741
2026-03-28 09:49:40.247,2,PO,108730,1,0,660,1918.5,LT-20260328-091741
2026-03-28 09:49:40.912,2,PO,108731,1,0,663,1919.2,LT-20260328-091741
2026-03-28 09:49:41.579,2,PO,108732,1,0,665,1919.8,LT-20260328-091741
2026-03-28 09:49:42.247,2,PO,108733,1,0,666,1920.5,LT-20260328-091741
2026-03-28 09:49:42.918,2,PO,108734,1,0,669,1921.2,LT-20260328-091741
2026-03-28 09:49:43.573,2,PO,108735,1,0,653,1921.8,LT-20260328-091741
2026-03-28 09:49:44.052,2,PO,108736,1,0,477,1922.3,LT-20260328-091741
2026-03-28 09:49:44.531,2,PO,108737,1,0,477,1922.8,LT-20260328-091741
2026-03-28 09:49:45.014,2,PO,108738,1,0,481,1923.3,LT-20260328-091741
2026-03-28 09:49:45.490,2,PO,108739,1,0,474,1923.7,LT-20260328-091741
2026-03-28 09:49:45.969,2,PO,108740,1,0,476,1924.2,LT-20260328-091741
2026-03-28 09:49:46.473,2,PO,108741,1,0,502,1924.7,LT-20260328-091741
2026-03-28 09:49:46.963,2,PO,108742,1,0,488,1925.2,LT-20260328-091741
2026-03-28 09:49:47.443,2,PO,108743,1,0,478,1925.7,LT-20260328-091741
2026-03-28 09:49:47.924,2,PO,108744,1,0,479,1926.2,LT-20260328-091741
2026-03-28 09:49:48.408,2,PO,108745,1,0,481,1926.7,LT-20260328-091741
2026-03-28 09:49:48.890,2,PO,108746,1,0,481,1927.1,LT-20260328-091741
2026-03-28 09:49:49.378,2,PO,108747,1,0,485,1927.6,LT-20260328-091741
2026-03-28 09:49:49.849,2,PO,108748,1,0,469,1928.1,LT-20260328-091741
2026-03-28 09:49:50.328,2,PO,108749,1,0,478,1928.6,LT-20260328-091741
2026-03-28 09:49:50.801,2,PO,108750,1,0,470,1929,LT-20260328-091741
2026-03-28 09:49:51.269,2,PO,108751,1,0,466,1929.5,LT-20260328-091741
2026-03-28 09:49:51.727,2,PO,108752,1,0,456,1930,LT-20260328-091741
2026-03-28 09:49:52.211,2,PO,108753,1,0,482,1930.5,LT-20260328-091741
2026-03-28 09:49:52.690,2,PO,108754,1,0,477,1930.9,LT-20260328-091741
2026-03-28 09:49:53.245,2,PO,108755,1,0,553,1931.5,LT-20260328-091741
2026-03-28 09:49:53.737,2,PO,108756,1,0,489,1932,LT-20260328-091741
2026-03-28 09:49:54.213,2,PO,108757,1,0,475,1932.5,LT-20260328-091741
2026-03-28 09:49:54.728,2,PO,108758,1,0,512,1933,LT-20260328-091741
2026-03-28 09:49:55.201,2,PO,108759,1,0,471,1933.4,LT-20260328-091741
2026-03-28 09:49:55.684,2,PO,108760,1,0,481,1933.9,LT-20260328-091741
2026-03-28 09:49:56.196,2,PO,108761,1,0,510,1934.4,LT-20260328-091741
2026-03-28 09:49:56.696,2,PO,108762,1,0,498,1934.9,LT-20260328-091741
2026-03-28 09:49:57.182,2,PO,108763,1,0,484,1935.4,LT-20260328-091741
2026-03-28 09:49:57.641,2,PO,108764,1,0,458,1935.9,LT-20260328-091741
2026-03-28 09:49:58.116,2,PO,108765,1,0,472,1936.4,LT-20260328-091741
2026-03-28 09:49:58.614,2,PO,108766,1,0,496,1936.9,LT-20260328-091741
2026-03-28 09:49:59.080,2,PO,108767,1,0,464,1937.3,LT-20260328-091741
2026-03-28 09:49:59.562,2,PO,108768,1,0,479,1937.8,LT-20260328-091741
2026-03-28 09:50:00.042,2,PO,108769,1,0,477,1938.3,LT-20260328-091741
2026-03-28 09:50:00.531,2,PO,108770,1,0,488,1938.8,LT-20260328-091741
2026-03-28 09:50:01.015,2,PO,108771,1,0,481,1939.3,LT-20260328-091741
2026-03-28 09:50:01.510,2,PO,108772,1,0,494,1939.8,LT-20260328-091741
2026-03-28 09:50:01.996,2,PO,108773,1,0,484,1940.2,LT-20260328-091741
2026-03-28 09:50:02.486,2,PO,108774,1,0,487,1940.7,LT-20260328-091741
2026-03-28 09:50:02.977,2,PO,108775,1,0,490,1941.2,LT-20260328-091741
2026-03-28 09:50:03.487,2,PO,108776,1,0,506,1941.7,LT-20260328-091741
2026-03-28 09:50:03.996,2,PO,108777,1,0,507,1942.2,LT-20260328-091741
2026-03-28 09:50:04.521,2,PO,108778,1,0,519,1942.8,LT-20260328-091741
2026-03-28 09:50:05.013,2,PO,108779,1,0,491,1943.3,LT-20260328-091741
2026-03-28 09:50:05.496,2,PO,108780,1,0,481,1943.7,LT-20260328-091741
2026-03-28 09:50:05.985,2,PO,108781,1,0,486,1944.2,LT-20260328-091741
2026-03-28 09:50:06.479,2,PO,108782,1,0,492,1944.7,LT-20260328-091741
2026-03-28 09:50:06.955,2,PO,108783,1,0,474,1945.2,LT-20260328-091741
2026-03-28 09:50:07.429,2,PO,108784,1,0,472,1945.7,LT-20260328-091741
2026-03-28 09:50:07.902,2,PO,108785,1,0,470,1946.1,LT-20260328-091741
2026-03-28 09:50:08.403,2,PO,108786,1,0,499,1946.6,LT-20260328-091741
2026-03-28 09:50:08.899,2,PO,108787,1,0,495,1947.1,LT-20260328-091741
2026-03-28 09:50:09.366,2,PO,108788,1,0,465,1947.6,LT-20260328-091741
2026-03-28 09:50:09.838,2,PO,108789,1,0,471,1948.1,LT-20260328-091741
2026-03-28 09:50:10.342,2,PO,108790,1,0,502,1948.6,LT-20260328-091741
2026-03-28 09:50:10.847,2,PO,108791,1,0,503,1949.1,LT-20260328-091741
2026-03-28 09:50:11.333,2,PO,108792,1,0,485,1949.6,LT-20260328-091741
2026-03-28 09:50:11.808,2,PO,108793,1,0,473,1950.1,LT-20260328-091741
2026-03-28 09:50:12.278,2,PO,108794,1,0,469,1950.5,LT-20260328-091741
2026-03-28 09:50:12.761,2,PO,108795,1,0,481,1951,LT-20260328-091741
2026-03-28 09:50:13.234,2,PO,108796,1,0,469,1951.5,LT-20260328-091741
2026-03-28 09:50:13.885,2,PO,108797,1,0,648,1952.1,LT-20260328-091741
2026-03-28 09:50:14.570,2,PO,108798,1,0,682,1952.8,LT-20260328-091741
2026-03-28 09:50:15.238,2,PO,108799,1,0,667,1953.5,LT-20260328-091741
2026-03-28 09:50:15.911,2,PO,108800,1,0,671,1954.2,LT-20260328-091741
2026-03-28 09:50:16.593,2,PO,108801,1,0,679,1954.8,LT-20260328-091741
2026-03-28 09:50:17.267,2,PO,108802,1,0,671,1955.5,LT-20260328-091741
2026-03-28 09:50:17.950,2,PO,108803,1,0,681,1956.2,LT-20260328-091741
2026-03-28 09:50:18.638,2,PO,108804,1,0,685,1956.9,LT-20260328-091741
2026-03-28 09:50:19.372,2,PO,108805,1,0,732,1957.6,LT-20260328-091741
2026-03-28 09:50:20.046,2,PO,108806,1,0,671,1958.3,LT-20260328-091741
2026-03-28 09:50:20.737,2,PO,108807,1,0,690,1959,LT-20260328-091741
2026-03-28 09:50:21.418,2,PO,108808,1,0,679,1959.7,LT-20260328-091741
2026-03-28 09:50:22.088,2,PO,108809,1,0,667,1960.3,LT-20260328-091741
2026-03-28 09:50:22.751,2,PO,108810,1,0,662,1961,LT-20260328-091741
2026-03-28 09:50:23.427,2,PO,108811,1,0,675,1961.7,LT-20260328-091741
2026-03-28 09:50:23.918,2,PO,108812,1,0,489,1962.2,LT-20260328-091741
2026-03-28 09:50:24.421,2,PO,108813,1,0,501,1962.7,LT-20260328-091741
2026-03-28 09:50:24.908,2,PO,108814,1,0,485,1963.2,LT-20260328-091741
2026-03-28 09:50:25.380,2,PO,108815,1,0,470,1963.6,LT-20260328-091741
2026-03-28 09:50:25.846,2,PO,108816,1,0,463,1964.1,LT-20260328-091741
2026-03-28 09:50:26.347,2,PO,108817,1,0,499,1964.6,LT-20260328-091741
2026-03-28 09:50:26.831,2,PO,108818,1,0,482,1965.1,LT-20260328-091741
2026-03-28 09:50:27.308,2,PO,108819,1,0,476,1965.6,LT-20260328-091741
2026-03-28 09:50:27.811,2,PO,108820,1,0,501,1966.1,LT-20260328-091741
2026-03-28 09:50:28.292,2,PO,108821,1,0,479,1966.5,LT-20260328-091741
2026-03-28 09:50:28.764,2,PO,108822,1,0,470,1967,LT-20260328-091741
2026-03-28 09:50:29.269,2,PO,108823,1,0,504,1967.5,LT-20260328-091741
2026-03-28 09:50:29.782,2,PO,108824,1,0,511,1968,LT-20260328-091741
2026-03-28 09:50:30.282,2,PO,108825,1,0,497,1968.5,LT-20260328-091741
2026-03-28 09:50:30.770,2,PO,108826,1,0,487,1969,LT-20260328-091741
2026-03-28 09:50:31.263,2,PO,108827,1,0,491,1969.5,LT-20260328-091741
2026-03-28 09:50:31.750,2,PO,108828,1,0,485,1970,LT-20260328-091741
2026-03-28 09:50:32.245,2,PO,108829,1,0,494,1970.5,LT-20260328-091741
2026-03-28 09:50:33.028,2,PO,108830,1,0,781,1971.3,LT-20260328-091741
2026-03-28 09:50:33.583,2,PO,108831,1,0,551,1971.8,LT-20260328-091741
2026-03-28 09:50:34.090,2,PO,108832,1,0,506,1972.3,LT-20260328-091741
2026-03-28 09:50:34.593,2,PO,108833,1,0,501,1972.8,LT-20260328-091741
2026-03-28 09:50:35.091,2,PO,108834,1,0,496,1973.3,LT-20260328-091741
2026-03-28 09:50:35.594,2,PO,108835,1,0,500,1973.8,LT-20260328-091741
2026-03-28 09:50:36.078,2,PO,108836,1,0,482,1974.3,LT-20260328-091741
2026-03-28 09:50:36.586,2,PO,108837,1,0,506,1974.8,LT-20260328-091741
2026-03-28 09:50:37.069,2,PO,108838,1,0,481,1975.3,LT-20260328-091741
2026-03-28 09:50:37.568,2,PO,108839,1,0,498,1975.8,LT-20260328-091741
2026-03-28 09:50:38.047,2,PO,108840,1,0,477,1976.3,LT-20260328-091741
2026-03-28 09:50:38.528,2,PO,108841,1,0,478,1976.8,LT-20260328-091741
2026-03-28 09:50:39.008,2,PO,108842,1,0,479,1977.3,LT-20260328-091741
2026-03-28 09:50:39.489,2,PO,108843,1,0,477,1977.7,LT-20260328-091741
2026-03-28 09:50:39.974,2,PO,108844,1,0,483,1978.2,LT-20260328-091741
2026-03-28 09:50:40.469,2,PO,108845,1,0,493,1978.7,LT-20260328-091741
2026-03-28 09:50:40.966,2,PO,108846,1,0,495,1979.2,LT-20260328-091741
2026-03-28 09:50:41.449,2,PO,108847,1,0,481,1979.7,LT-20260328-091741
2026-03-28 09:50:41.934,2,PO,108848,1,0,483,1980.2,LT-20260328-091741
2026-03-28 09:50:42.429,2,PO,108849,1,0,494,1980.7,LT-20260328-091741
2026-03-28 09:50:42.889,2,PO,108850,1,0,457,1981.1,LT-20260328-091741
2026-03-28 09:50:43.384,2,PO,108851,1,0,493,1981.6,LT-20260328-091741
2026-03-28 09:50:43.873,2,PO,108852,1,0,487,1982.1,LT-20260328-091741
2026-03-28 09:50:44.357,2,PO,108853,1,0,482,1982.6,LT-20260328-091741
2026-03-28 09:50:44.839,2,PO,108854,1,0,478,1983.1,LT-20260328-091741
2026-03-28 09:50:45.314,2,PO,108855,1,0,473,1983.6,LT-20260328-091741
2026-03-28 09:50:45.798,2,PO,108856,1,0,482,1984,LT-20260328-091741
2026-03-28 09:50:46.304,2,PO,108857,1,0,503,1984.5,LT-20260328-091741
2026-03-28 09:50:46.809,2,PO,108858,1,0,503,1985.1,LT-20260328-091741
2026-03-28 09:50:47.322,2,PO,108859,1,0,511,1985.6,LT-20260328-091741
2026-03-28 09:50:47.833,2,PO,108860,1,0,507,1986.1,LT-20260328-091741
2026-03-28 09:50:48.318,2,PO,108861,1,0,483,1986.6,LT-20260328-091741
2026-03-28 09:50:48.836,2,PO,108862,1,0,515,1987.1,LT-20260328-091741
2026-03-28 09:50:49.320,2,PO,108863,1,0,482,1987.6,LT-20260328-091741
2026-03-28 09:50:49.811,2,PO,108864,1,0,487,1988.1,LT-20260328-091741
2026-03-28 09:50:50.283,2,PO,108865,1,0,471,1988.5,LT-20260328-091741
2026-03-28 09:50:50.794,2,PO,108866,1,0,508,1989,LT-20260328-091741
2026-03-28 09:50:51.307,2,PO,108867,1,0,509,1989.6,LT-20260328-091741
2026-03-28 09:50:51.825,2,PO,108868,1,0,514,1990.1,LT-20260328-091741
2026-03-28 09:50:52.324,2,PO,108869,1,0,495,1990.6,LT-20260328-091741
2026-03-28 09:50:52.833,2,PO,108870,1,0,506,1991.1,LT-20260328-091741
2026-03-28 09:50:53.334,2,PO,108871,1,0,499,1991.6,LT-20260328-091741
2026-03-28 09:50:53.843,2,PO,108872,1,0,507,1992.1,LT-20260328-091741
2026-03-28 09:50:54.419,2,PO,108873,1,0,573,1992.7,LT-20260328-091741
2026-03-28 09:50:55.115,2,PO,108874,1,0,693,1993.4,LT-20260328-091741
2026-03-28 09:50:55.849,2,PO,108875,1,0,729,1994.1,LT-20260328-091741
2026-03-28 09:50:56.558,2,PO,108876,1,0,707,1994.8,LT-20260328-091741
2026-03-28 09:50:57.262,2,PO,108877,1,0,701,1995.5,LT-20260328-091741
2026-03-28 09:50:57.945,2,PO,108878,1,0,679,1996.2,LT-20260328-091741
2026-03-28 09:50:58.639,2,PO,108879,1,0,692,1996.9,LT-20260328-091741
2026-03-28 09:50:59.331,2,PO,108880,1,0,688,1997.6,LT-20260328-091741
2026-03-28 09:51:00.014,2,PO,108881,1,0,679,1998.3,LT-20260328-091741
2026-03-28 09:51:00.701,2,PO,108882,1,0,686,1998.9,LT-20260328-091741
2026-03-28 09:51:01.414,2,PO,108883,1,0,710,1999.7,LT-20260328-091741
2026-03-28 09:51:02.116,2,PO,108884,1,0,699,2000.4,LT-20260328-091741
2026-03-28 09:51:02.813,2,PO,108885,1,0,694,2001.1,LT-20260328-091741
2026-03-28 09:51:03.489,2,PO,108886,1,0,675,2001.7,LT-20260328-091741
2026-03-28 09:51:04.168,2,PO,108887,1,0,677,2002.4,LT-20260328-091741
2026-03-28 09:51:04.867,2,PO,108888,1,0,698,2003.1,LT-20260328-091741
2026-03-28 09:51:05.591,2,PO,108889,1,0,720,2003.8,LT-20260328-091741
2026-03-28 09:51:06.324,2,PO,108890,1,0,729,2004.6,LT-20260328-091741
2026-03-28 09:51:07.017,2,PO,108891,1,0,689,2005.3,LT-20260328-091741
2026-03-28 09:51:07.738,2,PO,108892,1,0,719,2006,LT-20260328-091741
2026-03-28 09:51:08.437,2,PO,108893,1,0,695,2006.7,LT-20260328-091741
2026-03-28 09:51:09.152,2,PO,108894,1,0,712,2007.4,LT-20260328-091741
2026-03-28 09:51:09.854,2,PO,108895,1,0,697,2008.1,LT-20260328-091741
2026-03-28 09:51:10.570,2,PO,108896,1,0,712,2008.8,LT-20260328-091741
2026-03-28 09:51:11.271,2,PO,108897,1,0,698,2009.5,LT-20260328-091741
2026-03-28 09:51:11.970,2,PO,108898,1,0,696,2010.2,LT-20260328-091741
2026-03-28 09:51:12.664,2,PO,108899,1,0,691,2010.9,LT-20260328-091741
2026-03-28 09:51:13.329,2,PO,108900,1,0,663,2011.6,LT-20260328-091741
2026-03-28 09:51:14.053,2,PO,108901,1,0,722,2012.3,LT-20260328-091741
2026-03-28 09:51:14.672,2,PO,108902,1,0,616,2012.9,LT-20260328-091741
2026-03-28 09:51:15.175,2,PO,108903,1,0,500,2013.4,LT-20260328-091741
2026-03-28 09:51:15.642,2,PO,108904,1,0,465,2013.9,LT-20260328-091741
2026-03-28 09:51:16.136,2,PO,108905,1,0,492,2014.4,LT-20260328-091741
2026-03-28 09:51:16.636,2,PO,108906,1,0,497,2014.9,LT-20260328-091741
2026-03-28 09:51:17.130,2,PO,108907,1,0,491,2015.4,LT-20260328-091741
2026-03-28 09:51:17.638,2,PO,108908,1,0,505,2015.9,LT-20260328-091741
2026-03-28 09:51:18.231,2,PO,108909,1,0,588,2016.5,LT-20260328-091741
2026-03-28 09:51:18.748,2,PO,108910,1,0,514,2017,LT-20260328-091741
2026-03-28 09:51:19.228,2,PO,108911,1,0,477,2017.5,LT-20260328-091741
2026-03-28 09:51:19.695,2,PO,108912,1,0,465,2017.9,LT-20260328-091741
2026-03-28 09:51:20.209,2,PO,108913,1,0,513,2018.5,LT-20260328-091741
2026-03-28 09:51:20.723,2,PO,108914,1,0,510,2019,LT-20260328-091741
2026-03-28 09:51:21.228,2,PO,108915,1,0,503,2019.5,LT-20260328-091741
2026-03-28 09:51:21.781,2,PO,108916,1,0,549,2020,LT-20260328-091741
2026-03-28 09:51:22.344,2,PO,108917,1,0,561,2020.6,LT-20260328-091741
2026-03-28 09:51:22.871,2,PO,108918,1,0,523,2021.1,LT-20260328-091741
2026-03-28 09:51:23.383,2,PO,108919,1,0,509,2021.6,LT-20260328-091741
2026-03-28 09:51:23.902,2,PO,108920,1,0,517,2022.1,LT-20260328-091741
2026-03-28 09:51:24.433,2,PO,108921,1,0,528,2022.7,LT-20260328-091741
2026-03-28 09:51:24.956,2,PO,108922,1,0,520,2023.2,LT-20260328-091741
2026-03-28 09:51:25.445,2,PO,108923,1,0,484,2023.7,LT-20260328-091741
2026-03-28 09:51:25.956,2,PO,108924,1,0,508,2024.2,LT-20260328-091741
2026-03-28 09:51:26.452,2,PO,108925,1,0,491,2024.7,LT-20260328-091741
2026-03-28 09:51:27.093,2,PO,108926,1,0,638,2025.3,LT-20260328-091741
2026-03-28 09:51:27.948,2,PO,108927,1,0,852,2026.2,LT-20260328-091741
2026-03-28 09:51:28.788,2,PO,108928,1,0,836,2027,LT-20260328-091741
2026-03-28 09:51:29.381,2,PO,108929,1,0,591,2027.6,LT-20260328-091741
2026-03-28 09:51:29.928,2,PO,108930,1,0,544,2028.2,LT-20260328-091741
2026-03-28 09:51:30.659,2,PO,108931,1,0,728,2028.9,LT-20260328-091741
2026-03-28 09:51:31.442,2,PO,108932,1,0,780,2029.7,LT-20260328-091741
2026-03-28 09:51:32.082,2,PO,108933,1,0,636,2030.3,LT-20260328-091741
2026-03-28 09:51:32.599,2,PO,108934,1,0,515,2030.8,LT-20260328-091741
2026-03-28 09:51:33.165,2,PO,108935,1,0,563,2031.4,LT-20260328-091741
2026-03-28 09:51:33.713,2,PO,108936,1,0,545,2032,LT-20260328-091741
2026-03-28 09:51:34.291,2,PO,108937,1,0,574,2032.5,LT-20260328-091741
2026-03-28 09:51:34.783,2,PO,108938,1,0,490,2033,LT-20260328-091741
2026-03-28 09:51:35.298,2,PO,108939,1,0,513,2033.5,LT-20260328-091741
2026-03-28 09:51:35.829,2,PO,108940,1,0,528,2034.1,LT-20260328-091741
2026-03-28 09:51:36.332,2,PO,108941,1,0,501,2034.6,LT-20260328-091741
2026-03-28 09:51:36.849,2,PO,108942,1,0,514,2035.1,LT-20260328-091741
2026-03-28 09:51:37.378,2,PO,108943,1,0,526,2035.6,LT-20260328-091741
2026-03-28 09:51:38.088,2,PO,108944,1,0,707,2036.3,LT-20260328-091741
2026-03-28 09:51:38.878,2,PO,108945,1,0,786,2037.1,LT-20260328-091741
2026-03-28 09:51:39.470,2,PO,108946,1,0,590,2037.7,LT-20260328-091741
2026-03-28 09:51:39.980,2,PO,108947,1,0,509,2038.2,LT-20260328-091741
2026-03-28 09:51:40.512,2,PO,108948,1,0,528,2038.8,LT-20260328-091741
2026-03-28 09:51:41.032,2,PO,108949,1,0,517,2039.3,LT-20260328-091741
2026-03-28 09:51:41.542,2,PO,108950,1,0,507,2039.8,LT-20260328-091741
2026-03-28 09:51:42.031,2,PO,108951,1,0,487,2040.3,LT-20260328-091741
2026-03-28 09:51:42.498,2,PO,108952,1,0,465,2040.7,LT-20260328-091741
2026-03-28 09:51:43.019,2,PO,108953,1,0,519,2041.3,LT-20260328-091741
2026-03-28 09:51:43.553,2,PO,108954,1,0,531,2041.8,LT-20260328-091741
2026-03-28 09:51:44.081,2,PO,108955,1,0,525,2042.3,LT-20260328-091741
2026-03-28 09:51:44.701,2,PO,108956,1,0,619,2042.9,LT-20260328-091741
2026-03-28 09:51:45.382,2,PO,108957,1,0,680,2043.6,LT-20260328-091741
2026-03-28 09:51:46.119,2,PO,108958,1,0,734,2044.4,LT-20260328-091741
2026-03-28 09:51:46.800,2,PO,108959,1,0,678,2045,LT-20260328-091741
2026-03-28 09:51:47.531,2,PO,108960,1,0,728,2045.8,LT-20260328-091741
2026-03-28 09:51:48.240,2,PO,108961,1,0,706,2046.5,LT-20260328-091741
2026-03-28 09:51:49.082,2,PO,108962,1,0,839,2047.3,LT-20260328-091741
2026-03-28 09:51:49.920,2,PO,108963,1,0,835,2048.2,LT-20260328-091741
2026-03-28 09:51:50.642,2,PO,108964,1,0,719,2048.9,LT-20260328-091741
2026-03-28 09:51:51.376,2,PO,108965,1,0,730,2049.6,LT-20260328-091741
2026-03-28 09:51:52.064,2,PO,108966,1,0,684,2050.3,LT-20260328-091741
2026-03-28 09:51:52.761,2,PO,108967,1,0,696,2051,LT-20260328-091741
2026-03-28 09:51:53.454,2,PO,108968,1,0,690,2051.7,LT-20260328-091741
2026-03-28 09:51:54.168,2,PO,108969,1,0,712,2052.4,LT-20260328-091741
2026-03-28 09:51:54.894,2,PO,108970,1,0,724,2053.1,LT-20260328-091741
2026-03-28 09:51:55.591,2,PO,108971,1,0,694,2053.8,LT-20260328-091741
2026-03-28 09:51:56.282,2,PO,108972,1,0,688,2054.5,LT-20260328-091741
2026-03-28 09:51:56.988,2,PO,108973,1,0,704,2055.2,LT-20260328-091741
2026-03-28 09:51:57.852,2,PO,108974,1,0,862,2056.1,LT-20260328-091741
2026-03-28 09:51:58.572,2,PO,108975,1,0,719,2056.8,LT-20260328-091741
2026-03-28 09:51:59.261,2,PO,108976,1,0,687,2057.5,LT-20260328-091741
2026-03-28 09:52:00.036,2,PO,108977,1,0,770,2058.3,LT-20260328-091741
2026-03-28 09:52:00.807,2,PO,108978,1,0,769,2059.1,LT-20260328-091741
2026-03-28 09:52:01.539,2,PO,108979,1,0,728,2059.8,LT-20260328-091741
2026-03-28 09:52:02.245,2,PO,108980,1,0,702,2060.5,LT-20260328-091741
2026-03-28 09:52:02.941,2,PO,108981,1,0,695,2061.2,LT-20260328-091741
2026-03-28 09:52:03.623,2,PO,108982,1,0,681,2061.9,LT-20260328-091741
2026-03-28 09:52:04.305,2,PO,108983,1,0,678,2062.6,LT-20260328-091741
2026-03-28 09:52:05.002,2,PO,108984,1,0,694,2063.2,LT-20260328-091741
2026-03-28 09:52:05.744,2,PO,108985,1,0,740,2064,LT-20260328-091741
2026-03-28 09:52:06.462,2,PO,108986,1,0,716,2064.7,LT-20260328-091741
2026-03-28 09:52:07.135,2,PO,108987,1,0,671,2065.4,LT-20260328-091741
2026-03-28 09:52:07.851,2,PO,108988,1,0,713,2066.1,LT-20260328-091741
2026-03-28 09:52:08.562,2,PO,108989,1,0,708,2066.8,LT-20260328-091741
2026-03-28 09:52:09.329,2,PO,108990,1,0,765,2067.6,LT-20260328-091741
2026-03-28 09:52:10.017,2,PO,108991,1,0,685,2068.3,LT-20260328-091741
2026-03-28 09:52:10.690,2,PO,108992,1,0,671,2068.9,LT-20260328-091741
2026-03-28 09:52:11.432,2,PO,108993,1,0,739,2069.7,LT-20260328-091741
2026-03-28 09:52:12.153,2,PO,108994,1,0,719,2070.4,LT-20260328-091741
2026-03-28 09:52:12.896,2,PO,108995,1,0,741,2071.1,LT-20260328-091741
2026-03-28 09:52:13.610,2,PO,108996,1,0,712,2071.9,LT-20260328-091741
2026-03-28 09:52:14.316,2,PO,108997,1,0,704,2072.6,LT-20260328-091741
2026-03-28 09:52:14.818,2,PO,108998,1,0,501,2073.1,LT-20260328-091741
2026-03-28 09:52:15.281,2,PO,108999,1,0,461,2073.5,LT-20260328-091741
2026-03-28 09:52:15.800,2,PO,109000,1,0,518,2074,LT-20260328-091741
2026-03-28 09:52:16.300,2,PO,109001,1,0,499,2074.5,LT-20260328-091741
2026-03-28 09:52:16.872,2,PO,109002,1,0,571,2075.1,LT-20260328-091741
2026-03-28 09:52:17.391,2,PO,109003,1,0,516,2075.6,LT-20260328-091741
2026-03-28 09:52:17.911,2,PO,109004,1,0,519,2076.2,LT-20260328-091741
2026-03-28 09:52:18.398,2,PO,109005,1,0,486,2076.6,LT-20260328-091741
2026-03-28 09:52:18.894,2,PO,109006,1,0,494,2077.1,LT-20260328-091741
2026-03-28 09:52:19.400,2,PO,109007,1,0,505,2077.6,LT-20260328-091741
2026-03-28 09:52:19.894,2,PO,109008,1,0,494,2078.1,LT-20260328-091741
2026-03-28 09:52:20.457,2,PO,109009,1,0,561,2078.7,LT-20260328-091741
2026-03-28 09:52:20.994,2,PO,109010,1,0,536,2079.2,LT-20260328-091741
2026-03-28 09:52:21.493,2,PO,109011,1,0,496,2079.7,LT-20260328-091741
2026-03-28 09:52:21.974,2,PO,109012,1,0,481,2080.2,LT-20260328-091741
2026-03-28 09:52:22.444,2,PO,109013,1,0,468,2080.7,LT-20260328-091741
2026-03-28 09:52:22.942,2,PO,109014,1,0,497,2081.2,LT-20260328-091741
2026-03-28 09:52:23.414,2,PO,109015,1,0,470,2081.7,LT-20260328-091741
2026-03-28 09:52:23.877,2,PO,109016,1,0,462,2082.1,LT-20260328-091741
2026-03-28 09:52:24.361,2,PO,109017,1,0,483,2082.6,LT-20260328-091741
2026-03-28 09:52:24.828,2,PO,109018,1,0,466,2083.1,LT-20260328-091741
2026-03-28 09:52:25.323,2,PO,109019,1,0,493,2083.6,LT-20260328-091741
2026-03-28 09:52:25.812,2,PO,109020,1,0,488,2084.1,LT-20260328-091741
2026-03-28 09:52:26.340,2,PO,109021,1,0,526,2084.6,LT-20260328-091741
2026-03-28 09:52:26.825,2,PO,109022,1,0,484,2085.1,LT-20260328-091741
2026-03-28 09:52:27.424,2,PO,109023,1,0,597,2085.7,LT-20260328-091741
2026-03-28 09:52:28.104,2,PO,109024,1,0,678,2086.3,LT-20260328-091741
2026-03-28 09:52:28.671,2,PO,109025,1,0,565,2086.9,LT-20260328-091741
2026-03-28 09:52:29.236,2,PO,109026,1,0,564,2087.5,LT-20260328-091741
2026-03-28 09:52:29.692,2,PO,109027,1,0,454,2087.9,LT-20260328-091741
2026-03-28 09:52:30.210,2,PO,109028,1,0,517,2088.5,LT-20260328-091741
2026-03-28 09:52:30.731,2,PO,109029,1,0,519,2089,LT-20260328-091741
2026-03-28 09:52:31.235,2,PO,109030,1,0,503,2089.5,LT-20260328-091741
2026-03-28 09:52:31.700,2,PO,109031,1,0,463,2089.9,LT-20260328-091741
2026-03-28 09:52:32.168,2,PO,109032,1,0,467,2090.4,LT-20260328-091741
2026-03-28 09:52:32.639,2,PO,109033,1,0,470,2090.9,LT-20260328-091741
2026-03-28 09:52:33.117,2,PO,109034,1,0,476,2091.4,LT-20260328-091741
2026-03-28 09:52:33.598,2,PO,109035,1,0,479,2091.8,LT-20260328-091741
2026-03-28 09:52:34.055,2,PO,109036,1,0,456,2092.3,LT-20260328-091741
2026-03-28 09:52:34.540,2,PO,109037,1,0,483,2092.8,LT-20260328-091741
2026-03-28 09:52:35.008,2,PO,109038,1,0,466,2093.3,LT-20260328-091741
2026-03-28 09:52:35.490,2,PO,109039,1,0,480,2093.7,LT-20260328-091741
2026-03-28 09:52:35.950,2,PO,109040,1,0,459,2094.2,LT-20260328-091741
2026-03-28 09:52:36.454,2,PO,109041,1,0,503,2094.7,LT-20260328-091741
2026-03-28 09:52:36.927,2,PO,109042,1,0,471,2095.2,LT-20260328-091741
2026-03-28 09:52:37.381,2,PO,109043,1,0,452,2095.6,LT-20260328-091741
2026-03-28 09:52:37.858,2,PO,109044,1,0,476,2096.1,LT-20260328-091741
2026-03-28 09:52:38.374,2,PO,109045,1,0,514,2096.6,LT-20260328-091741
2026-03-28 09:52:38.876,2,PO,109046,1,0,501,2097.1,LT-20260328-091741
2026-03-28 09:52:39.340,2,PO,109047,1,0,462,2097.6,LT-20260328-091741
2026-03-28 09:52:39.805,2,PO,109048,1,0,464,2098,LT-20260328-091741
2026-03-28 09:52:40.277,2,PO,109049,1,0,471,2098.5,LT-20260328-091741
2026-03-28 09:52:40.924,2,PO,109050,1,0,646,2099.2,LT-20260328-091741
2026-03-28 09:52:41.428,2,PO,109051,1,0,502,2099.7,LT-20260328-091741
2026-03-28 09:52:41.961,2,PO,109052,1,0,532,2100.2,LT-20260328-091741
2026-03-28 09:52:42.418,2,PO,109053,1,0,456,2100.7,LT-20260328-091741
2026-03-28 09:52:42.976,2,PO,109054,1,0,556,2101.2,LT-20260328-091741
2026-03-28 09:52:43.557,2,PO,109055,1,0,580,2101.8,LT-20260328-091741
2026-03-28 09:52:44.051,2,PO,109056,1,0,492,2102.3,LT-20260328-091741
2026-03-28 09:52:44.540,2,PO,109057,1,0,488,2102.8,LT-20260328-091741
2026-03-28 09:52:45.009,2,PO,109058,1,0,468,2103.3,LT-20260328-091741
2026-03-28 09:52:45.489,2,PO,109059,1,0,479,2103.7,LT-20260328-091741
2026-03-28 09:52:45.985,2,PO,109060,1,0,494,2104.2,LT-20260328-091741
2026-03-28 09:52:46.465,2,PO,109061,1,0,479,2104.7,LT-20260328-091741
2026-03-28 09:52:46.930,2,PO,109062,1,0,463,2105.2,LT-20260328-091741
2026-03-28 09:52:47.392,2,PO,109063,1,0,461,2105.6,LT-20260328-091741
2026-03-28 09:52:47.858,2,PO,109064,1,0,464,2106.1,LT-20260328-091741
2026-03-28 09:52:48.330,2,PO,109065,1,0,471,2106.6,LT-20260328-091741
2026-03-28 09:52:48.801,2,PO,109066,1,0,470,2107,LT-20260328-091741
2026-03-28 09:52:49.290,2,PO,109067,1,0,488,2107.5,LT-20260328-091741
2026-03-28 09:52:49.775,2,PO,109068,1,0,483,2108,LT-20260328-091741
2026-03-28 09:52:50.249,2,PO,109069,1,0,473,2108.5,LT-20260328-091741
2026-03-28 09:52:50.737,2,PO,109070,1,0,486,2109,LT-20260328-091741
2026-03-28 09:52:51.207,2,PO,109071,1,0,468,2109.5,LT-20260328-091741
2026-03-28 09:52:51.670,2,PO,109072,1,0,462,2109.9,LT-20260328-091741
2026-03-28 09:52:52.123,2,PO,109073,1,0,452,2110.4,LT-20260328-091741
2026-03-28 09:52:52.579,2,PO,109074,1,0,455,2110.8,LT-20260328-091741
2026-03-28 09:52:53.043,2,PO,109075,1,0,462,2111.3,LT-20260328-091741
2026-03-28 09:52:53.517,2,PO,109076,1,0,472,2111.8,LT-20260328-091741
2026-03-28 09:52:53.991,2,PO,109077,1,0,473,2112.2,LT-20260328-091741
2026-03-28 09:52:54.483,2,PO,109078,1,0,490,2112.7,LT-20260328-091741
2026-03-28 09:52:54.952,2,PO,109079,1,0,468,2113.2,LT-20260328-091741
2026-03-28 09:52:55.416,2,PO,109080,1,0,461,2113.7,LT-20260328-091741
2026-03-28 09:52:55.882,2,PO,109081,1,0,464,2114.1,LT-20260328-091741
2026-03-28 09:52:56.372,2,PO,109082,1,0,489,2114.6,LT-20260328-091741
2026-03-28 09:52:56.839,2,PO,109083,1,0,466,2115.1,LT-20260328-091741
2026-03-28 09:52:57.301,2,PO,109084,1,0,461,2115.5,LT-20260328-091741
2026-03-28 09:52:57.772,2,PO,109085,1,0,469,2116,LT-20260328-091741
2026-03-28 09:52:58.250,2,PO,109086,1,0,477,2116.5,LT-20260328-091741
2026-03-28 09:52:58.724,2,PO,109087,1,0,472,2117,LT-20260328-091741
2026-03-28 09:52:59.182,2,PO,109088,1,0,457,2117.4,LT-20260328-091741
2026-03-28 09:52:59.649,2,PO,109089,1,0,465,2117.9,LT-20260328-091741
2026-03-28 09:53:00.113,2,PO,109090,1,0,462,2118.4,LT-20260328-091741
2026-03-28 09:53:00.594,2,PO,109091,1,0,480,2118.8,LT-20260328-091741
2026-03-28 09:53:01.087,2,PO,109092,1,0,491,2119.3,LT-20260328-091741
2026-03-28 09:53:01.573,2,PO,109093,1,0,484,2119.8,LT-20260328-091741
2026-03-28 09:53:02.050,2,PO,109094,1,0,475,2120.3,LT-20260328-091741
2026-03-28 09:53:02.505,2,PO,109095,1,0,453,2120.7,LT-20260328-091741
2026-03-28 09:53:02.990,2,PO,109096,1,0,483,2121.2,LT-20260328-091741
2026-03-28 09:53:03.459,2,PO,109097,1,0,469,2121.7,LT-20260328-091741
2026-03-28 09:53:03.958,2,PO,109098,1,0,497,2122.2,LT-20260328-091741
2026-03-28 09:53:04.428,2,PO,109099,1,0,468,2122.7,LT-20260328-091741
2026-03-28 09:53:04.901,2,PO,109100,1,0,471,2123.1,LT-20260328-091741
2026-03-28 09:53:05.387,2,PO,109101,1,0,483,2123.6,LT-20260328-091741
2026-03-28 09:53:05.858,2,PO,109102,1,0,470,2124.1,LT-20260328-091741
2026-03-28 09:53:06.381,2,PO,109103,1,0,521,2124.6,LT-20260328-091741
2026-03-28 09:53:06.859,2,PO,109104,1,0,477,2125.1,LT-20260328-091741
2026-03-28 09:53:07.344,2,PO,109105,1,0,483,2125.6,LT-20260328-091741
2026-03-28 09:53:07.836,2,PO,109106,1,0,491,2126.1,LT-20260328-091741
2026-03-28 09:53:08.303,2,PO,109107,1,0,465,2126.5,LT-20260328-091741
2026-03-28 09:53:08.780,2,PO,109108,1,0,476,2127,LT-20260328-091741
2026-03-28 09:53:09.272,2,PO,109109,1,0,491,2127.5,LT-20260328-091741
2026-03-28 09:53:09.769,2,PO,109110,1,0,495,2128,LT-20260328-091741
2026-03-28 09:53:10.243,2,PO,109111,1,0,470,2128.5,LT-20260328-091741
2026-03-28 09:53:10.732,2,PO,109112,1,0,487,2129,LT-20260328-091741
2026-03-28 09:53:11.235,2,PO,109113,1,0,502,2129.5,LT-20260328-091741
2026-03-28 09:53:11.697,2,PO,109114,1,0,461,2129.9,LT-20260328-091741
2026-03-28 09:53:12.199,2,PO,109115,1,0,500,2130.4,LT-20260328-091741
2026-03-28 09:53:12.665,2,PO,109116,1,0,463,2130.9,LT-20260328-091741
2026-03-28 09:53:13.189,2,PO,109117,1,0,523,2131.4,LT-20260328-091741
2026-03-28 09:53:13.644,2,PO,109118,1,0,454,2131.9,LT-20260328-091741
2026-03-28 09:53:14.104,2,PO,109119,1,0,459,2132.3,LT-20260328-091741
2026-03-28 09:53:14.898,2,PO,109120,1,0,793,2133.1,LT-20260328-091741
2026-03-28 09:53:15.726,2,PO,109121,1,0,826,2134,LT-20260328-091741
2026-03-28 09:53:16.579,2,PO,109122,1,0,852,2134.8,LT-20260328-091741
2026-03-28 09:53:17.403,2,PO,109123,1,0,823,2135.6,LT-20260328-091741
2026-03-28 09:53:18.212,2,PO,109124,1,0,808,2136.5,LT-20260328-091741
2026-03-28 09:53:19.008,2,PO,109125,1,0,795,2137.3,LT-20260328-091741
2026-03-28 09:53:19.755,2,PO,109126,1,0,746,2138,LT-20260328-091741
2026-03-28 09:53:20.416,2,PO,109127,1,0,659,2138.7,LT-20260328-091741
2026-03-28 09:53:21.096,2,PO,109128,1,0,679,2139.3,LT-20260328-091741
2026-03-28 09:53:21.794,2,PO,109129,1,0,697,2140,LT-20260328-091741
2026-03-28 09:53:22.517,2,PO,109130,1,0,721,2140.8,LT-20260328-091741
2026-03-28 09:53:23.215,2,PO,109131,1,0,696,2141.5,LT-20260328-091741
2026-03-28 09:53:23.873,2,PO,109132,1,0,656,2142.1,LT-20260328-091741
2026-03-28 09:53:24.526,2,PO,109133,1,0,652,2142.8,LT-20260328-091741
2026-03-28 09:53:25.187,2,PO,109134,1,0,658,2143.4,LT-20260328-091741
2026-03-28 09:53:25.858,2,PO,109135,1,0,669,2144.1,LT-20260328-091741
2026-03-28 09:53:26.570,2,PO,109136,1,0,711,2144.8,LT-20260328-091741
2026-03-28 09:53:27.214,2,PO,109137,1,0,642,2145.5,LT-20260328-091741
2026-03-28 09:53:27.879,2,PO,109138,1,0,663,2146.1,LT-20260328-091741
2026-03-28 09:53:28.518,2,PO,109139,1,0,638,2146.8,LT-20260328-091741
2026-03-28 09:53:29.171,2,PO,109140,1,0,650,2147.4,LT-20260328-091741
2026-03-28 09:53:29.827,2,PO,109141,1,0,655,2148.1,LT-20260328-091741
2026-03-28 09:53:30.508,2,PO,109142,1,0,680,2148.8,LT-20260328-091741
2026-03-28 09:53:31.190,2,PO,109143,1,0,680,2149.4,LT-20260328-091741
2026-03-28 09:53:31.841,2,PO,109144,1,0,650,2150.1,LT-20260328-091741
2026-03-28 09:53:32.499,2,PO,109145,1,0,656,2150.7,LT-20260328-091741
2026-03-28 09:53:33.153,2,PO,109146,1,0,652,2151.4,LT-20260328-091741
2026-03-28 09:53:33.807,2,PO,109147,1,0,653,2152.1,LT-20260328-091741
2026-03-28 09:53:34.495,2,PO,109148,1,0,687,2152.7,LT-20260328-091741
2026-03-28 09:53:35.143,2,PO,109149,1,0,647,2153.4,LT-20260328-091741
2026-03-28 09:53:35.804,2,PO,109150,1,0,659,2154,LT-20260328-091741
2026-03-28 09:53:36.456,2,PO,109151,1,0,650,2154.7,LT-20260328-091741
2026-03-28 09:53:37.119,2,PO,109152,1,0,662,2155.4,LT-20260328-091741
2026-03-28 09:53:37.785,2,PO,109153,1,0,664,2156,LT-20260328-091741
2026-03-28 09:53:38.447,2,PO,109154,1,0,661,2156.7,LT-20260328-091741
2026-03-28 09:53:39.107,2,PO,109155,1,0,659,2157.4,LT-20260328-091741
2026-03-28 09:53:39.765,2,PO,109156,1,0,656,2158,LT-20260328-091741
2026-03-28 09:53:40.409,2,PO,109157,1,0,642,2158.7,LT-20260328-091741
2026-03-28 09:53:41.074,2,PO,109158,1,0,664,2159.3,LT-20260328-091741
2026-03-28 09:53:41.751,2,PO,109159,1,0,675,2160,LT-20260328-091741
2026-03-28 09:53:42.445,2,PO,109160,1,0,692,2160.7,LT-20260328-091741
2026-03-28 09:53:43.106,2,PO,109161,1,0,660,2161.4,LT-20260328-091741
2026-03-28 09:53:43.761,2,PO,109162,1,0,652,2162,LT-20260328-091741
2026-03-28 09:53:44.379,2,PO,109163,1,0,617,2162.6,LT-20260328-091741
2026-03-28 09:53:44.851,2,PO,109164,1,0,469,2163.1,LT-20260328-091741
2026-03-28 09:53:45.328,2,PO,109165,1,0,475,2163.6,LT-20260328-091741
2026-03-28 09:53:45.813,2,PO,109166,1,0,483,2164.1,LT-20260328-091741
2026-03-28 09:53:46.311,2,PO,109167,1,0,497,2164.6,LT-20260328-091741
2026-03-28 09:53:46.788,2,PO,109168,1,0,476,2165,LT-20260328-091741
2026-03-28 09:53:47.276,2,PO,109169,1,0,485,2165.5,LT-20260328-091741
2026-03-28 09:53:47.756,2,PO,109170,1,0,479,2166,LT-20260328-091741
2026-03-28 09:53:48.231,2,PO,109171,1,0,474,2166.5,LT-20260328-091741
2026-03-28 09:53:48.689,2,PO,109172,1,0,455,2166.9,LT-20260328-091741
2026-03-28 09:53:49.152,2,PO,109173,1,0,462,2167.4,LT-20260328-091741
2026-03-28 09:53:49.642,2,PO,109174,1,0,488,2167.9,LT-20260328-091741
2026-03-28 09:53:50.104,2,PO,109175,1,0,461,2168.3,LT-20260328-091741
2026-03-28 09:53:50.592,2,PO,109176,1,0,484,2168.8,LT-20260328-091741
2026-03-28 09:53:51.088,2,PO,109177,1,0,495,2169.3,LT-20260328-091741
2026-03-28 09:53:51.596,2,PO,109178,1,0,506,2169.8,LT-20260328-091741
2026-03-28 09:53:52.052,2,PO,109179,1,0,454,2170.3,LT-20260328-091741
2026-03-28 09:53:52.536,2,PO,109180,1,0,482,2170.8,LT-20260328-091741
2026-03-28 09:53:53.016,2,PO,109181,1,0,478,2171.3,LT-20260328-091741
2026-03-28 09:53:53.500,2,PO,109182,1,0,480,2171.7,LT-20260328-091741
2026-03-28 09:53:53.966,2,PO,109183,1,0,465,2172.2,LT-20260328-091741
2026-03-28 09:53:54.561,2,PO,109184,1,0,593,2172.8,LT-20260328-091741
2026-03-28 09:53:55.214,2,PO,109185,1,0,651,2173.5,LT-20260328-091741
2026-03-28 09:53:55.949,2,PO,109186,1,0,733,2174.2,LT-20260328-091741
2026-03-28 09:53:56.597,2,PO,109187,1,0,646,2174.8,LT-20260328-091741
2026-03-28 09:53:57.297,2,PO,109188,1,0,698,2175.5,LT-20260328-091741
2026-03-28 09:53:58.003,2,PO,109189,1,0,704,2176.2,LT-20260328-091741
2026-03-28 09:53:58.700,2,PO,109190,1,0,695,2176.9,LT-20260328-091741
2026-03-28 09:53:59.371,2,PO,109191,1,0,670,2177.6,LT-20260328-091741
2026-03-28 09:54:00.036,2,PO,109192,1,0,663,2178.3,LT-20260328-091741
2026-03-28 09:54:00.718,2,PO,109193,1,0,679,2179,LT-20260328-091741
2026-03-28 09:54:01.381,2,PO,109194,1,0,661,2179.6,LT-20260328-091741
2026-03-28 09:54:02.045,2,PO,109195,1,0,662,2180.3,LT-20260328-091741
2026-03-28 09:54:02.725,2,PO,109196,1,0,679,2181,LT-20260328-091741
2026-03-28 09:54:03.427,2,PO,109197,1,0,699,2181.7,LT-20260328-091741
2026-03-28 09:54:04.197,2,PO,109198,1,0,768,2182.4,LT-20260328-091741
2026-03-28 09:54:04.888,2,PO,109199,1,0,688,2183.1,LT-20260328-091741
2026-03-28 09:54:05.719,2,PO,109200,1,0,829,2184,LT-20260328-091741
2026-03-28 09:54:06.431,2,PO,109201,1,0,708,2184.7,LT-20260328-091741
2026-03-28 09:54:07.213,2,PO,109202,1,0,779,2185.5,LT-20260328-091741
2026-03-28 09:54:07.971,2,PO,109203,1,0,755,2186.2,LT-20260328-091741
2026-03-28 09:54:08.652,2,PO,109204,1,0,676,2186.9,LT-20260328-091741
2026-03-28 09:54:09.341,2,PO,109205,1,0,688,2187.6,LT-20260328-091741
2026-03-28 09:54:10.057,2,PO,109206,1,0,713,2188.3,LT-20260328-091741
2026-03-28 09:54:10.757,2,PO,109207,1,0,697,2189,LT-20260328-091741
2026-03-28 09:54:11.425,2,PO,109208,1,0,666,2189.7,LT-20260328-091741
2026-03-28 09:54:12.102,2,PO,109209,1,0,674,2190.3,LT-20260328-091741
2026-03-28 09:54:12.793,2,PO,109210,1,0,689,2191,LT-20260328-091741
2026-03-28 09:54:13.477,2,PO,109211,1,0,683,2191.7,LT-20260328-091741
2026-03-28 09:54:14.194,2,PO,109212,1,0,715,2192.4,LT-20260328-091741
2026-03-28 09:54:14.748,2,PO,109213,1,0,551,2193,LT-20260328-091741
2026-03-28 09:54:15.236,2,PO,109214,1,0,487,2193.5,LT-20260328-091741
2026-03-28 09:54:15.713,2,PO,109215,1,0,476,2194,LT-20260328-091741
2026-03-28 09:54:16.288,2,PO,109216,1,0,572,2194.5,LT-20260328-091741
2026-03-28 09:54:16.774,2,PO,109217,1,0,484,2195,LT-20260328-091741
2026-03-28 09:54:17.266,2,PO,109218,1,0,490,2195.5,LT-20260328-091741
2026-03-28 09:54:17.771,2,PO,109219,1,0,502,2196,LT-20260328-091741
2026-03-28 09:54:18.275,2,PO,109220,1,0,502,2196.5,LT-20260328-091741
2026-03-28 09:54:18.759,2,PO,109221,1,0,481,2197,LT-20260328-091741
2026-03-28 09:54:19.239,2,PO,109222,1,0,478,2197.5,LT-20260328-091741
2026-03-28 09:54:19.771,2,PO,109223,1,0,530,2198,LT-20260328-091741
2026-03-28 09:54:20.384,2,PO,109224,1,0,609,2198.6,LT-20260328-091741
2026-03-28 09:54:21.094,2,PO,109225,1,0,706,2199.3,LT-20260328-091741
2026-03-28 09:54:21.572,2,PO,109226,1,0,477,2199.8,LT-20260328-091741
2026-03-28 09:54:22.060,2,PO,109227,1,0,486,2200.3,LT-20260328-091741
2026-03-28 09:54:22.586,2,PO,109228,1,0,523,2200.8,LT-20260328-091741
2026-03-28 09:54:23.092,2,PO,109229,1,0,501,2201.3,LT-20260328-091741
2026-03-28 09:54:23.619,2,PO,109230,1,0,525,2201.9,LT-20260328-091741
2026-03-28 09:54:24.098,2,PO,109231,1,0,476,2202.3,LT-20260328-091741
2026-03-28 09:54:24.609,2,PO,109232,1,0,509,2202.9,LT-20260328-091741
2026-03-28 09:54:25.132,2,PO,109233,1,0,521,2203.4,LT-20260328-091741
2026-03-28 09:54:25.642,2,PO,109234,1,0,505,2203.9,LT-20260328-091741
2026-03-28 09:54:26.178,2,PO,109235,1,0,532,2204.4,LT-20260328-091741
2026-03-28 09:54:26.674,2,PO,109236,1,0,492,2204.9,LT-20260328-091741
2026-03-28 09:54:27.168,2,PO,109237,1,0,493,2205.4,LT-20260328-091741
2026-03-28 09:54:27.688,2,PO,109238,1,0,518,2205.9,LT-20260328-091741
2026-03-28 09:54:28.211,2,PO,109239,1,0,519,2206.5,LT-20260328-091741
2026-03-28 09:54:28.713,2,PO,109240,1,0,499,2207,LT-20260328-091741
2026-03-28 09:54:29.209,2,PO,109241,1,0,494,2207.5,LT-20260328-091741
2026-03-28 09:54:29.703,2,PO,109242,1,0,489,2207.9,LT-20260328-091741
2026-03-28 09:54:30.469,2,PO,109243,1,0,762,2208.7,LT-20260328-091741
2026-03-28 09:54:30.973,2,PO,109244,1,0,501,2209.2,LT-20260328-091741
2026-03-28 09:54:31.493,2,PO,109245,1,0,516,2209.7,LT-20260328-091741
2026-03-28 09:54:32.015,2,PO,109246,1,0,518,2210.3,LT-20260328-091741
2026-03-28 09:54:32.511,2,PO,109247,1,0,494,2210.8,LT-20260328-091741
2026-03-28 09:54:32.995,2,PO,109248,1,0,481,2211.2,LT-20260328-091741
2026-03-28 09:54:33.485,2,PO,109249,1,0,487,2211.7,LT-20260328-091741
2026-03-28 09:54:33.989,2,PO,109250,1,0,501,2212.2,LT-20260328-091741
2026-03-28 09:54:34.481,2,PO,109251,1,0,489,2212.7,LT-20260328-091741
2026-03-28 09:54:34.983,2,PO,109252,1,0,499,2213.2,LT-20260328-091741
2026-03-28 09:54:35.461,2,PO,109253,1,0,477,2213.7,LT-20260328-091741
2026-03-28 09:54:35.956,2,PO,109254,1,0,493,2214.2,LT-20260328-091741
2026-03-28 09:54:36.472,2,PO,109255,1,0,514,2214.7,LT-20260328-091741
2026-03-28 09:54:36.987,2,PO,109256,1,0,512,2215.2,LT-20260328-091741
2026-03-28 09:54:37.506,2,PO,109257,1,0,515,2215.8,LT-20260328-091741
2026-03-28 09:54:38.012,2,PO,109258,1,0,503,2216.3,LT-20260328-091741
2026-03-28 09:54:38.503,2,PO,109259,1,0,487,2216.7,LT-20260328-091741
2026-03-28 09:54:38.998,2,PO,109260,1,0,494,2217.2,LT-20260328-091741
2026-03-28 09:54:39.521,2,PO,109261,1,0,517,2217.8,LT-20260328-091741
2026-03-28 09:54:40.016,2,PO,109262,1,0,493,2218.3,LT-20260328-091741
2026-03-28 09:54:40.501,2,PO,109263,1,0,483,2218.7,LT-20260328-091741
2026-03-28 09:54:40.989,2,PO,109264,1,0,486,2219.2,LT-20260328-091741
2026-03-28 09:54:41.494,2,PO,109265,1,0,502,2219.7,LT-20260328-091741
2026-03-28 09:54:42.023,2,PO,109266,1,0,525,2220.3,LT-20260328-091741
2026-03-28 09:54:42.529,2,PO,109267,1,0,503,2220.8,LT-20260328-091741
2026-03-28 09:54:43.049,2,PO,109268,1,0,518,2221.3,LT-20260328-091741
2026-03-28 09:54:43.565,2,PO,109269,1,0,512,2221.8,LT-20260328-091741
2026-03-28 09:54:44.077,2,PO,109270,1,0,508,2222.3,LT-20260328-091741
2026-03-28 09:54:44.649,2,PO,109271,1,0,568,2222.9,LT-20260328-091741
2026-03-28 09:54:45.123,2,PO,109272,1,0,472,2223.4,LT-20260328-091741
2026-03-28 09:54:45.623,2,PO,109273,1,0,498,2223.9,LT-20260328-091741
2026-03-28 09:54:46.155,2,PO,109274,1,0,530,2224.4,LT-20260328-091741
2026-03-28 09:54:46.659,2,PO,109275,1,0,501,2224.9,LT-20260328-091741
2026-03-28 09:54:47.211,2,PO,109276,1,0,549,2225.5,LT-20260328-091741
2026-03-28 09:54:47.716,2,PO,109277,1,0,504,2226,LT-20260328-091741
2026-03-28 09:54:48.227,2,PO,109278,1,0,508,2226.5,LT-20260328-091741
2026-03-28 09:54:48.747,2,PO,109279,1,0,516,2227,LT-20260328-091741
2026-03-28 09:54:49.240,2,PO,109280,1,0,491,2227.5,LT-20260328-091741
2026-03-28 09:54:49.740,2,PO,109281,1,0,498,2228,LT-20260328-091741
2026-03-28 09:54:50.233,2,PO,109282,1,0,491,2228.5,LT-20260328-091741
2026-03-28 09:54:50.753,2,PO,109283,1,0,518,2229,LT-20260328-091741
2026-03-28 09:54:51.269,2,PO,109284,1,0,514,2229.5,LT-20260328-091741
2026-03-28 09:54:51.793,2,PO,109285,1,0,522,2230,LT-20260328-091741
2026-03-28 09:54:52.305,2,PO,109286,1,0,510,2230.5,LT-20260328-091741
2026-03-28 09:54:52.822,2,PO,109287,1,0,513,2231.1,LT-20260328-091741
2026-03-28 09:54:53.378,2,PO,109288,1,0,552,2231.6,LT-20260328-091741
2026-03-28 09:54:53.876,2,PO,109289,1,0,495,2232.1,LT-20260328-091741
2026-03-28 09:54:54.388,2,PO,109290,1,0,509,2232.6,LT-20260328-091741
2026-03-28 09:54:54.903,2,PO,109291,1,0,512,2233.1,LT-20260328-091741
2026-03-28 09:54:55.433,2,PO,109292,1,0,526,2233.7,LT-20260328-091741
2026-03-28 09:54:55.931,2,PO,109293,1,0,496,2234.2,LT-20260328-091741
2026-03-28 09:54:56.436,2,PO,109294,1,0,503,2234.7,LT-20260328-091741
2026-03-28 09:54:56.976,2,PO,109295,1,0,536,2235.2,LT-20260328-091741
2026-03-28 09:54:57.495,2,PO,109296,1,0,515,2235.7,LT-20260328-091741
2026-03-28 09:54:58.033,2,PO,109297,1,0,535,2236.3,LT-20260328-091741
2026-03-28 09:54:58.520,2,PO,109298,1,0,486,2236.8,LT-20260328-091741
2026-03-28 09:54:59.027,2,PO,109299,1,0,504,2237.3,LT-20260328-091741
2026-03-28 09:54:59.541,2,PO,109300,1,0,508,2237.8,LT-20260328-091741
2026-03-28 09:55:00.044,2,PO,109301,1,0,500,2238.3,LT-20260328-091741
2026-03-28 09:55:00.587,2,PO,109302,1,0,541,2238.8,LT-20260328-091741
2026-03-28 09:55:01.159,2,PO,109303,1,0,570,2239.4,LT-20260328-091741
2026-03-28 09:55:01.688,2,PO,109304,1,0,526,2239.9,LT-20260328-091741
2026-03-28 09:55:02.220,2,PO,109305,1,0,529,2240.5,LT-20260328-091741
2026-03-28 09:55:02.740,2,PO,109306,1,0,518,2241,LT-20260328-091741
2026-03-28 09:55:03.256,2,PO,109307,1,0,515,2241.5,LT-20260328-091741
2026-03-28 09:55:03.774,2,PO,109308,1,0,515,2242,LT-20260328-091741
2026-03-28 09:55:04.278,2,PO,109309,1,0,502,2242.5,LT-20260328-091741
2026-03-28 09:55:04.989,2,PO,109310,1,0,709,2243.2,LT-20260328-091741
2026-03-28 09:55:05.680,2,PO,109311,1,0,689,2243.9,LT-20260328-091741
2026-03-28 09:55:06.472,2,PO,109312,1,0,790,2244.7,LT-20260328-091741
2026-03-28 09:55:07.474,2,PO,109313,1,0,999,2245.7,LT-20260328-091741
2026-03-28 09:55:08.263,2,PO,109314,1,0,786,2246.5,LT-20260328-091741
2026-03-28 09:55:08.976,2,PO,109315,1,0,710,2247.2,LT-20260328-091741
2026-03-28 09:55:09.707,2,PO,109316,1,0,728,2248,LT-20260328-091741
2026-03-28 09:55:10.400,2,PO,109317,1,0,691,2248.6,LT-20260328-091741
2026-03-28 09:55:11.148,2,PO,109318,1,0,746,2249.4,LT-20260328-091741
2026-03-28 09:55:11.886,2,PO,109319,1,0,734,2250.1,LT-20260328-091741
2026-03-28 09:55:12.896,2,PO,109320,1,0,1008,2251.1,LT-20260328-091741
2026-03-28 09:55:13.841,2,PO,109321,1,0,943,2252.1,LT-20260328-091741
2026-03-28 09:55:14.872,2,PO,109322,1,0,1028,2253.1,LT-20260328-091741
2026-03-28 09:55:15.693,2,PO,109323,1,0,819,2253.9,LT-20260328-091741
2026-03-28 09:55:16.561,2,PO,109324,1,0,863,2254.8,LT-20260328-091741
2026-03-28 09:55:17.399,2,PO,109325,1,0,836,2255.6,LT-20260328-091741
2026-03-28 09:55:18.379,2,PO,109326,1,0,976,2256.6,LT-20260328-091741
2026-03-28 09:55:19.723,2,PO,109327,1,0,1341,2258,LT-20260328-091741
2026-03-28 09:55:20.535,2,PO,109328,1,0,807,2258.8,LT-20260328-091741
2026-03-28 09:55:21.269,2,PO,109329,1,0,732,2259.5,LT-20260328-091741
2026-03-28 09:55:22.178,2,PO,109330,1,0,908,2260.4,LT-20260328-091741
2026-03-28 09:55:23.126,2,PO,109331,1,0,945,2261.4,LT-20260328-091741
2026-03-28 09:55:24.077,2,PO,109332,1,0,950,2262.3,LT-20260328-091741
2026-03-28 09:55:24.948,2,PO,109333,1,0,868,2263.2,LT-20260328-091741
2026-03-28 09:55:25.734,2,PO,109334,1,0,784,2264,LT-20260328-091741
2026-03-28 09:55:26.558,2,PO,109335,1,0,821,2264.8,LT-20260328-091741
2026-03-28 09:55:27.359,2,PO,109336,1,0,798,2265.6,LT-20260328-091741
2026-03-28 09:55:28.161,2,PO,109337,1,0,799,2266.4,LT-20260328-091741
2026-03-28 09:55:28.875,2,PO,109338,1,0,710,2267.1,LT-20260328-091741
2026-03-28 09:55:29.364,2,PO,109339,1,0,487,2267.6,LT-20260328-091741
2026-03-28 09:55:29.896,2,PO,109340,1,0,530,2268.1,LT-20260328-091741
2026-03-28 09:55:30.405,2,PO,109341,1,0,506,2268.6,LT-20260328-091741
2026-03-28 09:55:30.902,2,PO,109342,1,0,494,2269.1,LT-20260328-091741
2026-03-28 09:55:31.386,2,PO,109343,1,0,482,2269.6,LT-20260328-091741
2026-03-28 09:55:31.880,2,PO,109344,1,0,492,2270.1,LT-20260328-091741
2026-03-28 09:55:32.385,2,PO,109345,1,0,501,2270.6,LT-20260328-091741
2026-03-28 09:55:32.894,2,PO,109346,1,0,507,2271.1,LT-20260328-091741
2026-03-28 09:55:33.400,2,PO,109347,1,0,504,2271.6,LT-20260328-091741
2026-03-28 09:55:34.017,2,PO,109348,1,0,616,2272.3,LT-20260328-091741
2026-03-28 09:55:34.966,2,PO,109349,1,0,947,2273.2,LT-20260328-091741
2026-03-28 09:55:35.818,2,PO,109350,1,0,848,2274.1,LT-20260328-091741
2026-03-28 09:55:36.535,2,PO,109351,1,0,714,2274.8,LT-20260328-091741
2026-03-28 09:55:37.251,2,PO,109352,1,0,713,2275.5,LT-20260328-091741
2026-03-28 09:55:37.906,2,PO,109353,1,0,652,2276.2,LT-20260328-091741
2026-03-28 09:55:38.597,2,PO,109354,1,0,690,2276.8,LT-20260328-091741
2026-03-28 09:55:39.316,2,PO,109355,1,0,715,2277.6,LT-20260328-091741
2026-03-28 09:55:39.975,2,PO,109356,1,0,657,2278.2,LT-20260328-091741
2026-03-28 09:55:40.658,2,PO,109357,1,0,680,2278.9,LT-20260328-091741
2026-03-28 09:55:41.353,2,PO,109358,1,0,690,2279.6,LT-20260328-091741
2026-03-28 09:55:42.027,2,PO,109359,1,0,672,2280.3,LT-20260328-091741
2026-03-28 09:55:42.708,2,PO,109360,1,0,679,2281,LT-20260328-091741
2026-03-28 09:55:43.401,2,PO,109361,1,0,688,2281.6,LT-20260328-091741
2026-03-28 09:55:44.067,2,PO,109362,1,0,664,2282.3,LT-20260328-091741
2026-03-28 09:55:44.604,2,PO,109363,1,0,535,2282.8,LT-20260328-091741
2026-03-28 09:55:45.101,2,PO,109364,1,0,494,2283.3,LT-20260328-091741
2026-03-28 09:55:45.598,2,PO,109365,1,0,492,2283.8,LT-20260328-091741
2026-03-28 09:55:46.080,2,PO,109366,1,0,480,2284.3,LT-20260328-091741
2026-03-28 09:55:46.571,2,PO,109367,1,0,489,2284.8,LT-20260328-091741
2026-03-28 09:55:47.086,2,PO,109368,1,0,512,2285.3,LT-20260328-091741
2026-03-28 09:55:47.598,2,PO,109369,1,0,507,2285.8,LT-20260328-091741
2026-03-28 09:55:48.104,2,PO,109370,1,0,503,2286.3,LT-20260328-091741
2026-03-28 09:55:48.597,2,PO,109371,1,0,492,2286.8,LT-20260328-091741
2026-03-28 09:55:49.099,2,PO,109372,1,0,499,2287.3,LT-20260328-091741
2026-03-28 09:55:49.626,2,PO,109373,1,0,524,2287.9,LT-20260328-091741
2026-03-28 09:55:50.162,2,PO,109374,1,0,534,2288.4,LT-20260328-091741
2026-03-28 09:55:50.646,2,PO,109375,1,0,482,2288.9,LT-20260328-091741
2026-03-28 09:55:51.130,2,PO,109376,1,0,483,2289.4,LT-20260328-091741
2026-03-28 09:55:51.672,2,PO,109377,1,0,539,2289.9,LT-20260328-091741
2026-03-28 09:55:52.195,2,PO,109378,1,0,518,2290.4,LT-20260328-091741
2026-03-28 09:55:52.662,2,PO,109379,1,0,466,2290.9,LT-20260328-091741
2026-03-28 09:55:53.129,2,PO,109380,1,0,465,2291.4,LT-20260328-091741
2026-03-28 09:55:53.614,2,PO,109381,1,0,483,2291.9,LT-20260328-091741
2026-03-28 09:55:54.099,2,PO,109382,1,0,483,2292.3,LT-20260328-091741
2026-03-28 09:55:54.612,2,PO,109383,1,0,511,2292.9,LT-20260328-091741
2026-03-28 09:55:55.097,2,PO,109384,1,0,483,2293.3,LT-20260328-091741
2026-03-28 09:55:55.583,2,PO,109385,1,0,484,2293.8,LT-20260328-091741
2026-03-28 09:55:56.074,2,PO,109386,1,0,488,2294.3,LT-20260328-091741
2026-03-28 09:55:56.573,2,PO,109387,1,0,496,2294.8,LT-20260328-091741
2026-03-28 09:55:57.065,2,PO,109388,1,0,490,2295.3,LT-20260328-091741
2026-03-28 09:55:57.565,2,PO,109389,1,0,498,2295.8,LT-20260328-091741
2026-03-28 09:55:58.063,2,PO,109390,1,0,496,2296.3,LT-20260328-091741
2026-03-28 09:55:58.596,2,PO,109391,1,0,531,2296.8,LT-20260328-091741
2026-03-28 09:55:59.095,2,PO,109392,1,0,498,2297.3,LT-20260328-091741
2026-03-28 09:55:59.586,2,PO,109393,1,0,488,2297.8,LT-20260328-091741
2026-03-28 09:56:00.106,2,PO,109394,1,0,517,2298.4,LT-20260328-091741
2026-03-28 09:56:00.619,2,PO,109395,1,0,509,2298.9,LT-20260328-091741
2026-03-28 09:56:01.126,2,PO,109396,1,0,505,2299.4,LT-20260328-091741
2026-03-28 09:56:01.617,2,PO,109397,1,0,489,2299.9,LT-20260328-091741
2026-03-28 09:56:02.126,2,PO,109398,1,0,507,2300.4,LT-20260328-091741
2026-03-28 09:56:02.618,2,PO,109399,1,0,490,2300.9,LT-20260328-091741
2026-03-28 09:56:03.101,2,PO,109400,1,0,481,2301.3,LT-20260328-091741
2026-03-28 09:56:03.612,2,PO,109401,1,0,510,2301.9,LT-20260328-091741
2026-03-28 09:56:04.093,2,PO,109402,1,0,479,2302.3,LT-20260328-091741
2026-03-28 09:56:04.637,2,PO,109403,1,0,542,2302.9,LT-20260328-091741
2026-03-28 09:56:05.126,2,PO,109404,1,0,488,2303.4,LT-20260328-091741
2026-03-28 09:56:05.636,2,PO,109405,1,0,508,2303.9,LT-20260328-091741
2026-03-28 09:56:06.118,2,PO,109406,1,0,481,2304.4,LT-20260328-091741
2026-03-28 09:56:06.606,2,PO,109407,1,0,486,2304.9,LT-20260328-091741
2026-03-28 09:56:07.076,2,PO,109408,1,0,468,2305.3,LT-20260328-091741
2026-03-28 09:56:07.631,2,PO,109409,1,0,552,2305.9,LT-20260328-091741
2026-03-28 09:56:08.113,2,PO,109410,1,0,480,2306.4,LT-20260328-091741
2026-03-28 09:56:08.602,2,PO,109411,1,0,487,2306.8,LT-20260328-091741
2026-03-28 09:56:09.088,2,PO,109412,1,0,485,2307.3,LT-20260328-091741
2026-03-28 09:56:09.587,2,PO,109413,1,0,496,2307.8,LT-20260328-091741
2026-03-28 09:56:10.093,2,PO,109414,1,0,503,2308.3,LT-20260328-091741
2026-03-28 09:56:10.609,2,PO,109415,1,0,514,2308.9,LT-20260328-091741
2026-03-28 09:56:11.103,2,PO,109416,1,0,492,2309.3,LT-20260328-091741
2026-03-28 09:56:11.647,2,PO,109417,1,0,543,2309.9,LT-20260328-091741
2026-03-28 09:56:12.163,2,PO,109418,1,0,514,2310.4,LT-20260328-091741
2026-03-28 09:56:12.645,2,PO,109419,1,0,481,2310.9,LT-20260328-091741
2026-03-28 09:56:13.115,2,PO,109420,1,0,468,2311.4,LT-20260328-091741
2026-03-28 09:56:13.624,2,PO,109421,1,0,506,2311.9,LT-20260328-091741
2026-03-28 09:56:14.101,2,PO,109422,1,0,475,2312.3,LT-20260328-091741
2026-03-28 09:56:14.744,2,PO,109423,1,0,640,2313,LT-20260328-091741
2026-03-28 09:56:15.417,2,PO,109424,1,0,672,2313.7,LT-20260328-091741
2026-03-28 09:56:16.091,2,PO,109425,1,0,672,2314.3,LT-20260328-091741
2026-03-28 09:56:16.786,2,PO,109426,1,0,693,2315,LT-20260328-091741
2026-03-28 09:56:17.456,2,PO,109427,1,0,669,2315.7,LT-20260328-091741
2026-03-28 09:56:18.267,2,PO,109428,1,0,808,2316.5,LT-20260328-091741
2026-03-28 09:56:18.957,2,PO,109429,1,0,689,2317.2,LT-20260328-091741
2026-03-28 09:56:19.622,2,PO,109430,1,0,663,2317.9,LT-20260328-091741
2026-03-28 09:56:20.299,2,PO,109431,1,0,675,2318.5,LT-20260328-091741
2026-03-28 09:56:20.994,2,PO,109432,1,0,693,2319.2,LT-20260328-091741
2026-03-28 09:56:21.698,2,PO,109433,1,0,703,2319.9,LT-20260328-091741
2026-03-28 09:56:22.384,2,PO,109434,1,0,684,2320.6,LT-20260328-091741
2026-03-28 09:56:23.042,2,PO,109435,1,0,655,2321.3,LT-20260328-091741
2026-03-28 09:56:23.705,2,PO,109436,1,0,662,2322,LT-20260328-091741
2026-03-28 09:56:24.432,2,PO,109437,1,0,724,2322.7,LT-20260328-091741
2026-03-28 09:56:25.108,2,PO,109438,1,0,674,2323.4,LT-20260328-091741
2026-03-28 09:56:25.789,2,PO,109439,1,0,679,2324,LT-20260328-091741
2026-03-28 09:56:26.463,2,PO,109440,1,0,671,2324.7,LT-20260328-091741
2026-03-28 09:56:27.131,2,PO,109441,1,0,665,2325.4,LT-20260328-091741
2026-03-28 09:56:27.804,2,PO,109442,1,0,671,2326,LT-20260328-091741
2026-03-28 09:56:28.485,2,PO,109443,1,0,680,2326.7,LT-20260328-091741
2026-03-28 09:56:29.158,2,PO,109444,1,0,670,2327.4,LT-20260328-091741
2026-03-28 09:56:29.832,2,PO,109445,1,0,672,2328.1,LT-20260328-091741
2026-03-28 09:56:30.536,2,PO,109446,1,0,702,2328.8,LT-20260328-091741
2026-03-28 09:56:31.220,2,PO,109447,1,0,682,2329.5,LT-20260328-091741
2026-03-28 09:56:31.886,2,PO,109448,1,0,664,2330.1,LT-20260328-091741
2026-03-28 09:56:32.558,2,PO,109449,1,0,671,2330.8,LT-20260328-091741
2026-03-28 09:56:33.234,2,PO,109450,1,0,673,2331.5,LT-20260328-091741
2026-03-28 09:56:33.905,2,PO,109451,1,0,670,2332.1,LT-20260328-091741
2026-03-28 09:56:34.603,2,PO,109452,1,0,696,2332.8,LT-20260328-091741
2026-03-28 09:56:35.281,2,PO,109453,1,0,676,2333.5,LT-20260328-091741
2026-03-28 09:56:35.979,2,PO,109454,1,0,696,2334.2,LT-20260328-091741
2026-03-28 09:56:36.671,2,PO,109455,1,0,690,2334.9,LT-20260328-091741
2026-03-28 09:56:37.364,2,PO,109456,1,0,691,2335.6,LT-20260328-091741
2026-03-28 09:56:38.066,2,PO,109457,1,0,700,2336.3,LT-20260328-091741
2026-03-28 09:56:38.761,2,PO,109458,1,0,692,2337,LT-20260328-091741
2026-03-28 09:56:39.427,2,PO,109459,1,0,665,2337.7,LT-20260328-091741
2026-03-28 09:56:40.128,2,PO,109460,1,0,700,2338.4,LT-20260328-091741
2026-03-28 09:56:40.798,2,PO,109461,1,0,668,2339,LT-20260328-091741
2026-03-28 09:56:41.459,2,PO,109462,1,0,660,2339.7,LT-20260328-091741
2026-03-28 09:56:42.120,2,PO,109463,1,0,660,2340.4,LT-20260328-091741
2026-03-28 09:56:42.798,2,PO,109464,1,0,676,2341,LT-20260328-091741
2026-03-28 09:56:43.467,2,PO,109465,1,0,667,2341.7,LT-20260328-091741
2026-03-28 09:56:44.131,2,PO,109466,1,0,663,2342.4,LT-20260328-091741
2026-03-28 09:56:44.828,2,PO,109467,1,0,695,2343.1,LT-20260328-091741
2026-03-28 09:56:45.493,2,PO,109468,1,0,663,2343.7,LT-20260328-091741
2026-03-28 09:56:46.199,2,PO,109469,1,0,704,2344.4,LT-20260328-091741
2026-03-28 09:56:46.881,2,PO,109470,1,0,681,2345.1,LT-20260328-091741
2026-03-28 09:56:47.570,2,PO,109471,1,0,687,2345.8,LT-20260328-091741
2026-03-28 09:56:48.248,2,PO,109472,1,0,675,2346.5,LT-20260328-091741
2026-03-28 09:56:48.942,2,PO,109473,1,0,693,2347.2,LT-20260328-091741
2026-03-28 09:56:49.609,2,PO,109474,1,0,665,2347.9,LT-20260328-091741
2026-03-28 09:56:50.260,2,PO,109475,1,0,650,2348.5,LT-20260328-091741
2026-03-28 09:56:50.966,2,PO,109476,1,0,704,2349.2,LT-20260328-091741
2026-03-28 09:56:51.627,2,PO,109477,1,0,658,2349.9,LT-20260328-091741
2026-03-28 09:56:52.305,2,PO,109478,1,0,676,2350.5,LT-20260328-091741
2026-03-28 09:56:52.975,2,PO,109479,1,0,668,2351.2,LT-20260328-091741
2026-03-28 09:56:53.640,2,PO,109480,1,0,663,2351.9,LT-20260328-091741
2026-03-28 09:56:54.306,2,PO,109481,1,0,663,2352.6,LT-20260328-091741
2026-03-28 09:56:54.806,2,PO,109482,1,0,498,2353.1,LT-20260328-091741
2026-03-28 09:56:55.291,2,PO,109483,1,0,484,2353.5,LT-20260328-091741
2026-03-28 09:56:55.779,2,PO,109484,1,0,485,2354,LT-20260328-091741
2026-03-28 09:56:56.283,2,PO,109485,1,0,501,2354.5,LT-20260328-091741
2026-03-28 09:56:56.777,2,PO,109486,1,0,493,2355,LT-20260328-091741
2026-03-28 09:56:57.259,2,PO,109487,1,0,480,2355.5,LT-20260328-091741
2026-03-28 09:56:57.746,2,PO,109488,1,0,486,2356,LT-20260328-091741
2026-03-28 09:56:58.230,2,PO,109489,1,0,483,2356.5,LT-20260328-091741
2026-03-28 09:56:58.704,2,PO,109490,1,0,473,2356.9,LT-20260328-091741
2026-03-28 09:56:59.169,2,PO,109491,1,0,463,2357.4,LT-20260328-091741
2026-03-28 09:56:59.639,2,PO,109492,1,0,468,2357.9,LT-20260328-091741
2026-03-28 09:57:00.131,2,PO,109493,1,0,490,2358.4,LT-20260328-091741
2026-03-28 09:57:00.609,2,PO,109494,1,0,476,2358.9,LT-20260328-091741
2026-03-28 09:57:01.090,2,PO,109495,1,0,480,2359.3,LT-20260328-091741
2026-03-28 09:57:01.577,2,PO,109496,1,0,485,2359.8,LT-20260328-091741
2026-03-28 09:57:02.056,2,PO,109497,1,0,477,2360.3,LT-20260328-091741
2026-03-28 09:57:02.528,2,PO,109498,1,0,470,2360.8,LT-20260328-091741
2026-03-28 09:57:03.020,2,PO,109499,1,0,490,2361.3,LT-20260328-091741
2026-03-28 09:57:03.505,2,PO,109500,1,0,482,2361.7,LT-20260328-091741
2026-03-28 09:57:03.992,2,PO,109501,1,0,486,2362.2,LT-20260328-091741
2026-03-28 09:57:04.650,2,PO,109502,1,0,655,2362.9,LT-20260328-091741
2026-03-28 09:57:05.327,2,PO,109503,1,0,675,2363.6,LT-20260328-091741
2026-03-28 09:57:06.010,2,PO,109504,1,0,682,2364.3,LT-20260328-091741
2026-03-28 09:57:06.734,2,PO,109505,1,0,722,2365,LT-20260328-091741
2026-03-28 09:57:07.400,2,PO,109506,1,0,665,2365.6,LT-20260328-091741
2026-03-28 09:57:08.092,2,PO,109507,1,0,690,2366.3,LT-20260328-091741
2026-03-28 09:57:08.753,2,PO,109508,1,0,658,2367,LT-20260328-091741
2026-03-28 09:57:09.439,2,PO,109509,1,0,684,2367.7,LT-20260328-091741
2026-03-28 09:57:10.087,2,PO,109510,1,0,647,2368.3,LT-20260328-091741
2026-03-28 09:57:10.762,2,PO,109511,1,0,673,2369,LT-20260328-091741
2026-03-28 09:57:11.430,2,PO,109512,1,0,666,2369.7,LT-20260328-091741
2026-03-28 09:57:12.107,2,PO,109513,1,0,675,2370.4,LT-20260328-091741
2026-03-28 09:57:12.770,2,PO,109514,1,0,662,2371,LT-20260328-091741
2026-03-28 09:57:13.462,2,PO,109515,1,0,690,2371.7,LT-20260328-091741
2026-03-28 09:57:14.152,2,PO,109516,1,0,688,2372.4,LT-20260328-091741
2026-03-28 09:57:14.843,2,PO,109517,1,0,689,2373.1,LT-20260328-091741
2026-03-28 09:57:15.546,2,PO,109518,1,0,701,2373.8,LT-20260328-091741
2026-03-28 09:57:16.238,2,PO,109519,1,0,690,2374.5,LT-20260328-091741
2026-03-28 09:57:16.931,2,PO,109520,1,0,690,2375.2,LT-20260328-091741
2026-03-28 09:57:17.598,2,PO,109521,1,0,665,2375.8,LT-20260328-091741
2026-03-28 09:57:18.268,2,PO,109522,1,0,667,2376.5,LT-20260328-091741
2026-03-28 09:57:18.927,2,PO,109523,1,0,658,2377.2,LT-20260328-091741
2026-03-28 09:57:19.594,2,PO,109524,1,0,665,2377.8,LT-20260328-091741
2026-03-28 09:57:20.306,2,PO,109525,1,0,711,2378.6,LT-20260328-091741
2026-03-28 09:57:20.965,2,PO,109526,1,0,657,2379.2,LT-20260328-091741
2026-03-28 09:57:21.642,2,PO,109527,1,0,675,2379.9,LT-20260328-091741
2026-03-28 09:57:22.324,2,PO,109528,1,0,680,2380.6,LT-20260328-091741
2026-03-28 09:57:22.992,2,PO,109529,1,0,666,2381.2,LT-20260328-091741
2026-03-28 09:57:23.668,2,PO,109530,1,0,675,2381.9,LT-20260328-091741
2026-03-28 09:57:24.340,2,PO,109531,1,0,671,2382.6,LT-20260328-091741
2026-03-28 09:57:25.067,2,PO,109532,1,0,725,2383.3,LT-20260328-091741
2026-03-28 09:57:25.654,2,PO,109533,1,0,586,2383.9,LT-20260328-091741
2026-03-28 09:57:26.155,2,PO,109534,1,0,498,2384.4,LT-20260328-091741
2026-03-28 09:57:26.639,2,PO,109535,1,0,482,2384.9,LT-20260328-091741
2026-03-28 09:57:27.118,2,PO,109536,1,0,477,2385.4,LT-20260328-091741
2026-03-28 09:57:27.592,2,PO,109537,1,0,472,2385.8,LT-20260328-091741
2026-03-28 09:57:28.070,2,PO,109538,1,0,475,2386.3,LT-20260328-091741
2026-03-28 09:57:28.560,2,PO,109539,1,0,489,2386.8,LT-20260328-091741
2026-03-28 09:57:29.026,2,PO,109540,1,0,465,2387.3,LT-20260328-091741
2026-03-28 09:57:29.511,2,PO,109541,1,0,483,2387.8,LT-20260328-091741
2026-03-28 09:57:29.985,2,PO,109542,1,0,472,2388.2,LT-20260328-091741
2026-03-28 09:57:30.441,2,PO,109543,1,0,454,2388.7,LT-20260328-091741
2026-03-28 09:57:30.932,2,PO,109544,1,0,489,2389.2,LT-20260328-091741
2026-03-28 09:57:31.413,2,PO,109545,1,0,479,2389.7,LT-20260328-091741
2026-03-28 09:57:31.914,2,PO,109546,1,0,498,2390.2,LT-20260328-091741
2026-03-28 09:57:32.402,2,PO,109547,1,0,484,2390.6,LT-20260328-091741
2026-03-28 09:57:32.880,2,PO,109548,1,0,476,2391.1,LT-20260328-091741
2026-03-28 09:57:33.362,2,PO,109549,1,0,479,2391.6,LT-20260328-091741
2026-03-28 09:57:33.835,2,PO,109550,1,0,470,2392.1,LT-20260328-091741
2026-03-28 09:57:34.335,2,PO,109551,1,0,498,2392.6,LT-20260328-091741
2026-03-28 09:57:34.820,2,PO,109552,1,0,482,2393.1,LT-20260328-091741
2026-03-28 09:57:35.304,2,PO,109553,1,0,482,2393.5,LT-20260328-091741
2026-03-28 09:57:35.870,2,PO,109554,1,0,564,2394.1,LT-20260328-091741
2026-03-28 09:57:36.360,2,PO,109555,1,0,488,2394.6,LT-20260328-091741
2026-03-28 09:57:36.868,2,PO,109556,1,0,505,2395.1,LT-20260328-091741
2026-03-28 09:57:37.344,2,PO,109557,1,0,475,2395.6,LT-20260328-091741
2026-03-28 09:57:37.825,2,PO,109558,1,0,479,2396.1,LT-20260328-091741
2026-03-28 09:57:38.290,2,PO,109559,1,0,464,2396.5,LT-20260328-091741
2026-03-28 09:57:38.773,2,PO,109560,1,0,481,2397,LT-20260328-091741
2026-03-28 09:57:39.264,2,PO,109561,1,0,490,2397.5,LT-20260328-091741
2026-03-28 09:57:39.757,2,PO,109562,1,0,491,2398,LT-20260328-091741
2026-03-28 09:57:40.231,2,PO,109563,1,0,472,2398.5,LT-20260328-091741
2026-03-28 09:57:40.740,2,PO,109564,1,0,507,2399,LT-20260328-091741
2026-03-28 09:57:41.211,2,PO,109565,1,0,469,2399.5,LT-20260328-091741
2026-03-28 09:57:41.691,2,PO,109566,1,0,478,2399.9,LT-20260328-091741
2026-03-28 09:57:42.166,2,PO,109567,1,0,473,2400.4,LT-20260328-091741
2026-03-28 09:57:42.646,2,PO,109568,1,0,478,2400.9,LT-20260328-091741
2026-03-28 09:57:43.614,3,SO,104566,1,0,963,2401.9,LT-20260328-091741
2026-03-28 09:57:44.232,3,SO,104567,1,0,616,2402.5,LT-20260328-091741
2026-03-28 09:57:44.862,3,SO,104568,1,0,629,2403.1,LT-20260328-091741
2026-03-28 09:57:45.464,3,SO,104569,1,0,599,2403.7,LT-20260328-091741
2026-03-28 09:57:46.072,3,SO,104570,1,0,606,2404.3,LT-20260328-091741
2026-03-28 09:57:46.677,3,SO,104571,1,0,603,2404.9,LT-20260328-091741
2026-03-28 09:57:47.267,3,SO,104572,1,0,588,2405.5,LT-20260328-091741
2026-03-28 09:57:47.892,3,SO,104573,1,0,623,2406.1,LT-20260328-091741
2026-03-28 09:57:48.476,3,SO,104574,1,0,582,2406.7,LT-20260328-091741
2026-03-28 09:57:49.076,3,SO,104575,1,0,599,2407.3,LT-20260328-091741
2026-03-28 09:57:49.649,3,SO,104576,1,0,572,2407.9,LT-20260328-091741
2026-03-28 09:57:50.235,3,SO,104577,1,0,584,2408.5,LT-20260328-091741
2026-03-28 09:57:50.816,3,SO,104578,1,0,580,2409.1,LT-20260328-091741
2026-03-28 09:57:51.416,3,SO,104579,1,0,597,2409.7,LT-20260328-091741
2026-03-28 09:57:52.015,3,SO,104580,1,0,596,2410.3,LT-20260328-091741
2026-03-28 09:57:52.604,3,SO,104581,1,0,587,2410.8,LT-20260328-091741
2026-03-28 09:57:53.225,3,SO,104582,1,0,619,2411.5,LT-20260328-091741
2026-03-28 09:57:53.816,3,SO,104583,1,0,589,2412.1,LT-20260328-091741
2026-03-28 09:57:54.428,3,SO,104584,1,0,608,2412.7,LT-20260328-091741
2026-03-28 09:57:55.057,3,SO,104585,1,0,627,2413.3,LT-20260328-091741
2026-03-28 09:57:55.751,3,SO,104586,1,0,692,2414,LT-20260328-091741
2026-03-28 09:57:56.542,3,SO,104587,1,0,790,2414.8,LT-20260328-091741
2026-03-28 09:57:57.338,3,SO,104588,1,0,795,2415.6,LT-20260328-091741
2026-03-28 09:57:58.120,3,SO,104589,1,0,780,2416.4,LT-20260328-091741
2026-03-28 09:57:58.944,3,SO,104590,1,0,822,2417.2,LT-20260328-091741
2026-03-28 09:57:59.701,3,SO,104591,1,0,755,2417.9,LT-20260328-091741
2026-03-28 09:58:00.485,3,SO,104592,1,0,782,2418.7,LT-20260328-091741
2026-03-28 09:58:01.265,3,SO,104593,1,0,778,2419.5,LT-20260328-091741
2026-03-28 09:58:02.065,3,SO,104594,1,0,799,2420.3,LT-20260328-091741
2026-03-28 09:58:02.857,3,SO,104595,1,0,790,2421.1,LT-20260328-091741
2026-03-28 09:58:03.639,3,SO,104596,1,0,775,2421.9,LT-20260328-091741
2026-03-28 09:58:04.422,3,SO,104597,1,0,781,2422.7,LT-20260328-091741
2026-03-28 09:58:05.229,3,SO,104598,1,0,805,2423.5,LT-20260328-091741
2026-03-28 09:58:05.935,3,SO,104599,1,0,705,2424.2,LT-20260328-091741
2026-03-28 09:58:06.812,3,SO,104600,1,0,876,2425.1,LT-20260328-091741
2026-03-28 09:58:07.478,3,SO,104601,1,0,664,2425.7,LT-20260328-091741
2026-03-28 09:58:08.156,3,SO,104602,1,0,676,2426.4,LT-20260328-091741
2026-03-28 09:58:08.799,3,SO,104603,1,0,641,2427,LT-20260328-091741
2026-03-28 09:58:09.678,3,SO,104604,1,0,878,2427.9,LT-20260328-091741
2026-03-28 09:58:10.391,3,SO,104605,1,0,711,2428.6,LT-20260328-091741
2026-03-28 09:58:11.158,3,SO,104606,1,0,764,2429.4,LT-20260328-091741
2026-03-28 09:58:11.758,3,SO,104607,1,0,600,2430,LT-20260328-091741
2026-03-28 09:58:12.363,3,SO,104608,1,0,603,2430.6,LT-20260328-091741
2026-03-28 09:58:12.969,3,SO,104609,1,0,604,2431.2,LT-20260328-091741
2026-03-28 09:58:13.665,3,SO,104610,1,0,694,2431.9,LT-20260328-091741
2026-03-28 09:58:14.263,3,SO,104611,1,0,596,2432.5,LT-20260328-091741
2026-03-28 09:58:14.966,3,SO,104612,1,0,701,2433.2,LT-20260328-091741
2026-03-28 09:58:15.673,3,SO,104613,1,0,705,2433.9,LT-20260328-091741
2026-03-28 09:58:16.498,3,SO,104614,1,0,823,2434.7,LT-20260328-091741
2026-03-28 09:58:17.301,3,SO,104615,1,0,800,2435.5,LT-20260328-091741
2026-03-28 09:58:18.101,3,SO,104616,1,0,797,2436.3,LT-20260328-091741
2026-03-28 09:58:18.942,3,SO,104617,1,0,840,2437.2,LT-20260328-091741
2026-03-28 09:58:19.857,3,SO,104618,1,0,913,2438.1,LT-20260328-091741
2026-03-28 09:58:20.838,3,SO,104619,1,0,979,2439.1,LT-20260328-091741
2026-03-28 09:58:21.829,3,SO,104620,1,0,990,2440.1,LT-20260328-091741
2026-03-28 09:58:22.846,3,SO,104621,1,0,1015,2441.1,LT-20260328-091741
2026-03-28 09:58:23.938,3,SO,104622,1,0,1089,2442.2,LT-20260328-091741
2026-03-28 09:58:24.736,3,SO,104623,1,0,796,2443,LT-20260328-091741
2026-03-28 09:58:25.474,3,SO,104624,1,0,735,2443.7,LT-20260328-091741
2026-03-28 09:58:26.095,3,SO,104625,1,0,620,2444.3,LT-20260328-091741
2026-03-28 09:58:26.705,3,SO,104626,1,0,608,2444.9,LT-20260328-091741
2026-03-28 09:58:27.293,3,SO,104627,1,0,586,2445.5,LT-20260328-091741
2026-03-28 09:58:27.879,3,SO,104628,1,0,585,2446.1,LT-20260328-091741
2026-03-28 09:58:28.485,3,SO,104629,1,0,604,2446.7,LT-20260328-091741
2026-03-28 09:58:29.091,3,SO,104630,1,0,605,2447.3,LT-20260328-091741
2026-03-28 09:58:29.710,3,SO,104631,1,0,617,2448,LT-20260328-091741
2026-03-28 09:58:30.342,3,SO,104632,1,0,630,2448.6,LT-20260328-091741
2026-03-28 09:58:30.963,3,SO,104633,1,0,619,2449.2,LT-20260328-091741
2026-03-28 09:58:31.549,3,SO,104634,1,0,583,2449.8,LT-20260328-091741
2026-03-28 09:58:32.194,3,SO,104635,1,0,644,2450.4,LT-20260328-091741
2026-03-28 09:58:32.812,3,SO,104636,1,0,616,2451.1,LT-20260328-091741
2026-03-28 09:58:33.429,3,SO,104637,1,0,617,2451.7,LT-20260328-091741
2026-03-28 09:58:34.036,3,SO,104638,1,0,605,2452.3,LT-20260328-091741
2026-03-28 09:58:34.681,3,SO,104639,1,0,643,2452.9,LT-20260328-091741
2026-03-28 09:58:35.271,3,SO,104640,1,0,589,2453.5,LT-20260328-091741
2026-03-28 09:58:36.268,3,SO,104641,1,0,995,2454.5,LT-20260328-091741
2026-03-28 09:58:37.115,3,SO,104642,1,0,845,2455.4,LT-20260328-091741
2026-03-28 09:58:37.969,3,SO,104643,1,0,852,2456.2,LT-20260328-091741
2026-03-28 09:58:38.877,3,SO,104644,1,0,905,2457.1,LT-20260328-091741
2026-03-28 09:58:39.771,3,SO,104645,1,0,892,2458,LT-20260328-091741
2026-03-28 09:58:40.589,3,SO,104646,1,0,817,2458.8,LT-20260328-091741
2026-03-28 09:58:41.484,3,SO,104647,1,0,893,2459.7,LT-20260328-091741
2026-03-28 09:58:42.302,3,SO,104648,1,0,816,2460.5,LT-20260328-091741
2026-03-28 09:58:43.099,3,SO,104649,1,0,794,2461.3,LT-20260328-091741
2026-03-28 09:58:43.994,3,SO,104650,1,0,893,2462.2,LT-20260328-091741
2026-03-28 09:58:44.819,3,SO,104651,1,0,823,2463.1,LT-20260328-091741
2026-03-28 09:58:45.519,3,SO,104652,1,0,698,2463.8,LT-20260328-091741
2026-03-28 09:58:46.173,3,SO,104653,1,0,652,2464.4,LT-20260328-091741
2026-03-28 09:58:46.778,3,SO,104654,1,0,603,2465,LT-20260328-091741
2026-03-28 09:58:47.430,3,SO,104655,1,0,650,2465.7,LT-20260328-091741
2026-03-28 09:58:48.002,3,SO,104656,1,0,570,2466.2,LT-20260328-091741
2026-03-28 09:58:48.622,3,SO,104657,1,0,618,2466.9,LT-20260328-091741
2026-03-28 09:58:49.220,3,SO,104658,1,0,596,2467.5,LT-20260328-091741
2026-03-28 09:58:49.826,3,SO,104659,1,0,604,2468.1,LT-20260328-091741
2026-03-28 09:58:50.422,3,SO,104660,1,0,594,2468.7,LT-20260328-091741
2026-03-28 09:58:51.020,3,SO,104661,1,0,596,2469.3,LT-20260328-091741
2026-03-28 09:58:51.654,3,SO,104662,1,0,632,2469.9,LT-20260328-091741
2026-03-28 09:58:52.252,3,SO,104663,1,0,597,2470.5,LT-20260328-091741
2026-03-28 09:58:52.869,3,SO,104664,1,0,614,2471.1,LT-20260328-091741
2026-03-28 09:58:53.458,3,SO,104665,1,0,587,2471.7,LT-20260328-091741
2026-03-28 09:58:54.086,3,SO,104666,1,0,625,2472.3,LT-20260328-091741
2026-03-28 09:58:54.703,3,SO,104667,1,0,615,2472.9,LT-20260328-091741
2026-03-28 09:58:55.336,3,SO,104668,1,0,631,2473.6,LT-20260328-091741
2026-03-28 09:58:56.073,3,SO,104669,1,0,735,2474.3,LT-20260328-091741
2026-03-28 09:58:56.899,3,SO,104670,1,0,824,2475.1,LT-20260328-091741
2026-03-28 09:58:57.694,3,SO,104671,1,0,791,2475.9,LT-20260328-091741
2026-03-28 09:58:58.591,3,SO,104672,1,0,895,2476.8,LT-20260328-091741
2026-03-28 09:58:59.389,3,SO,104673,1,0,796,2477.6,LT-20260328-091741
2026-03-28 09:59:00.206,3,SO,104674,1,0,815,2478.5,LT-20260328-091741
2026-03-28 09:59:00.972,3,SO,104675,1,0,765,2479.2,LT-20260328-091741
2026-03-28 09:59:01.757,3,SO,104676,1,0,783,2480,LT-20260328-091741
2026-03-28 09:59:02.680,3,SO,104677,1,0,922,2480.9,LT-20260328-091741
2026-03-28 09:59:03.782,3,SO,104678,1,0,1099,2482,LT-20260328-091741
2026-03-28 09:59:04.936,3,SO,104679,1,0,1152,2483.2,LT-20260328-091741
2026-03-28 09:59:05.759,3,SO,104680,1,0,820,2484,LT-20260328-091741
2026-03-28 09:59:06.551,3,SO,104681,1,0,790,2484.8,LT-20260328-091741
2026-03-28 09:59:07.339,3,SO,104682,1,0,786,2485.6,LT-20260328-091741
2026-03-28 09:59:08.128,3,SO,104683,1,0,787,2486.4,LT-20260328-091741
2026-03-28 09:59:08.953,3,SO,104684,1,0,824,2487.2,LT-20260328-091741
2026-03-28 09:59:09.753,3,SO,104685,1,0,798,2488,LT-20260328-091741
2026-03-28 09:59:10.546,3,SO,104686,1,0,791,2488.8,LT-20260328-091741
2026-03-28 09:59:11.356,3,SO,104687,1,0,809,2489.6,LT-20260328-091741
2026-03-28 09:59:12.159,3,SO,104688,1,0,800,2490.4,LT-20260328-091741
2026-03-28 09:59:12.942,3,SO,104689,1,0,782,2491.2,LT-20260328-091741
2026-03-28 09:59:13.761,3,SO,104690,1,0,817,2492,LT-20260328-091741
2026-03-28 09:59:14.584,3,SO,104691,1,0,820,2492.8,LT-20260328-091741
2026-03-28 09:59:15.375,3,SO,104692,1,0,788,2493.6,LT-20260328-091741
2026-03-28 09:59:15.980,3,SO,104693,1,0,603,2494.2,LT-20260328-091741
2026-03-28 09:59:16.598,3,SO,104694,1,0,614,2494.8,LT-20260328-091741
2026-03-28 09:59:17.187,3,SO,104695,1,0,587,2495.4,LT-20260328-091741
2026-03-28 09:59:17.832,3,SO,104696,1,0,643,2496.1,LT-20260328-091741
2026-03-28 09:59:18.418,3,SO,104697,1,0,584,2496.7,LT-20260328-091741
2026-03-28 09:59:19.017,3,SO,104698,1,0,596,2497.3,LT-20260328-091741
2026-03-28 09:59:19.636,3,SO,104699,1,0,618,2497.9,LT-20260328-091741
2026-03-28 09:59:20.338,3,SO,104700,1,0,701,2498.6,LT-20260328-091741
2026-03-28 09:59:21.023,3,SO,104701,1,0,682,2499.3,LT-20260328-091741
2026-03-28 09:59:21.626,3,SO,104702,1,0,601,2499.9,LT-20260328-091741
2026-03-28 09:59:22.232,3,SO,104703,1,0,605,2500.5,LT-20260328-091741
2026-03-28 09:59:22.850,3,SO,104704,1,0,615,2501.1,LT-20260328-091741
2026-03-28 09:59:23.468,3,SO,104705,1,0,615,2501.7,LT-20260328-091741
2026-03-28 09:59:24.053,3,SO,104706,1,0,583,2502.3,LT-20260328-091741
2026-03-28 09:59:24.682,3,SO,104707,1,0,628,2502.9,LT-20260328-091741
2026-03-28 09:59:25.290,3,SO,104708,1,0,606,2503.5,LT-20260328-091741
2026-03-28 09:59:25.896,3,SO,104709,1,0,603,2504.1,LT-20260328-091741
2026-03-28 09:59:26.507,3,SO,104710,1,0,609,2504.8,LT-20260328-091741
2026-03-28 09:59:27.104,3,SO,104711,1,0,596,2505.3,LT-20260328-091741
2026-03-28 09:59:27.682,3,SO,104712,1,0,575,2505.9,LT-20260328-091741
2026-03-28 09:59:28.281,3,SO,104713,1,0,598,2506.5,LT-20260328-091741
2026-03-28 09:59:28.892,3,SO,104714,1,0,609,2507.1,LT-20260328-091741
2026-03-28 09:59:29.468,3,SO,104715,1,0,574,2507.7,LT-20260328-091741
2026-03-28 09:59:30.088,3,SO,104716,1,0,617,2508.3,LT-20260328-091741
2026-03-28 09:59:30.694,3,SO,104717,1,0,605,2508.9,LT-20260328-091741
2026-03-28 09:59:31.338,3,SO,104718,1,0,642,2509.6,LT-20260328-091741
2026-03-28 09:59:31.931,3,SO,104719,1,0,591,2510.2,LT-20260328-091741
2026-03-28 09:59:32.514,3,SO,104720,1,0,581,2510.8,LT-20260328-091741
2026-03-28 09:59:33.134,3,SO,104721,1,0,619,2511.4,LT-20260328-091741
2026-03-28 09:59:33.759,3,SO,104722,1,0,621,2512,LT-20260328-091741
2026-03-28 09:59:34.387,3,SO,104723,1,0,626,2512.6,LT-20260328-091741
2026-03-28 09:59:34.979,3,SO,104724,1,0,590,2513.2,LT-20260328-091741
2026-03-28 09:59:35.606,3,SO,104725,1,0,625,2513.9,LT-20260328-091741
2026-03-28 09:59:36.221,3,SO,104726,1,0,614,2514.5,LT-20260328-091741
2026-03-28 09:59:36.822,3,SO,104727,1,0,599,2515.1,LT-20260328-091741
2026-03-28 09:59:37.430,3,SO,104728,1,0,606,2515.7,LT-20260328-091741
2026-03-28 09:59:38.021,3,SO,104729,1,0,590,2516.3,LT-20260328-091741
2026-03-28 09:59:38.628,3,SO,104730,1,0,605,2516.9,LT-20260328-091741
2026-03-28 09:59:39.254,3,SO,104731,1,0,622,2517.5,LT-20260328-091741
2026-03-28 09:59:40.010,3,SO,104732,1,0,755,2518.3,LT-20260328-091741
2026-03-28 09:59:40.668,3,SO,104733,1,0,656,2518.9,LT-20260328-091741
2026-03-28 09:59:41.307,3,SO,104734,1,0,635,2519.6,LT-20260328-091741
2026-03-28 09:59:41.925,3,SO,104735,1,0,616,2520.2,LT-20260328-091741
2026-03-28 09:59:42.543,3,SO,104736,1,0,616,2520.8,LT-20260328-091741
2026-03-28 09:59:43.203,3,SO,104737,1,0,655,2521.4,LT-20260328-091741
2026-03-28 09:59:43.778,3,SO,104738,1,0,573,2522,LT-20260328-091741
2026-03-28 09:59:44.588,3,SO,104739,1,0,808,2522.8,LT-20260328-091741
2026-03-28 09:59:45.337,3,SO,104740,1,0,746,2523.6,LT-20260328-091741
2026-03-28 09:59:46.140,3,SO,104741,1,0,801,2524.4,LT-20260328-091741
2026-03-28 09:59:47.109,3,SO,104742,1,0,967,2525.4,LT-20260328-091741
2026-03-28 09:59:47.951,3,SO,104743,1,0,841,2526.2,LT-20260328-091741
2026-03-28 09:59:48.821,3,SO,104744,1,0,867,2527.1,LT-20260328-091741
2026-03-28 09:59:49.614,3,SO,104745,1,0,789,2527.9,LT-20260328-091741
2026-03-28 09:59:50.430,3,SO,104746,1,0,814,2528.7,LT-20260328-091741
2026-03-28 09:59:51.239,3,SO,104747,1,0,806,2529.5,LT-20260328-091741
2026-03-28 09:59:52.004,3,SO,104748,1,0,761,2530.2,LT-20260328-091741
2026-03-28 09:59:52.781,3,SO,104749,1,0,775,2531,LT-20260328-091741
2026-03-28 09:59:53.678,3,SO,104750,1,0,893,2531.9,LT-20260328-091741
2026-03-28 09:59:54.497,3,SO,104751,1,0,817,2532.7,LT-20260328-091741
2026-03-28 09:59:55.281,3,SO,104752,1,0,782,2533.5,LT-20260328-091741
2026-03-28 09:59:56.225,3,SO,104753,1,0,942,2534.5,LT-20260328-091741
2026-03-28 09:59:57.021,3,SO,104754,1,0,794,2535.3,LT-20260328-091741
2026-03-28 09:59:57.831,3,SO,104755,1,0,806,2536.1,LT-20260328-091741
2026-03-28 09:59:58.674,3,SO,104756,1,0,841,2536.9,LT-20260328-091741
2026-03-28 09:59:59.471,3,SO,104757,1,0,795,2537.7,LT-20260328-091741
2026-03-28 10:00:00.272,3,SO,104758,1,0,798,2538.5,LT-20260328-091741
2026-03-28 10:00:01.087,3,SO,104759,1,0,813,2539.3,LT-20260328-091741
2026-03-28 10:00:01.890,3,SO,104760,1,0,799,2540.1,LT-20260328-091741
2026-03-28 10:00:02.708,3,SO,104761,1,0,816,2541,LT-20260328-091741
2026-03-28 10:00:03.514,3,SO,104762,1,0,803,2541.8,LT-20260328-091741
2026-03-28 10:00:04.380,3,SO,104763,1,0,863,2542.6,LT-20260328-091741
2026-03-28 10:00:05.185,3,SO,104764,1,0,802,2543.4,LT-20260328-091741
2026-03-28 10:00:05.846,3,SO,104765,1,0,660,2544.1,LT-20260328-091741
2026-03-28 10:00:06.492,3,SO,104766,1,0,643,2544.7,LT-20260328-091741
2026-03-28 10:00:07.123,3,SO,104767,1,0,629,2545.4,LT-20260328-091741
2026-03-28 10:00:07.750,3,SO,104768,1,0,624,2546,LT-20260328-091741
2026-03-28 10:00:08.380,3,SO,104769,1,0,626,2546.6,LT-20260328-091741
2026-03-28 10:00:08.992,3,SO,104770,1,0,609,2547.2,LT-20260328-091741
2026-03-28 10:00:09.615,3,SO,104771,1,0,621,2547.9,LT-20260328-091741
2026-03-28 10:00:10.275,3,SO,104772,1,0,658,2548.5,LT-20260328-091741
2026-03-28 10:00:10.894,3,SO,104773,1,0,616,2549.1,LT-20260328-091741
2026-03-28 10:00:11.507,3,SO,104774,1,0,611,2549.8,LT-20260328-091741
2026-03-28 10:00:12.103,3,SO,104775,1,0,594,2550.3,LT-20260328-091741
2026-03-28 10:00:12.684,3,SO,104776,1,0,579,2550.9,LT-20260328-091741
2026-03-28 10:00:13.276,3,SO,104777,1,0,590,2551.5,LT-20260328-091741
2026-03-28 10:00:13.917,3,SO,104778,1,0,638,2552.2,LT-20260328-091741
2026-03-28 10:00:14.523,3,SO,104779,1,0,604,2552.8,LT-20260328-091741
2026-03-28 10:00:15.105,3,SO,104780,1,0,580,2553.3,LT-20260328-091741
2026-03-28 10:00:15.855,3,SO,104781,1,0,748,2554.1,LT-20260328-091741
2026-03-28 10:00:16.661,3,SO,104782,1,0,804,2554.9,LT-20260328-091741
2026-03-28 10:00:17.573,3,SO,104783,1,0,910,2555.8,LT-20260328-091741
2026-03-28 10:00:18.353,3,SO,104784,1,0,779,2556.6,LT-20260328-091741
2026-03-28 10:00:19.136,3,SO,104785,1,0,780,2557.4,LT-20260328-091741
2026-03-28 10:00:19.918,3,SO,104786,1,0,780,2558.2,LT-20260328-091741
2026-03-28 10:00:20.707,3,SO,104787,1,0,787,2559,LT-20260328-091741
2026-03-28 10:00:21.492,3,SO,104788,1,0,784,2559.7,LT-20260328-091741
2026-03-28 10:00:22.345,3,SO,104789,1,0,851,2560.6,LT-20260328-091741
2026-03-28 10:00:23.157,3,SO,104790,1,0,810,2561.4,LT-20260328-091741
2026-03-28 10:00:23.949,3,SO,104791,1,0,790,2562.2,LT-20260328-091741
2026-03-28 10:00:24.761,3,SO,104792,1,0,810,2563,LT-20260328-091741
2026-03-28 10:00:25.635,3,SO,104793,1,0,872,2563.9,LT-20260328-091741
2026-03-28 10:00:26.257,3,SO,104794,1,0,619,2564.5,LT-20260328-091741
2026-03-28 10:00:26.867,3,SO,104795,1,0,608,2565.1,LT-20260328-091741
2026-03-28 10:00:27.453,3,SO,104796,1,0,584,2565.7,LT-20260328-091741
2026-03-28 10:00:28.034,3,SO,104797,1,0,580,2566.3,LT-20260328-091741
2026-03-28 10:00:28.618,3,SO,104798,1,0,582,2566.9,LT-20260328-091741
2026-03-28 10:00:29.226,3,SO,104799,1,0,606,2567.5,LT-20260328-091741
2026-03-28 10:00:29.835,3,SO,104800,1,0,607,2568.1,LT-20260328-091741
2026-03-28 10:00:30.456,3,SO,104801,1,0,619,2568.7,LT-20260328-091741
2026-03-28 10:00:31.054,3,SO,104802,1,0,597,2569.3,LT-20260328-091741
2026-03-28 10:00:31.669,3,SO,104803,1,0,613,2569.9,LT-20260328-091741
2026-03-28 10:00:32.254,3,SO,104804,1,0,584,2570.5,LT-20260328-091741
2026-03-28 10:00:32.844,3,SO,104805,1,0,588,2571.1,LT-20260328-091741
2026-03-28 10:00:33.441,3,SO,104806,1,0,595,2571.7,LT-20260328-091741
2026-03-28 10:00:34.020,3,SO,104807,1,0,577,2572.3,LT-20260328-091741
2026-03-28 10:00:34.615,3,SO,104808,1,0,594,2572.9,LT-20260328-091741
2026-03-28 10:00:35.198,3,SO,104809,1,0,580,2573.4,LT-20260328-091741
2026-03-28 10:00:35.941,3,SO,104810,1,0,742,2574.2,LT-20260328-091741
2026-03-28 10:00:36.733,3,SO,104811,1,0,790,2575,LT-20260328-091741
2026-03-28 10:00:37.516,3,SO,104812,1,0,781,2575.8,LT-20260328-091741
2026-03-28 10:00:38.315,3,SO,104813,1,0,797,2576.6,LT-20260328-091741
2026-03-28 10:00:39.116,3,SO,104814,1,0,798,2577.4,LT-20260328-091741
2026-03-28 10:00:39.929,3,SO,104815,1,0,811,2578.2,LT-20260328-091741
2026-03-28 10:00:40.706,3,SO,104816,1,0,776,2579,LT-20260328-091741
2026-03-28 10:00:41.486,3,SO,104817,1,0,778,2579.7,LT-20260328-091741
2026-03-28 10:00:42.275,3,SO,104818,1,0,787,2580.5,LT-20260328-091741
2026-03-28 10:00:43.080,3,SO,104819,1,0,803,2581.3,LT-20260328-091741
2026-03-28 10:00:43.850,3,SO,104820,1,0,768,2582.1,LT-20260328-091741
2026-03-28 10:00:44.666,3,SO,104821,1,0,815,2582.9,LT-20260328-091741
2026-03-28 10:00:45.409,3,SO,104822,1,0,742,2583.7,LT-20260328-091741
2026-03-28 10:00:45.998,3,SO,104823,1,0,587,2584.2,LT-20260328-091741
2026-03-28 10:00:46.585,3,SO,104824,1,0,585,2584.8,LT-20260328-091741
2026-03-28 10:00:47.198,3,SO,104825,1,0,611,2585.4,LT-20260328-091741
2026-03-28 10:00:47.792,3,SO,104826,1,0,592,2586,LT-20260328-091741
2026-03-28 10:00:48.418,3,SO,104827,1,0,623,2586.7,LT-20260328-091741
2026-03-28 10:00:49.018,3,SO,104828,1,0,599,2587.3,LT-20260328-091741
2026-03-28 10:00:49.636,3,SO,104829,1,0,617,2587.9,LT-20260328-091741
2026-03-28 10:00:50.222,3,SO,104830,1,0,584,2588.5,LT-20260328-091741
2026-03-28 10:00:50.820,3,SO,104831,1,0,595,2589.1,LT-20260328-091741
2026-03-28 10:00:51.442,3,SO,104832,1,0,621,2589.7,LT-20260328-091741
2026-03-28 10:00:52.050,3,SO,104833,1,0,606,2590.3,LT-20260328-091741
2026-03-28 10:00:52.661,3,SO,104834,1,0,610,2590.9,LT-20260328-091741
2026-03-28 10:00:53.254,3,SO,104835,1,0,591,2591.5,LT-20260328-091741
2026-03-28 10:00:53.869,3,SO,104836,1,0,613,2592.1,LT-20260328-091741
2026-03-28 10:00:54.501,3,SO,104837,1,0,629,2592.7,LT-20260328-091741
2026-03-28 10:00:55.085,3,SO,104838,1,0,583,2593.3,LT-20260328-091741
2026-03-28 10:00:55.728,3,SO,104839,1,0,641,2594,LT-20260328-091741
2026-03-28 10:00:56.336,3,SO,104840,1,0,606,2594.6,LT-20260328-091741
2026-03-28 10:00:56.938,3,SO,104841,1,0,599,2595.2,LT-20260328-091741
2026-03-28 10:00:57.566,3,SO,104842,1,0,626,2595.8,LT-20260328-091741
2026-03-28 10:00:58.185,3,SO,104843,1,0,618,2596.4,LT-20260328-091741
2026-03-28 10:00:58.794,3,SO,104844,1,0,607,2597,LT-20260328-091741
2026-03-28 10:00:59.389,3,SO,104845,1,0,593,2597.6,LT-20260328-091741
2026-03-28 10:00:59.964,3,SO,104846,1,0,574,2598.2,LT-20260328-091741
2026-03-28 10:01:00.570,3,SO,104847,1,0,604,2598.8,LT-20260328-091741
2026-03-28 10:01:01.198,3,SO,104848,1,0,627,2599.4,LT-20260328-091741
2026-03-28 10:01:01.813,3,SO,104849,1,0,613,2600.1,LT-20260328-091741
2026-03-28 10:01:02.418,3,SO,104850,1,0,603,2600.7,LT-20260328-091741
2026-03-28 10:01:03.022,3,SO,104851,1,0,603,2601.3,LT-20260328-091741
2026-03-28 10:01:03.649,3,SO,104852,1,0,624,2601.9,LT-20260328-091741
2026-03-28 10:01:04.284,3,SO,104853,1,0,633,2602.5,LT-20260328-091741
2026-03-28 10:01:04.902,3,SO,104854,1,0,616,2603.1,LT-20260328-091741
2026-03-28 10:01:05.562,3,SO,104855,1,0,658,2603.8,LT-20260328-091741
2026-03-28 10:01:06.226,3,SO,104856,1,0,662,2604.5,LT-20260328-091741
2026-03-28 10:01:06.834,3,SO,104857,1,0,606,2605.1,LT-20260328-091741
2026-03-28 10:01:07.423,3,SO,104858,1,0,587,2605.7,LT-20260328-091741
2026-03-28 10:01:08.091,3,SO,104859,1,0,666,2606.3,LT-20260328-091741
2026-03-28 10:01:08.725,3,SO,104860,1,0,632,2607,LT-20260328-091741
2026-03-28 10:01:09.415,3,SO,104861,1,0,688,2607.7,LT-20260328-091741
2026-03-28 10:01:10.070,3,SO,104862,1,0,653,2608.3,LT-20260328-091741
2026-03-28 10:01:10.690,3,SO,104863,1,0,617,2608.9,LT-20260328-091741
2026-03-28 10:01:11.303,3,SO,104864,1,0,611,2609.5,LT-20260328-091741
2026-03-28 10:01:11.918,3,SO,104865,1,0,614,2610.2,LT-20260328-091741
2026-03-28 10:01:12.545,3,SO,104866,1,0,625,2610.8,LT-20260328-091741
2026-03-28 10:01:13.170,3,SO,104867,1,0,624,2611.4,LT-20260328-091741
2026-03-28 10:01:13.771,3,SO,104868,1,0,599,2612,LT-20260328-091741
2026-03-28 10:01:14.399,3,SO,104869,1,0,626,2612.6,LT-20260328-091741
2026-03-28 10:01:14.994,3,SO,104870,1,0,593,2613.2,LT-20260328-091741
2026-03-28 10:01:15.614,3,SO,104871,1,0,619,2613.9,LT-20260328-091741
2026-03-28 10:01:16.233,3,SO,104872,1,0,617,2614.5,LT-20260328-091741
2026-03-28 10:01:16.838,3,SO,104873,1,0,603,2615.1,LT-20260328-091741
2026-03-28 10:01:17.527,3,SO,104874,1,0,688,2615.8,LT-20260328-091741
2026-03-28 10:01:18.220,3,SO,104875,1,0,690,2616.5,LT-20260328-091741
2026-03-28 10:01:18.835,3,SO,104876,1,0,614,2617.1,LT-20260328-091741
2026-03-28 10:01:19.441,3,SO,104877,1,0,604,2617.7,LT-20260328-091741
2026-03-28 10:01:20.038,3,SO,104878,1,0,596,2618.3,LT-20260328-091741
2026-03-28 10:01:20.738,3,SO,104879,1,0,698,2619,LT-20260328-091741
2026-03-28 10:01:21.413,3,SO,104880,1,0,672,2619.7,LT-20260328-091741
2026-03-28 10:01:22.055,3,SO,104881,1,0,640,2620.3,LT-20260328-091741
2026-03-28 10:01:22.652,3,SO,104882,1,0,595,2620.9,LT-20260328-091741
2026-03-28 10:01:23.254,3,SO,104883,1,0,600,2621.5,LT-20260328-091741
2026-03-28 10:01:23.853,3,SO,104884,1,0,598,2622.1,LT-20260328-091741
2026-03-28 10:01:24.454,3,SO,104885,1,0,599,2622.7,LT-20260328-091741
2026-03-28 10:01:25.036,3,SO,104886,1,0,579,2623.3,LT-20260328-091741
2026-03-28 10:01:25.679,3,SO,104887,1,0,640,2623.9,LT-20260328-091741
2026-03-28 10:01:26.298,3,SO,104888,1,0,617,2624.5,LT-20260328-091741
2026-03-28 10:01:26.917,3,SO,104889,1,0,619,2625.2,LT-20260328-091741
2026-03-28 10:01:27.541,3,SO,104890,1,0,622,2625.8,LT-20260328-091741
2026-03-28 10:01:28.215,3,SO,104891,1,0,668,2626.5,LT-20260328-091741
2026-03-28 10:01:28.837,3,SO,104892,1,0,617,2627.1,LT-20260328-091741
2026-03-28 10:01:29.461,3,SO,104893,1,0,622,2627.7,LT-20260328-091741
2026-03-28 10:01:30.072,3,SO,104894,1,0,609,2628.3,LT-20260328-091741
2026-03-28 10:01:30.674,3,SO,104895,1,0,599,2628.9,LT-20260328-091741
2026-03-28 10:01:31.278,3,SO,104896,1,0,601,2629.5,LT-20260328-091741
2026-03-28 10:01:31.873,3,SO,104897,1,0,593,2630.1,LT-20260328-091741
2026-03-28 10:01:32.520,3,SO,104898,1,0,644,2630.8,LT-20260328-091741
2026-03-28 10:01:33.185,3,SO,104899,1,0,660,2631.4,LT-20260328-091741
2026-03-28 10:01:33.833,3,SO,104900,1,0,645,2632.1,LT-20260328-091741
2026-03-28 10:01:34.465,3,SO,104901,1,0,630,2632.7,LT-20260328-091741
2026-03-28 10:01:35.091,3,SO,104902,1,0,625,2633.3,LT-20260328-091741
2026-03-28 10:01:35.789,3,SO,104903,1,0,693,2634,LT-20260328-091741
2026-03-28 10:01:36.472,3,SO,104904,1,0,682,2634.7,LT-20260328-091741
2026-03-28 10:01:37.113,3,SO,104905,1,0,639,2635.4,LT-20260328-091741
2026-03-28 10:01:37.744,3,SO,104906,1,0,629,2636,LT-20260328-091741
2026-03-28 10:01:38.366,3,SO,104907,1,0,619,2636.6,LT-20260328-091741
2026-03-28 10:01:39.028,3,SO,104908,1,0,661,2637.3,LT-20260328-091741
2026-03-28 10:01:39.669,3,SO,104909,1,0,638,2637.9,LT-20260328-091741
2026-03-28 10:01:40.307,3,SO,104910,1,0,635,2638.6,LT-20260328-091741
2026-03-28 10:01:40.957,3,SO,104911,1,0,647,2639.2,LT-20260328-091741
2026-03-28 10:01:41.568,3,SO,104912,1,0,609,2639.8,LT-20260328-091741
2026-03-28 10:01:42.210,3,SO,104913,1,0,640,2640.5,LT-20260328-091741
2026-03-28 10:01:42.854,3,SO,104914,1,0,642,2641.1,LT-20260328-091741
2026-03-28 10:01:43.486,3,SO,104915,1,0,629,2641.7,LT-20260328-091741
2026-03-28 10:01:44.087,3,SO,104916,1,0,600,2642.3,LT-20260328-091741
2026-03-28 10:01:44.735,3,SO,104917,1,0,646,2643,LT-20260328-091741
2026-03-28 10:01:45.440,3,SO,104918,1,0,704,2643.7,LT-20260328-091741
2026-03-28 10:01:46.054,3,SO,104919,1,0,611,2644.3,LT-20260328-091741
2026-03-28 10:01:46.658,3,SO,104920,1,0,602,2644.9,LT-20260328-091741
2026-03-28 10:01:47.343,3,SO,104921,1,0,684,2645.6,LT-20260328-091741
2026-03-28 10:01:47.955,3,SO,104922,1,0,611,2646.2,LT-20260328-091741
2026-03-28 10:01:48.562,3,SO,104923,1,0,604,2646.8,LT-20260328-091741
2026-03-28 10:01:49.164,3,SO,104924,1,0,601,2647.4,LT-20260328-091741
2026-03-28 10:01:49.817,3,SO,104925,1,0,651,2648.1,LT-20260328-091741
2026-03-28 10:01:50.546,3,SO,104926,1,0,728,2648.8,LT-20260328-091741
2026-03-28 10:01:51.216,3,SO,104927,1,0,668,2649.5,LT-20260328-091741
2026-03-28 10:01:51.862,3,SO,104928,1,0,645,2650.1,LT-20260328-091741
2026-03-28 10:01:52.490,3,SO,104929,1,0,627,2650.7,LT-20260328-091741
2026-03-28 10:01:53.101,3,SO,104930,1,0,609,2651.3,LT-20260328-091741
2026-03-28 10:01:53.720,3,SO,104931,1,0,617,2652,LT-20260328-091741
2026-03-28 10:01:54.325,3,SO,104932,1,0,603,2652.6,LT-20260328-091741
2026-03-28 10:01:54.986,3,SO,104933,1,0,660,2653.2,LT-20260328-091741
2026-03-28 10:01:55.602,3,SO,104934,1,0,613,2653.8,LT-20260328-091741
2026-03-28 10:01:56.246,3,SO,104935,1,0,642,2654.5,LT-20260328-091741
2026-03-28 10:01:56.935,3,SO,104936,1,0,687,2655.2,LT-20260328-091741
2026-03-28 10:01:57.602,3,SO,104937,1,0,665,2655.8,LT-20260328-091741
2026-03-28 10:01:58.274,3,SO,104938,1,0,669,2656.5,LT-20260328-091741
2026-03-28 10:01:58.904,3,SO,104939,1,0,629,2657.1,LT-20260328-091741
2026-03-28 10:01:59.519,3,SO,104940,1,0,613,2657.8,LT-20260328-091741
2026-03-28 10:02:00.120,3,SO,104941,1,0,599,2658.4,LT-20260328-091741
2026-03-28 10:02:00.781,3,SO,104942,1,0,660,2659,LT-20260328-091741
2026-03-28 10:02:01.411,3,SO,104943,1,0,629,2659.7,LT-20260328-091741
2026-03-28 10:02:02.094,3,SO,104944,1,0,681,2660.3,LT-20260328-091741
2026-03-28 10:02:02.742,3,SO,104945,1,0,645,2661,LT-20260328-091741
2026-03-28 10:02:03.387,3,SO,104946,1,0,643,2661.6,LT-20260328-091741
2026-03-28 10:02:04.020,3,SO,104947,1,0,631,2662.3,LT-20260328-091741
2026-03-28 10:02:04.664,3,SO,104948,1,0,643,2662.9,LT-20260328-091741
2026-03-28 10:02:05.508,3,SO,104949,1,0,842,2663.8,LT-20260328-091741
2026-03-28 10:02:06.524,3,SO,104950,1,0,1014,2664.8,LT-20260328-091741
2026-03-28 10:02:07.403,3,SO,104951,1,0,876,2665.6,LT-20260328-091741
2026-03-28 10:02:08.256,3,SO,104952,1,0,852,2666.5,LT-20260328-091741
2026-03-28 10:02:09.224,3,SO,104953,1,0,965,2667.5,LT-20260328-091741
2026-03-28 10:02:10.058,3,SO,104954,1,0,832,2668.3,LT-20260328-091741
2026-03-28 10:02:11.002,3,SO,104955,1,0,943,2669.2,LT-20260328-091741
2026-03-28 10:02:11.872,3,SO,104956,1,0,867,2670.1,LT-20260328-091741
2026-03-28 10:02:12.698,3,SO,104957,1,0,823,2670.9,LT-20260328-091741
2026-03-28 10:02:13.488,3,SO,104958,1,0,788,2671.7,LT-20260328-091741
2026-03-28 10:02:14.313,3,SO,104959,1,0,823,2672.6,LT-20260328-091741
2026-03-28 10:02:15.053,3,SO,104960,1,0,738,2673.3,LT-20260328-091741
2026-03-28 10:02:15.768,3,SO,104961,1,0,713,2674,LT-20260328-091741
2026-03-28 10:02:16.448,3,SO,104962,1,0,677,2674.7,LT-20260328-091741
2026-03-28 10:02:17.119,3,SO,104963,1,0,670,2675.4,LT-20260328-091741
2026-03-28 10:02:17.825,3,SO,104964,1,0,705,2676.1,LT-20260328-091741
2026-03-28 10:02:18.470,3,SO,104965,1,0,642,2676.7,LT-20260328-091741
2026-03-28 10:02:19.174,3,SO,104966,1,0,702,2677.4,LT-20260328-091741
2026-03-28 10:02:19.813,3,SO,104967,1,0,637,2678.1,LT-20260328-091741
2026-03-28 10:02:20.474,3,SO,104968,1,0,660,2678.7,LT-20260328-091741
2026-03-28 10:02:21.074,3,SO,104969,1,0,598,2679.3,LT-20260328-091741
2026-03-28 10:02:21.748,3,SO,104970,1,0,671,2680,LT-20260328-091741
2026-03-28 10:02:22.506,3,SO,104971,1,0,757,2680.8,LT-20260328-091741
2026-03-28 10:02:23.191,3,SO,104972,1,0,684,2681.4,LT-20260328-091741
2026-03-28 10:02:23.789,3,SO,104973,1,0,596,2682,LT-20260328-091741
2026-03-28 10:02:24.433,3,SO,104974,1,0,643,2682.7,LT-20260328-091741
2026-03-28 10:02:25.265,3,SO,104975,1,0,830,2683.5,LT-20260328-091741
2026-03-28 10:02:26.099,3,SO,104976,1,0,833,2684.3,LT-20260328-091741
2026-03-28 10:02:26.893,3,SO,104977,1,0,792,2685.1,LT-20260328-091741
2026-03-28 10:02:27.764,3,SO,104978,1,0,870,2686,LT-20260328-091741
2026-03-28 10:02:28.548,3,SO,104979,1,0,782,2686.8,LT-20260328-091741
2026-03-28 10:02:29.348,3,SO,104980,1,0,798,2687.6,LT-20260328-091741
2026-03-28 10:02:30.247,3,SO,104981,1,0,898,2688.5,LT-20260328-091741
2026-03-28 10:02:31.079,3,SO,104982,1,0,830,2689.3,LT-20260328-091741
2026-03-28 10:02:31.949,3,SO,104983,1,0,869,2690.2,LT-20260328-091741
2026-03-28 10:02:32.780,3,SO,104984,1,0,829,2691,LT-20260328-091741
2026-03-28 10:02:33.580,3,SO,104985,1,0,799,2691.8,LT-20260328-091741
2026-03-28 10:02:34.398,3,SO,104986,1,0,817,2692.6,LT-20260328-091741
2026-03-28 10:02:35.073,3,SO,104987,1,0,673,2693.3,LT-20260328-091741
2026-03-28 10:02:35.846,3,SO,104988,1,0,770,2694.1,LT-20260328-091741
2026-03-28 10:02:36.543,3,SO,104989,1,0,695,2694.8,LT-20260328-091741
2026-03-28 10:02:37.156,3,SO,104990,1,0,610,2695.4,LT-20260328-091741
2026-03-28 10:02:37.771,3,SO,104991,1,0,614,2696,LT-20260328-091741
2026-03-28 10:02:38.417,3,SO,104992,1,0,643,2696.7,LT-20260328-091741
2026-03-28 10:02:39.043,3,SO,104993,1,0,623,2697.3,LT-20260328-091741
2026-03-28 10:02:39.674,3,SO,104994,1,0,629,2697.9,LT-20260328-091741
2026-03-28 10:02:40.305,3,SO,104995,1,0,629,2698.5,LT-20260328-091741
2026-03-28 10:02:40.972,3,SO,104996,1,0,665,2699.2,LT-20260328-091741
2026-03-28 10:02:41.646,3,SO,104997,1,0,672,2699.9,LT-20260328-091741
2026-03-28 10:02:42.267,3,SO,104998,1,0,620,2700.5,LT-20260328-091741
2026-03-28 10:02:42.949,3,SO,104999,1,0,680,2701.2,LT-20260328-091741
2026-03-28 10:02:43.554,3,SO,105000,1,0,604,2701.8,LT-20260328-091741
2026-03-28 10:02:44.185,3,SO,105001,1,0,630,2702.4,LT-20260328-091741
2026-03-28 10:02:44.958,3,SO,105002,1,0,770,2703.2,LT-20260328-091741
2026-03-28 10:02:45.778,3,SO,105003,1,0,818,2704,LT-20260328-091741
2026-03-28 10:02:46.596,3,SO,105004,1,0,816,2704.8,LT-20260328-091741
2026-03-28 10:02:47.402,3,SO,105005,1,0,804,2705.6,LT-20260328-091741
2026-03-28 10:02:48.230,3,SO,105006,1,0,825,2706.5,LT-20260328-091741
2026-03-28 10:02:49.056,3,SO,105007,1,0,824,2707.3,LT-20260328-091741
2026-03-28 10:02:49.873,3,SO,105008,1,0,815,2708.1,LT-20260328-091741
2026-03-28 10:02:50.704,3,SO,105009,1,0,829,2708.9,LT-20260328-091741
2026-03-28 10:02:51.607,3,SO,105010,1,0,900,2709.9,LT-20260328-091741
2026-03-28 10:02:52.430,3,SO,105011,1,0,821,2710.7,LT-20260328-091741
2026-03-28 10:02:53.244,3,SO,105012,1,0,812,2711.5,LT-20260328-091741
2026-03-28 10:02:54.093,3,SO,105013,1,0,848,2712.3,LT-20260328-091741
2026-03-28 10:02:54.809,3,SO,105014,1,0,714,2713.1,LT-20260328-091741
2026-03-28 10:02:55.463,3,SO,105015,1,0,652,2713.7,LT-20260328-091741
2026-03-28 10:02:56.084,3,SO,105016,1,0,620,2714.3,LT-20260328-091741
2026-03-28 10:02:56.747,3,SO,105017,1,0,662,2715,LT-20260328-091741
2026-03-28 10:02:57.366,3,SO,105018,1,0,616,2715.6,LT-20260328-091741
2026-03-28 10:02:58.025,3,SO,105019,1,0,655,2716.3,LT-20260328-091741
2026-03-28 10:02:58.640,3,SO,105020,1,0,613,2716.9,LT-20260328-091741
2026-03-28 10:02:59.299,3,SO,105021,1,0,657,2717.5,LT-20260328-091741
2026-03-28 10:02:59.942,3,SO,105022,1,0,638,2718.2,LT-20260328-091741
2026-03-28 10:03:00.583,3,SO,105023,1,0,639,2718.8,LT-20260328-091741
2026-03-28 10:03:01.237,3,SO,105024,1,0,652,2719.5,LT-20260328-091741
2026-03-28 10:03:01.909,3,SO,105025,1,0,667,2720.2,LT-20260328-091741
2026-03-28 10:03:02.518,3,SO,105026,1,0,606,2720.8,LT-20260328-091741
2026-03-28 10:03:03.141,3,SO,105027,1,0,621,2721.4,LT-20260328-091741
2026-03-28 10:03:03.779,3,SO,105028,1,0,635,2722,LT-20260328-091741
2026-03-28 10:03:04.476,3,SO,105029,1,0,693,2722.7,LT-20260328-091741
2026-03-28 10:03:05.344,3,SO,105030,1,0,865,2723.6,LT-20260328-091741
2026-03-28 10:03:06.194,3,SO,105031,1,0,846,2724.4,LT-20260328-091741
2026-03-28 10:03:07.119,3,SO,105032,1,0,923,2725.4,LT-20260328-091741
2026-03-28 10:03:07.929,3,SO,105033,1,0,806,2726.2,LT-20260328-091741
2026-03-28 10:03:08.781,3,SO,105034,1,0,850,2727,LT-20260328-091741
2026-03-28 10:03:09.821,3,SO,105035,1,0,1039,2728.1,LT-20260328-091741
2026-03-28 10:03:10.727,3,SO,105036,1,0,902,2729,LT-20260328-091741
2026-03-28 10:03:11.559,3,SO,105037,1,0,829,2729.8,LT-20260328-091741
2026-03-28 10:03:12.456,3,SO,105038,1,0,894,2730.7,LT-20260328-091741
2026-03-28 10:03:13.273,3,SO,105039,1,0,814,2731.5,LT-20260328-091741
2026-03-28 10:03:14.119,3,SO,105040,1,0,842,2732.4,LT-20260328-091741
2026-03-28 10:03:14.862,3,SO,105041,1,0,741,2733.1,LT-20260328-091741
2026-03-28 10:03:15.495,3,SO,105042,1,0,632,2733.7,LT-20260328-091741
2026-03-28 10:03:16.163,3,SO,105043,1,0,667,2734.4,LT-20260328-091741
2026-03-28 10:03:16.817,3,SO,105044,1,0,650,2735.1,LT-20260328-091741
2026-03-28 10:03:17.446,3,SO,105045,1,0,627,2735.7,LT-20260328-091741
2026-03-28 10:03:18.089,3,SO,105046,1,0,641,2736.3,LT-20260328-091741
2026-03-28 10:03:18.739,3,SO,105047,1,0,646,2737,LT-20260328-091741
2026-03-28 10:03:19.372,3,SO,105048,1,0,630,2737.6,LT-20260328-091741
2026-03-28 10:03:20.002,3,SO,105049,1,0,628,2738.2,LT-20260328-091741
2026-03-28 10:03:20.685,3,SO,105050,1,0,681,2738.9,LT-20260328-091741
2026-03-28 10:03:21.364,3,SO,105051,1,0,677,2739.6,LT-20260328-091741
2026-03-28 10:03:22.017,3,SO,105052,1,0,651,2740.3,LT-20260328-091741
2026-03-28 10:03:22.651,3,SO,105053,1,0,632,2740.9,LT-20260328-091741
2026-03-28 10:03:23.302,3,SO,105054,1,0,649,2741.5,LT-20260328-091741
2026-03-28 10:03:24.012,3,SO,105055,1,0,708,2742.3,LT-20260328-091741
2026-03-28 10:03:24.747,3,SO,105056,1,0,733,2743,LT-20260328-091741
2026-03-28 10:03:25.673,3,SO,105057,1,0,925,2743.9,LT-20260328-091741
2026-03-28 10:03:26.601,3,SO,105058,1,0,924,2744.8,LT-20260328-091741
2026-03-28 10:03:27.452,3,SO,105059,1,0,848,2745.7,LT-20260328-091741
2026-03-28 10:03:28.275,3,SO,105060,1,0,819,2746.5,LT-20260328-091741
2026-03-28 10:03:29.094,3,SO,105061,1,0,816,2747.3,LT-20260328-091741
2026-03-28 10:03:29.923,3,SO,105062,1,0,827,2748.2,LT-20260328-091741
2026-03-28 10:03:30.727,3,SO,105063,1,0,802,2749,LT-20260328-091741
2026-03-28 10:03:31.545,3,SO,105064,1,0,815,2749.8,LT-20260328-091741
2026-03-28 10:03:32.359,3,SO,105065,1,0,810,2750.6,LT-20260328-091741
2026-03-28 10:03:33.178,3,SO,105066,1,0,817,2751.4,LT-20260328-091741
2026-03-28 10:03:34.026,3,SO,105067,1,0,845,2752.3,LT-20260328-091741
2026-03-28 10:03:34.784,3,SO,105068,1,0,756,2753,LT-20260328-091741
2026-03-28 10:03:35.451,3,SO,105069,1,0,665,2753.7,LT-20260328-091741
2026-03-28 10:03:36.172,3,SO,105070,1,0,718,2754.4,LT-20260328-091741
2026-03-28 10:03:36.781,3,SO,105071,1,0,606,2755,LT-20260328-091741
2026-03-28 10:03:37.817,3,SO,105072,1,0,1033,2756.1,LT-20260328-091741
2026-03-28 10:03:38.629,3,SO,105073,1,0,809,2756.9,LT-20260328-091741
2026-03-28 10:03:39.234,3,SO,105074,1,0,603,2757.5,LT-20260328-091741
2026-03-28 10:03:39.837,3,SO,105075,1,0,601,2758.1,LT-20260328-091741
2026-03-28 10:03:40.462,3,SO,105076,1,0,621,2758.7,LT-20260328-091741
2026-03-28 10:03:41.089,3,SO,105077,1,0,624,2759.3,LT-20260328-091741
2026-03-28 10:03:41.721,3,SO,105078,1,0,629,2760,LT-20260328-091741
2026-03-28 10:03:42.405,3,SO,105079,1,0,681,2760.6,LT-20260328-091741
2026-03-28 10:03:43.252,3,SO,105080,1,0,841,2761.5,LT-20260328-091741
2026-03-28 10:03:44.024,3,SO,105081,1,0,770,2762.3,LT-20260328-091741
2026-03-28 10:03:44.930,3,SO,105082,1,0,903,2763.2,LT-20260328-091741
2026-03-28 10:03:45.746,3,SO,105083,1,0,814,2764,LT-20260328-091741
2026-03-28 10:03:46.576,3,SO,105084,1,0,827,2764.8,LT-20260328-091741
2026-03-28 10:03:47.399,3,SO,105085,1,0,819,2765.6,LT-20260328-091741
2026-03-28 10:03:48.200,3,SO,105086,1,0,799,2766.4,LT-20260328-091741
2026-03-28 10:03:49.052,3,SO,105087,1,0,848,2767.3,LT-20260328-091741
2026-03-28 10:03:49.849,3,SO,105088,1,0,796,2768.1,LT-20260328-091741
2026-03-28 10:03:50.654,3,SO,105089,1,0,802,2768.9,LT-20260328-091741
2026-03-28 10:03:51.529,3,SO,105090,1,0,871,2769.8,LT-20260328-091741
2026-03-28 10:03:52.365,3,SO,105091,1,0,833,2770.6,LT-20260328-091741
2026-03-28 10:03:53.187,3,SO,105092,1,0,818,2771.4,LT-20260328-091741
2026-03-28 10:03:54.005,3,SO,105093,1,0,816,2772.2,LT-20260328-091741
2026-03-28 10:03:54.793,3,SO,105094,1,0,786,2773,LT-20260328-091741
2026-03-28 10:03:55.450,3,SO,105095,1,0,653,2773.7,LT-20260328-091741
2026-03-28 10:03:56.083,3,SO,105096,1,0,631,2774.3,LT-20260328-091741
2026-03-28 10:03:56.783,3,SO,105097,1,0,697,2775,LT-20260328-091741
2026-03-28 10:03:57.496,3,SO,105098,1,0,708,2775.7,LT-20260328-091741
2026-03-28 10:03:58.156,3,SO,105099,1,0,656,2776.4,LT-20260328-091741
2026-03-28 10:03:58.808,3,SO,105100,1,0,649,2777.1,LT-20260328-091741
2026-03-28 10:03:59.801,3,SO,105101,1,0,990,2778,LT-20260328-091741
2026-03-28 10:04:00.827,3,SO,105102,1,0,1024,2779.1,LT-20260328-091741
2026-03-28 10:04:01.879,3,SO,105103,1,0,1050,2780.1,LT-20260328-091741
2026-03-28 10:04:02.623,3,SO,105104,1,0,743,2780.9,LT-20260328-091741
2026-03-28 10:04:03.349,3,SO,105105,1,0,724,2781.6,LT-20260328-091741
2026-03-28 10:04:04.078,3,SO,105106,1,0,725,2782.3,LT-20260328-091741
2026-03-28 10:04:04.856,3,SO,105107,1,0,775,2783.1,LT-20260328-091741
2026-03-28 10:04:05.624,3,SO,105108,1,0,765,2783.9,LT-20260328-091741
2026-03-28 10:04:06.246,3,SO,105109,1,0,619,2784.5,LT-20260328-091741
2026-03-28 10:04:06.911,3,SO,105110,1,0,663,2785.2,LT-20260328-091741
2026-03-28 10:04:07.556,3,SO,105111,1,0,643,2785.8,LT-20260328-091741
2026-03-28 10:04:08.265,3,SO,105112,1,0,706,2786.5,LT-20260328-091741
2026-03-28 10:04:08.968,3,SO,105113,1,0,701,2787.2,LT-20260328-091741
2026-03-28 10:04:09.701,3,SO,105114,1,0,732,2787.9,LT-20260328-091741
2026-03-28 10:04:10.339,3,SO,105115,1,0,636,2788.6,LT-20260328-091741
2026-03-28 10:04:11.036,3,SO,105116,1,0,695,2789.3,LT-20260328-091741
2026-03-28 10:04:11.708,3,SO,105117,1,0,670,2790,LT-20260328-091741
2026-03-28 10:04:12.398,3,SO,105118,1,0,686,2790.6,LT-20260328-091741
2026-03-28 10:04:13.166,3,SO,105119,1,0,765,2791.4,LT-20260328-091741
2026-03-28 10:04:13.823,3,SO,105120,1,0,655,2792.1,LT-20260328-091741
2026-03-28 10:04:14.728,3,SO,105121,1,0,903,2793,LT-20260328-091741
2026-03-28 10:04:15.623,3,SO,105122,1,0,893,2793.9,LT-20260328-091741
2026-03-28 10:04:16.471,3,SO,105123,1,0,846,2794.7,LT-20260328-091741
2026-03-28 10:04:17.365,3,SO,105124,1,0,892,2795.6,LT-20260328-091741
2026-03-28 10:04:18.179,3,SO,105125,1,0,812,2796.4,LT-20260328-091741
2026-03-28 10:04:19.050,3,SO,105126,1,0,868,2797.3,LT-20260328-091741
2026-03-28 10:04:19.841,3,SO,105127,1,0,788,2798.1,LT-20260328-091741
2026-03-28 10:04:20.680,3,SO,105128,1,0,837,2798.9,LT-20260328-091741
2026-03-28 10:04:21.499,3,SO,105129,1,0,817,2799.7,LT-20260328-091741
2026-03-28 10:04:22.303,3,SO,105130,1,0,801,2800.5,LT-20260328-091741
2026-03-28 10:04:23.142,3,SO,105131,1,0,837,2801.4,LT-20260328-091741
2026-03-28 10:04:23.982,3,SO,105132,1,0,839,2802.2,LT-20260328-091741
2026-03-28 10:04:24.981,3,SO,105133,1,0,997,2803.2,LT-20260328-091741
2026-03-28 10:04:25.868,3,SO,105134,1,0,883,2804.1,LT-20260328-091741
2026-03-28 10:04:26.715,3,SO,105135,1,0,845,2805,LT-20260328-091741
2026-03-28 10:04:27.664,3,SO,105136,1,0,947,2805.9,LT-20260328-091741
2026-03-28 10:04:28.562,3,SO,105137,1,0,894,2806.8,LT-20260328-091741
2026-03-28 10:04:29.444,3,SO,105138,1,0,880,2807.7,LT-20260328-091741
2026-03-28 10:04:30.345,3,SO,105139,1,0,897,2808.6,LT-20260328-091741
2026-03-28 10:04:31.230,3,SO,105140,1,0,883,2809.5,LT-20260328-091741
2026-03-28 10:04:32.096,3,SO,105141,1,0,862,2810.3,LT-20260328-091741
2026-03-28 10:04:32.939,3,SO,105142,1,0,841,2811.2,LT-20260328-091741
2026-03-28 10:04:33.773,3,SO,105143,1,0,831,2812,LT-20260328-091741
2026-03-28 10:04:34.635,3,SO,105144,1,0,858,2812.9,LT-20260328-091741
2026-03-28 10:04:35.479,3,SO,105145,1,0,842,2813.7,LT-20260328-091741
2026-03-28 10:04:36.323,3,SO,105146,1,0,842,2814.6,LT-20260328-091741
2026-03-28 10:04:37.163,3,SO,105147,1,0,838,2815.4,LT-20260328-091741
2026-03-28 10:04:38.002,3,SO,105148,1,0,838,2816.2,LT-20260328-091741
2026-03-28 10:04:38.917,3,SO,105149,1,0,910,2817.2,LT-20260328-091741
2026-03-28 10:04:39.902,3,SO,105150,1,0,983,2818.1,LT-20260328-091741
2026-03-28 10:04:40.750,3,SO,105151,1,0,846,2819,LT-20260328-091741
2026-03-28 10:04:41.652,3,SO,105152,1,0,898,2819.9,LT-20260328-091741
2026-03-28 10:04:42.595,3,SO,105153,1,0,940,2820.8,LT-20260328-091741
2026-03-28 10:04:43.533,3,SO,105154,1,0,933,2821.8,LT-20260328-091741
2026-03-28 10:04:44.363,3,SO,105155,1,0,828,2822.6,LT-20260328-091741
2026-03-28 10:04:45.264,3,SO,105156,1,0,900,2823.5,LT-20260328-091741
2026-03-28 10:04:46.102,3,SO,105157,1,0,835,2824.3,LT-20260328-091741
2026-03-28 10:04:46.913,3,SO,105158,1,0,809,2825.2,LT-20260328-091741
2026-03-28 10:04:47.787,3,SO,105159,1,0,871,2826,LT-20260328-091741
2026-03-28 10:04:48.627,3,SO,105160,1,0,838,2826.9,LT-20260328-091741
2026-03-28 10:04:49.460,3,SO,105161,1,0,831,2827.7,LT-20260328-091741
2026-03-28 10:04:50.306,3,SO,105162,1,0,843,2828.6,LT-20260328-091741
2026-03-28 10:04:51.144,3,SO,105163,1,0,835,2829.4,LT-20260328-091741
2026-03-28 10:04:51.992,3,SO,105164,1,0,845,2830.2,LT-20260328-091741
2026-03-28 10:04:53.066,3,SO,105165,1,0,1071,2831.3,LT-20260328-091741
2026-03-28 10:04:53.962,3,SO,105166,1,0,895,2832.2,LT-20260328-091741
2026-03-28 10:04:54.736,3,SO,105167,1,0,773,2833,LT-20260328-091741
2026-03-28 10:04:55.368,3,SO,105168,1,0,630,2833.6,LT-20260328-091741
2026-03-28 10:04:56.010,3,SO,105169,1,0,639,2834.3,LT-20260328-091741
2026-03-28 10:04:56.659,3,SO,105170,1,0,648,2834.9,LT-20260328-091741
2026-03-28 10:04:57.308,3,SO,105171,1,0,646,2835.6,LT-20260328-091741
2026-03-28 10:04:57.917,3,SO,105172,1,0,607,2836.2,LT-20260328-091741
2026-03-28 10:04:58.578,3,SO,105173,1,0,658,2836.8,LT-20260328-091741
2026-03-28 10:04:59.277,3,SO,105174,1,0,695,2837.5,LT-20260328-091741
2026-03-28 10:04:59.889,3,SO,105175,1,0,610,2838.1,LT-20260328-091741
2026-03-28 10:05:00.534,3,SO,105176,1,0,643,2838.8,LT-20260328-091741
2026-03-28 10:05:01.201,3,SO,105177,1,0,663,2839.4,LT-20260328-091741
2026-03-28 10:05:01.842,3,SO,105178,1,0,636,2840.1,LT-20260328-091741
2026-03-28 10:05:02.497,3,SO,105179,1,0,654,2840.7,LT-20260328-091741
2026-03-28 10:05:03.212,3,SO,105180,1,0,713,2841.5,LT-20260328-091741
2026-03-28 10:05:03.866,3,SO,105181,1,0,649,2842.1,LT-20260328-091741
2026-03-28 10:05:04.478,3,SO,105182,1,0,610,2842.7,LT-20260328-091741
2026-03-28 10:05:05.265,3,SO,105183,1,0,784,2843.5,LT-20260328-091741
2026-03-28 10:05:05.925,3,SO,105184,1,0,657,2844.2,LT-20260328-091741
2026-03-28 10:05:06.554,3,SO,105185,1,0,626,2844.8,LT-20260328-091741
2026-03-28 10:05:07.205,3,SO,105186,1,0,646,2845.4,LT-20260328-091741
2026-03-28 10:05:07.832,3,SO,105187,1,0,623,2846.1,LT-20260328-091741
2026-03-28 10:05:08.468,3,SO,105188,1,0,634,2846.7,LT-20260328-091741
2026-03-28 10:05:09.150,3,SO,105189,1,0,680,2847.4,LT-20260328-091741
2026-03-28 10:05:09.809,3,SO,105190,1,0,652,2848.1,LT-20260328-091741
2026-03-28 10:05:10.452,3,SO,105191,1,0,641,2848.7,LT-20260328-091741
2026-03-28 10:05:11.118,3,SO,105192,1,0,663,2849.4,LT-20260328-091741
2026-03-28 10:05:11.787,3,SO,105193,1,0,667,2850,LT-20260328-091741
2026-03-28 10:05:12.420,3,SO,105194,1,0,631,2850.7,LT-20260328-091741
2026-03-28 10:05:13.053,3,SO,105195,1,0,630,2851.3,LT-20260328-091741
2026-03-28 10:05:13.688,3,SO,105196,1,0,632,2851.9,LT-20260328-091741
2026-03-28 10:05:14.349,3,SO,105197,1,0,657,2852.6,LT-20260328-091741
2026-03-28 10:05:15.149,3,SO,105198,1,0,798,2853.4,LT-20260328-091741
2026-03-28 10:05:16.036,3,SO,105199,1,0,885,2854.3,LT-20260328-091741
2026-03-28 10:05:16.918,3,SO,105200,1,0,878,2855.2,LT-20260328-091741
2026-03-28 10:05:17.806,3,SO,105201,1,0,885,2856.1,LT-20260328-091741
2026-03-28 10:05:18.652,3,SO,105202,1,0,844,2856.9,LT-20260328-091741
2026-03-28 10:05:19.557,3,SO,105203,1,0,902,2857.8,LT-20260328-091741
2026-03-28 10:05:20.485,3,SO,105204,1,0,927,2858.7,LT-20260328-091741
2026-03-28 10:05:21.515,3,SO,105205,1,0,1024,2859.8,LT-20260328-091741
2026-03-28 10:05:22.337,3,SO,105206,1,0,820,2860.6,LT-20260328-091741
2026-03-28 10:05:23.150,3,SO,105207,1,0,809,2861.4,LT-20260328-091741
2026-03-28 10:05:24.023,3,SO,105208,1,0,870,2862.3,LT-20260328-091741
2026-03-28 10:05:24.784,3,SO,105209,1,0,756,2863,LT-20260328-091741
2026-03-28 10:05:25.423,3,SO,105210,1,0,636,2863.7,LT-20260328-091741
2026-03-28 10:05:26.070,3,SO,105211,1,0,645,2864.3,LT-20260328-091741
2026-03-28 10:05:26.744,3,SO,105212,1,0,671,2865,LT-20260328-091741
2026-03-28 10:05:27.382,3,SO,105213,1,0,634,2865.6,LT-20260328-091741
2026-03-28 10:05:28.020,3,SO,105214,1,0,634,2866.3,LT-20260328-091741
2026-03-28 10:05:28.693,3,SO,105215,1,0,669,2866.9,LT-20260328-091741
2026-03-28 10:05:29.361,3,SO,105216,1,0,663,2867.6,LT-20260328-091741
2026-03-28 10:05:29.975,3,SO,105217,1,0,613,2868.2,LT-20260328-091741
2026-03-28 10:05:30.655,3,SO,105218,1,0,677,2868.9,LT-20260328-091741
2026-03-28 10:05:31.269,3,SO,105219,1,0,609,2869.5,LT-20260328-091741
2026-03-28 10:05:31.895,3,SO,105220,1,0,623,2870.1,LT-20260328-091741
2026-03-28 10:05:32.591,3,SO,105221,1,0,694,2870.8,LT-20260328-091741
2026-03-28 10:05:33.220,3,SO,105222,1,0,625,2871.5,LT-20260328-091741
2026-03-28 10:05:33.841,3,SO,105223,1,0,619,2872.1,LT-20260328-091741
2026-03-28 10:05:34.500,3,SO,105224,1,0,657,2872.7,LT-20260328-091741
2026-03-28 10:05:35.182,3,SO,105225,1,0,679,2873.4,LT-20260328-091741
2026-03-28 10:05:35.835,3,SO,105226,1,0,649,2874.1,LT-20260328-091741
2026-03-28 10:05:36.469,3,SO,105227,1,0,631,2874.7,LT-20260328-091741
2026-03-28 10:05:37.126,3,SO,105228,1,0,654,2875.4,LT-20260328-091741
2026-03-28 10:05:37.782,3,SO,105229,1,0,652,2876,LT-20260328-091741
2026-03-28 10:05:38.411,3,SO,105230,1,0,626,2876.7,LT-20260328-091741
2026-03-28 10:05:39.119,3,SO,105231,1,0,703,2877.4,LT-20260328-091741
2026-03-28 10:05:39.776,3,SO,105232,1,0,653,2878,LT-20260328-091741
2026-03-28 10:05:40.385,3,SO,105233,1,0,607,2878.6,LT-20260328-091741
2026-03-28 10:05:41.012,3,SO,105234,1,0,624,2879.3,LT-20260328-091741
2026-03-28 10:05:41.648,3,SO,105235,1,0,633,2879.9,LT-20260328-091741
2026-03-28 10:05:42.293,3,SO,105236,1,0,641,2880.5,LT-20260328-091741
2026-03-28 10:05:42.950,3,SO,105237,1,0,655,2881.2,LT-20260328-091741
2026-03-28 10:05:43.573,3,SO,105238,1,0,620,2881.8,LT-20260328-091741
2026-03-28 10:05:44.240,3,SO,105239,1,0,665,2882.5,LT-20260328-091741
2026-03-28 10:05:45.076,3,SO,105240,1,0,834,2883.3,LT-20260328-091741
2026-03-28 10:05:45.933,3,SO,105241,1,0,855,2884.2,LT-20260328-091741
2026-03-28 10:05:46.782,3,SO,105242,1,0,846,2885,LT-20260328-091741
2026-03-28 10:05:47.644,3,SO,105243,1,0,858,2885.9,LT-20260328-091741
2026-03-28 10:05:48.444,3,SO,105244,1,0,798,2886.7,LT-20260328-091741
2026-03-28 10:05:49.272,3,SO,105245,1,0,826,2887.5,LT-20260328-091741
2026-03-28 10:05:50.098,3,SO,105246,1,0,822,2888.3,LT-20260328-091741
2026-03-28 10:05:50.919,3,SO,105247,1,0,819,2889.2,LT-20260328-091741
2026-03-28 10:05:51.819,3,SO,105248,1,0,895,2890.1,LT-20260328-091741
2026-03-28 10:05:52.646,3,SO,105249,1,0,825,2890.9,LT-20260328-091741
2026-03-28 10:05:53.491,3,SO,105250,1,0,843,2891.7,LT-20260328-091741
2026-03-28 10:05:54.386,3,SO,105251,1,0,892,2892.6,LT-20260328-091741
2026-03-28 10:05:55.013,3,SO,105252,1,0,626,2893.3,LT-20260328-091741
2026-03-28 10:05:55.664,3,SO,105253,1,0,649,2893.9,LT-20260328-091741
2026-03-28 10:05:56.285,3,SO,105254,1,0,619,2894.5,LT-20260328-091741
2026-03-28 10:05:56.898,3,SO,105255,1,0,611,2895.1,LT-20260328-091741
2026-03-28 10:05:57.512,3,SO,105256,1,0,612,2895.8,LT-20260328-091741
2026-03-28 10:05:58.156,3,SO,105257,1,0,640,2896.4,LT-20260328-091741
2026-03-28 10:05:58.815,3,SO,105258,1,0,655,2897.1,LT-20260328-091741
2026-03-28 10:05:59.520,3,SO,105259,1,0,702,2897.8,LT-20260328-091741
2026-03-28 10:06:00.234,3,SO,105260,1,0,713,2898.5,LT-20260328-091741
2026-03-28 10:06:00.891,3,SO,105261,1,0,653,2899.1,LT-20260328-091741
2026-03-28 10:06:01.526,3,SO,105262,1,0,634,2899.8,LT-20260328-091741
2026-03-28 10:06:02.177,3,SO,105263,1,0,649,2900.4,LT-20260328-091741
2026-03-28 10:06:02.830,3,SO,105264,1,0,650,2901.1,LT-20260328-091741
2026-03-28 10:06:03.509,3,SO,105265,1,0,678,2901.8,LT-20260328-091741
2026-03-28 10:06:04.169,3,SO,105266,1,0,658,2902.4,LT-20260328-091741
2026-03-28 10:06:04.855,3,SO,105267,1,0,682,2903.1,LT-20260328-091741
2026-03-28 10:06:05.487,3,SO,105268,1,0,630,2903.7,LT-20260328-091741
2026-03-28 10:06:06.142,3,SO,105269,1,0,651,2904.4,LT-20260328-091741
2026-03-28 10:06:06.840,3,SO,105270,1,0,695,2905.1,LT-20260328-091741
2026-03-28 10:06:07.450,3,SO,105271,1,0,608,2905.7,LT-20260328-091741
2026-03-28 10:06:08.106,3,SO,105272,1,0,653,2906.4,LT-20260328-091741
2026-03-28 10:06:08.779,3,SO,105273,1,0,669,2907,LT-20260328-091741
2026-03-28 10:06:09.410,3,SO,105274,1,0,628,2907.7,LT-20260328-091741
2026-03-28 10:06:10.030,3,SO,105275,1,0,618,2908.3,LT-20260328-091741
2026-03-28 10:06:10.691,3,SO,105276,1,0,658,2908.9,LT-20260328-091741
2026-03-28 10:06:11.385,3,SO,105277,1,0,690,2909.6,LT-20260328-091741
2026-03-28 10:06:12.030,3,SO,105278,1,0,641,2910.3,LT-20260328-091741
2026-03-28 10:06:12.660,3,SO,105279,1,0,627,2910.9,LT-20260328-091741
2026-03-28 10:06:13.330,3,SO,105280,1,0,666,2911.6,LT-20260328-091741
2026-03-28 10:06:13.943,3,SO,105281,1,0,611,2912.2,LT-20260328-091741
2026-03-28 10:06:14.620,3,SO,105282,1,0,675,2912.9,LT-20260328-091741
2026-03-28 10:06:15.445,3,SO,105283,1,0,822,2913.7,LT-20260328-091741
2026-03-28 10:06:16.279,3,SO,105284,1,0,831,2914.5,LT-20260328-091741
2026-03-28 10:06:17.111,3,SO,105285,1,0,829,2915.4,LT-20260328-091741
2026-03-28 10:06:17.916,3,SO,105286,1,0,801,2916.2,LT-20260328-091741
2026-03-28 10:06:18.719,3,SO,105287,1,0,802,2917,LT-20260328-091741
2026-03-28 10:06:19.562,3,SO,105288,1,0,839,2917.8,LT-20260328-091741
2026-03-28 10:06:20.384,3,SO,105289,1,0,819,2918.6,LT-20260328-091741
2026-03-28 10:06:21.270,3,SO,105290,1,0,882,2919.5,LT-20260328-091741
2026-03-28 10:06:22.137,3,SO,105291,1,0,863,2920.4,LT-20260328-091741
2026-03-28 10:06:22.974,3,SO,105292,1,0,835,2921.2,LT-20260328-091741
2026-03-28 10:06:23.816,3,SO,105293,1,0,838,2922.1,LT-20260328-091741
2026-03-28 10:06:24.709,3,SO,105294,1,0,890,2923,LT-20260328-091741
2026-03-28 10:06:25.384,3,SO,105295,1,0,672,2923.6,LT-20260328-091741
2026-03-28 10:06:26.013,3,SO,105296,1,0,625,2924.3,LT-20260328-091741
2026-03-28 10:06:26.658,3,SO,105297,1,0,643,2924.9,LT-20260328-091741
2026-03-28 10:06:27.307,3,SO,105298,1,0,647,2925.6,LT-20260328-091741
2026-03-28 10:06:27.976,3,SO,105299,1,0,665,2926.2,LT-20260328-091741
2026-03-28 10:06:28.637,3,SO,105300,1,0,660,2926.9,LT-20260328-091741
2026-03-28 10:06:29.261,3,SO,105301,1,0,622,2927.5,LT-20260328-091741
2026-03-28 10:06:29.957,3,SO,105302,1,0,691,2928.2,LT-20260328-091741
2026-03-28 10:06:30.596,3,SO,105303,1,0,638,2928.8,LT-20260328-091741
2026-03-28 10:06:31.242,3,SO,105304,1,0,644,2929.5,LT-20260328-091741
2026-03-28 10:06:31.909,3,SO,105305,1,0,662,2930.2,LT-20260328-091741
2026-03-28 10:06:32.567,3,SO,105306,1,0,654,2930.8,LT-20260328-091741
2026-03-28 10:06:33.198,3,SO,105307,1,0,629,2931.4,LT-20260328-091741
2026-03-28 10:06:33.850,3,SO,105308,1,0,647,2932.1,LT-20260328-091741
2026-03-28 10:06:34.501,3,SO,105309,1,0,647,2932.7,LT-20260328-091741
2026-03-28 10:06:35.131,3,SO,105310,1,0,627,2933.4,LT-20260328-091741
2026-03-28 10:06:35.856,3,SO,105311,1,0,722,2934.1,LT-20260328-091741
2026-03-28 10:06:36.502,3,SO,105312,1,0,643,2934.7,LT-20260328-091741
2026-03-28 10:06:37.157,3,SO,105313,1,0,653,2935.4,LT-20260328-091741
2026-03-28 10:06:37.812,3,SO,105314,1,0,653,2936.1,LT-20260328-091741
2026-03-28 10:06:38.453,3,SO,105315,1,0,637,2936.7,LT-20260328-091741
2026-03-28 10:06:39.099,3,SO,105316,1,0,644,2937.3,LT-20260328-091741
2026-03-28 10:06:39.688,3,SO,105317,1,0,587,2937.9,LT-20260328-091741
2026-03-28 10:06:40.357,3,SO,105318,1,0,668,2938.6,LT-20260328-091741
2026-03-28 10:06:40.994,3,SO,105319,1,0,635,2939.2,LT-20260328-091741
2026-03-28 10:06:41.617,3,SO,105320,1,0,623,2939.9,LT-20260328-091741
2026-03-28 10:06:42.229,3,SO,105321,1,0,610,2940.5,LT-20260328-091741
2026-03-28 10:06:42.851,3,SO,105322,1,0,621,2941.1,LT-20260328-091741
2026-03-28 10:06:43.477,3,SO,105323,1,0,623,2941.7,LT-20260328-091741
2026-03-28 10:06:44.124,3,SO,105324,1,0,643,2942.4,LT-20260328-091741
2026-03-28 10:06:44.817,3,SO,105325,1,0,691,2943.1,LT-20260328-091741
2026-03-28 10:06:45.459,3,SO,105326,1,0,640,2943.7,LT-20260328-091741
2026-03-28 10:06:46.091,3,SO,105327,1,0,629,2944.3,LT-20260328-091741
2026-03-28 10:06:46.805,3,SO,105328,1,0,711,2945,LT-20260328-091741
2026-03-28 10:06:47.441,3,SO,105329,1,0,634,2945.7,LT-20260328-091741
2026-03-28 10:06:48.087,3,SO,105330,1,0,643,2946.3,LT-20260328-091741
2026-03-28 10:06:48.727,3,SO,105331,1,0,638,2947,LT-20260328-091741
2026-03-28 10:06:49.345,3,SO,105332,1,0,616,2947.6,LT-20260328-091741
2026-03-28 10:06:49.955,3,SO,105333,1,0,607,2948.2,LT-20260328-091741
2026-03-28 10:06:50.587,3,SO,105334,1,0,631,2948.8,LT-20260328-091741
2026-03-28 10:06:51.209,3,SO,105335,1,0,620,2949.5,LT-20260328-091741
2026-03-28 10:06:51.850,3,SO,105336,1,0,639,2950.1,LT-20260328-091741
2026-03-28 10:06:52.465,3,SO,105337,1,0,614,2950.7,LT-20260328-091741
2026-03-28 10:06:53.087,3,SO,105338,1,0,620,2951.3,LT-20260328-091741
2026-03-28 10:06:53.725,3,SO,105339,1,0,636,2952,LT-20260328-091741
2026-03-28 10:06:54.385,3,SO,105340,1,0,658,2952.6,LT-20260328-091741
2026-03-28 10:06:55.070,3,SO,105341,1,0,682,2953.3,LT-20260328-091741
2026-03-28 10:06:55.917,3,SO,105342,1,0,844,2954.2,LT-20260328-091741
2026-03-28 10:06:56.754,3,SO,105343,1,0,835,2955,LT-20260328-091741
2026-03-28 10:06:57.581,3,SO,105344,1,0,825,2955.8,LT-20260328-091741
2026-03-28 10:06:58.379,3,SO,105345,1,0,795,2956.6,LT-20260328-091741
2026-03-28 10:06:59.191,3,SO,105346,1,0,811,2957.4,LT-20260328-091741
2026-03-28 10:06:59.994,3,SO,105347,1,0,801,2958.2,LT-20260328-091741
2026-03-28 10:07:00.868,3,SO,105348,1,0,871,2959.1,LT-20260328-091741
2026-03-28 10:07:01.805,3,SO,105349,1,0,936,2960.1,LT-20260328-091741
2026-03-28 10:07:02.615,3,SO,105350,1,0,807,2960.9,LT-20260328-091741
2026-03-28 10:07:03.440,3,SO,105351,1,0,823,2961.7,LT-20260328-091741
2026-03-28 10:07:04.298,3,SO,105352,1,0,857,2962.5,LT-20260328-091741
2026-03-28 10:07:05.122,3,SO,105353,1,0,821,2963.4,LT-20260328-091741
2026-03-28 10:07:05.969,3,SO,105354,1,0,846,2964.2,LT-20260328-091741
2026-03-28 10:07:06.820,3,SO,105355,1,0,849,2965.1,LT-20260328-091741
2026-03-28 10:07:07.628,3,SO,105356,1,0,807,2965.9,LT-20260328-091741
2026-03-28 10:07:08.443,3,SO,105357,1,0,811,2966.7,LT-20260328-091741
2026-03-28 10:07:09.269,3,SO,105358,1,0,825,2967.5,LT-20260328-091741
2026-03-28 10:07:10.103,3,SO,105359,1,0,831,2968.3,LT-20260328-091741
2026-03-28 10:07:10.958,3,SO,105360,1,0,853,2969.2,LT-20260328-091741
2026-03-28 10:07:11.810,3,SO,105361,1,0,851,2970.1,LT-20260328-091741
2026-03-28 10:07:12.661,3,SO,105362,1,0,849,2970.9,LT-20260328-091741
2026-03-28 10:07:13.496,3,SO,105363,1,0,833,2971.7,LT-20260328-091741
2026-03-28 10:07:14.333,3,SO,105364,1,0,835,2972.6,LT-20260328-091741
2026-03-28 10:07:15.164,3,SO,105365,1,0,828,2973.4,LT-20260328-091741
2026-03-28 10:07:16.001,3,SO,105366,1,0,835,2974.2,LT-20260328-091741
2026-03-28 10:07:16.825,3,SO,105367,1,0,822,2975.1,LT-20260328-091741
2026-03-28 10:07:17.661,3,SO,105368,1,0,834,2975.9,LT-20260328-091741
2026-03-28 10:07:18.473,3,SO,105369,1,0,809,2976.7,LT-20260328-091741
2026-03-28 10:07:19.294,3,SO,105370,1,0,819,2977.5,LT-20260328-091741
2026-03-28 10:07:20.114,3,SO,105371,1,0,819,2978.4,LT-20260328-091741
2026-03-28 10:07:20.922,3,SO,105372,1,0,804,2979.2,LT-20260328-091741
2026-03-28 10:07:21.724,3,SO,105373,1,0,800,2980,LT-20260328-091741
2026-03-28 10:07:22.540,3,SO,105374,1,0,813,2980.8,LT-20260328-091741
2026-03-28 10:07:23.349,3,SO,105375,1,0,807,2981.6,LT-20260328-091741
2026-03-28 10:07:24.168,3,SO,105376,1,0,816,2982.4,LT-20260328-091741
2026-03-28 10:07:24.994,3,SO,105377,1,0,824,2983.2,LT-20260328-091741
2026-03-28 10:07:25.686,3,SO,105378,1,0,690,2983.9,LT-20260328-091741
2026-03-28 10:07:26.328,3,SO,105379,1,0,640,2984.6,LT-20260328-091741
2026-03-28 10:07:26.949,3,SO,105380,1,0,620,2985.2,LT-20260328-091741
2026-03-28 10:07:27.553,3,SO,105381,1,0,601,2985.8,LT-20260328-091741
2026-03-28 10:07:28.218,3,SO,105382,1,0,663,2986.5,LT-20260328-091741
2026-03-28 10:07:28.850,3,SO,105383,1,0,631,2987.1,LT-20260328-091741
2026-03-28 10:07:29.475,3,SO,105384,1,0,623,2987.7,LT-20260328-091741
2026-03-28 10:07:30.095,3,SO,105385,1,0,618,2988.3,LT-20260328-091741
2026-03-28 10:07:30.738,3,SO,105386,1,0,641,2989,LT-20260328-091741
2026-03-28 10:07:31.388,3,SO,105387,1,0,648,2989.6,LT-20260328-091741
2026-03-28 10:07:32.024,3,SO,105388,1,0,634,2990.3,LT-20260328-091741
2026-03-28 10:07:32.660,3,SO,105389,1,0,634,2990.9,LT-20260328-091741
2026-03-28 10:07:33.280,3,SO,105390,1,0,618,2991.5,LT-20260328-091741
2026-03-28 10:07:33.918,3,SO,105391,1,0,636,2992.2,LT-20260328-091741
2026-03-28 10:07:34.577,3,SO,105392,1,0,658,2992.8,LT-20260328-091741
2026-03-28 10:07:35.246,3,SO,105393,1,0,667,2993.5,LT-20260328-091741
2026-03-28 10:07:36.105,3,SO,105394,1,0,857,2994.3,LT-20260328-091741
2026-03-28 10:07:36.723,3,SO,105395,1,0,617,2995,LT-20260328-091741
2026-03-28 10:07:37.363,3,SO,105396,1,0,638,2995.6,LT-20260328-091741
2026-03-28 10:07:38.022,3,SO,105397,1,0,656,2996.3,LT-20260328-091741
2026-03-28 10:07:38.698,3,SO,105398,1,0,674,2996.9,LT-20260328-091741
2026-03-28 10:07:39.359,3,SO,105399,1,0,659,2997.6,LT-20260328-091741
2026-03-28 10:07:40.063,3,SO,105400,1,0,703,2998.3,LT-20260328-091741
2026-03-28 10:07:40.820,3,SO,105401,1,0,754,2999.1,LT-20260328-091741
2026-03-28 10:07:41.478,3,SO,105402,1,0,656,2999.7,LT-20260328-091741
2026-03-28 10:07:42.095,3,SO,105403,1,0,616,3000.3,LT-20260328-091741
2026-03-28 10:07:42.723,3,SO,105404,1,0,625,3001,LT-20260328-091741
2026-03-28 10:07:43.724,3,PO,109569,1,0,809,3002,LT-20260328-091741
2026-03-28 10:07:44.273,3,PO,109570,1,0,548,3002.5,LT-20260328-091741
2026-03-28 10:07:44.809,3,PO,109571,1,0,533,3003.1,LT-20260328-091741
2026-03-28 10:07:45.311,3,PO,109572,1,0,499,3003.6,LT-20260328-091741
2026-03-28 10:07:46.019,3,PO,109573,1,0,706,3004.3,LT-20260328-091741
2026-03-28 10:07:46.713,3,PO,109574,1,0,691,3005,LT-20260328-091741
2026-03-28 10:07:47.414,3,PO,109575,1,0,698,3005.7,LT-20260328-091741
2026-03-28 10:07:48.121,3,PO,109576,1,0,705,3006.4,LT-20260328-091741
2026-03-28 10:07:48.869,3,PO,109577,1,0,746,3007.1,LT-20260328-091741
2026-03-28 10:07:49.601,3,PO,109578,1,0,731,3007.8,LT-20260328-091741
2026-03-28 10:07:50.401,3,PO,109579,1,0,798,3008.6,LT-20260328-091741
2026-03-28 10:07:51.112,3,PO,109580,1,0,708,3009.4,LT-20260328-091741
2026-03-28 10:07:51.783,3,PO,109581,1,0,668,3010,LT-20260328-091741
2026-03-28 10:07:52.511,3,PO,109582,1,0,727,3010.8,LT-20260328-091741
2026-03-28 10:07:53.184,3,PO,109583,1,0,671,3011.4,LT-20260328-091741
2026-03-28 10:07:53.896,3,PO,109584,1,0,710,3012.1,LT-20260328-091741
2026-03-28 10:07:54.603,3,PO,109585,1,0,704,3012.8,LT-20260328-091741
2026-03-28 10:07:55.285,3,PO,109586,1,0,680,3013.5,LT-20260328-091741
2026-03-28 10:07:55.865,3,PO,109587,1,0,578,3014.1,LT-20260328-091741
2026-03-28 10:07:56.352,3,PO,109588,1,0,485,3014.6,LT-20260328-091741
2026-03-28 10:07:56.870,3,PO,109589,1,0,517,3015.1,LT-20260328-091741
2026-03-28 10:07:57.377,3,PO,109590,1,0,504,3015.6,LT-20260328-091741
2026-03-28 10:07:57.880,3,PO,109591,1,0,501,3016.1,LT-20260328-091741
2026-03-28 10:07:58.367,3,PO,109592,1,0,485,3016.6,LT-20260328-091741
2026-03-28 10:07:58.849,3,PO,109593,1,0,479,3017.1,LT-20260328-091741
2026-03-28 10:07:59.351,3,PO,109594,1,0,500,3017.6,LT-20260328-091741
2026-03-28 10:07:59.840,3,PO,109595,1,0,487,3018.1,LT-20260328-091741
2026-03-28 10:08:00.418,3,PO,109596,1,0,575,3018.7,LT-20260328-091741
2026-03-28 10:08:00.926,3,PO,109597,1,0,507,3019.2,LT-20260328-091741
2026-03-28 10:08:01.433,3,PO,109598,1,0,504,3019.7,LT-20260328-091741
2026-03-28 10:08:01.914,3,PO,109599,1,0,479,3020.2,LT-20260328-091741
2026-03-28 10:08:02.388,3,PO,109600,1,0,471,3020.6,LT-20260328-091741
2026-03-28 10:08:02.885,3,PO,109601,1,0,495,3021.1,LT-20260328-091741
2026-03-28 10:08:03.430,3,PO,109602,1,0,544,3021.7,LT-20260328-091741
2026-03-28 10:08:03.917,3,PO,109603,1,0,484,3022.2,LT-20260328-091741
2026-03-28 10:08:04.438,3,PO,109604,1,0,518,3022.7,LT-20260328-091741
2026-03-28 10:08:04.943,3,PO,109605,1,0,503,3023.2,LT-20260328-091741
2026-03-28 10:08:05.488,3,PO,109606,1,0,543,3023.7,LT-20260328-091741
2026-03-28 10:08:06.226,3,PO,109607,1,0,736,3024.5,LT-20260328-091741
2026-03-28 10:08:06.903,3,PO,109608,1,0,676,3025.1,LT-20260328-091741
2026-03-28 10:08:07.588,3,PO,109609,1,0,683,3025.8,LT-20260328-091741
2026-03-28 10:08:08.288,3,PO,109610,1,0,698,3026.5,LT-20260328-091741
2026-03-28 10:08:08.968,3,PO,109611,1,0,677,3027.2,LT-20260328-091741
2026-03-28 10:08:09.647,3,PO,109612,1,0,678,3027.9,LT-20260328-091741
2026-03-28 10:08:10.341,3,PO,109613,1,0,692,3028.6,LT-20260328-091741
2026-03-28 10:08:11.017,3,PO,109614,1,0,674,3029.3,LT-20260328-091741
2026-03-28 10:08:11.717,3,PO,109615,1,0,697,3030,LT-20260328-091741
2026-03-28 10:08:12.461,3,PO,109616,1,0,742,3030.7,LT-20260328-091741
2026-03-28 10:08:13.219,3,PO,109617,1,0,756,3031.5,LT-20260328-091741
2026-03-28 10:08:13.951,3,PO,109618,1,0,730,3032.2,LT-20260328-091741
2026-03-28 10:08:14.648,3,PO,109619,1,0,695,3032.9,LT-20260328-091741
2026-03-28 10:08:15.371,3,PO,109620,1,0,721,3033.6,LT-20260328-091741
2026-03-28 10:08:16.122,3,PO,109621,1,0,749,3034.4,LT-20260328-091741
2026-03-28 10:08:16.859,3,PO,109622,1,0,734,3035.1,LT-20260328-091741
2026-03-28 10:08:17.570,3,PO,109623,1,0,710,3035.8,LT-20260328-091741
2026-03-28 10:08:18.346,3,PO,109624,1,0,773,3036.6,LT-20260328-091741
2026-03-28 10:08:19.040,3,PO,109625,1,0,692,3037.3,LT-20260328-091741
2026-03-28 10:08:19.782,3,PO,109626,1,0,739,3038,LT-20260328-091741
2026-03-28 10:08:20.505,3,PO,109627,1,0,719,3038.7,LT-20260328-091741
2026-03-28 10:08:21.224,3,PO,109628,1,0,717,3039.5,LT-20260328-091741
2026-03-28 10:08:22.089,3,PO,109629,1,0,861,3040.3,LT-20260328-091741
2026-03-28 10:08:22.884,3,PO,109630,1,0,793,3041.1,LT-20260328-091741
2026-03-28 10:08:23.855,3,PO,109631,1,0,969,3042.1,LT-20260328-091741
2026-03-28 10:08:24.781,3,PO,109632,1,0,923,3043,LT-20260328-091741
2026-03-28 10:08:25.554,3,PO,109633,1,0,772,3043.8,LT-20260328-091741
2026-03-28 10:08:26.267,3,PO,109634,1,0,711,3044.5,LT-20260328-091741
2026-03-28 10:08:27.034,3,PO,109635,1,0,765,3045.3,LT-20260328-091741
2026-03-28 10:08:27.763,3,PO,109636,1,0,727,3046,LT-20260328-091741
2026-03-28 10:08:28.505,3,PO,109637,1,0,741,3046.8,LT-20260328-091741
2026-03-28 10:08:28.993,3,PO,109638,1,0,485,3047.2,LT-20260328-091741
2026-03-28 10:08:29.508,3,PO,109639,1,0,512,3047.8,LT-20260328-091741
2026-03-28 10:08:30.053,3,PO,109640,1,0,544,3048.3,LT-20260328-091741
2026-03-28 10:08:30.637,3,PO,109641,1,0,581,3048.9,LT-20260328-091741
2026-03-28 10:08:31.133,3,PO,109642,1,0,494,3049.4,LT-20260328-091741
2026-03-28 10:08:31.733,3,PO,109643,1,0,598,3050,LT-20260328-091741
2026-03-28 10:08:32.218,3,PO,109644,1,0,483,3050.5,LT-20260328-091741
2026-03-28 10:08:32.763,3,PO,109645,1,0,544,3051,LT-20260328-091741
2026-03-28 10:08:33.275,3,PO,109646,1,0,508,3051.5,LT-20260328-091741
2026-03-28 10:08:33.843,3,PO,109647,1,0,566,3052.1,LT-20260328-091741
2026-03-28 10:08:34.422,3,PO,109648,1,0,573,3052.7,LT-20260328-091741
2026-03-28 10:08:34.927,3,PO,109649,1,0,503,3053.2,LT-20260328-091741
2026-03-28 10:08:35.498,3,PO,109650,1,0,570,3053.7,LT-20260328-091741
2026-03-28 10:08:36.377,3,PO,109651,1,0,876,3054.6,LT-20260328-091741
2026-03-28 10:08:37.145,3,PO,109652,1,0,766,3055.4,LT-20260328-091741
2026-03-28 10:08:37.853,3,PO,109653,1,0,705,3056.1,LT-20260328-091741
2026-03-28 10:08:38.564,3,PO,109654,1,0,708,3056.8,LT-20260328-091741
2026-03-28 10:08:39.301,3,PO,109655,1,0,735,3057.5,LT-20260328-091741
2026-03-28 10:08:40.024,3,PO,109656,1,0,720,3058.3,LT-20260328-091741
2026-03-28 10:08:40.755,3,PO,109657,1,0,728,3059,LT-20260328-091741
2026-03-28 10:08:41.551,3,PO,109658,1,0,793,3059.8,LT-20260328-091741
2026-03-28 10:08:42.243,3,PO,109659,1,0,690,3060.5,LT-20260328-091741
2026-03-28 10:08:43.077,3,PO,109660,1,0,830,3061.3,LT-20260328-091741
2026-03-28 10:08:43.805,3,PO,109661,1,0,725,3062,LT-20260328-091741
2026-03-28 10:08:44.571,3,PO,109662,1,0,765,3062.8,LT-20260328-091741
2026-03-28 10:08:45.285,3,PO,109663,1,0,710,3063.5,LT-20260328-091741
2026-03-28 10:08:45.891,3,PO,109664,1,0,603,3064.1,LT-20260328-091741
2026-03-28 10:08:46.422,3,PO,109665,1,0,528,3064.7,LT-20260328-091741
2026-03-28 10:08:46.960,3,PO,109666,1,0,535,3065.2,LT-20260328-091741
2026-03-28 10:08:47.457,3,PO,109667,1,0,494,3065.7,LT-20260328-091741
2026-03-28 10:08:47.977,3,PO,109668,1,0,516,3066.2,LT-20260328-091741
2026-03-28 10:08:48.479,3,PO,109669,1,0,498,3066.7,LT-20260328-091741
2026-03-28 10:08:49.031,3,PO,109670,1,0,549,3067.3,LT-20260328-091741
2026-03-28 10:08:49.571,3,PO,109671,1,0,538,3067.8,LT-20260328-091741
2026-03-28 10:08:50.067,3,PO,109672,1,0,494,3068.3,LT-20260328-091741
2026-03-28 10:08:50.596,3,PO,109673,1,0,527,3068.8,LT-20260328-091741
2026-03-28 10:08:51.104,3,PO,109674,1,0,506,3069.3,LT-20260328-091741
2026-03-28 10:08:51.615,3,PO,109675,1,0,508,3069.9,LT-20260328-091741
2026-03-28 10:08:52.130,3,PO,109676,1,0,511,3070.4,LT-20260328-091741
2026-03-28 10:08:52.633,3,PO,109677,1,0,501,3070.9,LT-20260328-091741
2026-03-28 10:08:53.148,3,PO,109678,1,0,514,3071.4,LT-20260328-091741
2026-03-28 10:08:53.722,3,PO,109679,1,0,570,3072,LT-20260328-091741
2026-03-28 10:08:54.224,3,PO,109680,1,0,500,3072.5,LT-20260328-091741
2026-03-28 10:08:54.804,3,PO,109681,1,0,578,3073,LT-20260328-091741
2026-03-28 10:08:55.383,3,PO,109682,1,0,577,3073.6,LT-20260328-091741
2026-03-28 10:08:56.122,3,PO,109683,1,0,737,3074.4,LT-20260328-091741
2026-03-28 10:08:56.842,3,PO,109684,1,0,716,3075.1,LT-20260328-091741
2026-03-28 10:08:57.526,3,PO,109685,1,0,682,3075.8,LT-20260328-091741
2026-03-28 10:08:58.238,3,PO,109686,1,0,709,3076.5,LT-20260328-091741
2026-03-28 10:08:59.502,3,PO,109687,1,0,1262,3077.7,LT-20260328-091741
2026-03-28 10:09:00.616,3,PO,109688,1,0,1112,3078.9,LT-20260328-091741
2026-03-28 10:09:01.399,3,PO,109689,1,0,780,3079.6,LT-20260328-091741
2026-03-28 10:09:02.090,3,PO,109690,1,0,689,3080.3,LT-20260328-091741
2026-03-28 10:09:02.827,3,PO,109691,1,0,732,3081.1,LT-20260328-091741
2026-03-28 10:09:03.562,3,PO,109692,1,0,733,3081.8,LT-20260328-091741
2026-03-28 10:09:04.237,3,PO,109693,1,0,673,3082.5,LT-20260328-091741
2026-03-28 10:09:04.952,3,PO,109694,1,0,712,3083.2,LT-20260328-091741
2026-03-28 10:09:05.549,3,PO,109695,1,0,594,3083.8,LT-20260328-091741
2026-03-28 10:09:06.104,3,PO,109696,1,0,552,3084.3,LT-20260328-091741
2026-03-28 10:09:06.700,3,PO,109697,1,0,595,3084.9,LT-20260328-091741
2026-03-28 10:09:07.188,3,PO,109698,1,0,487,3085.4,LT-20260328-091741
2026-03-28 10:09:07.697,3,PO,109699,1,0,506,3085.9,LT-20260328-091741
2026-03-28 10:09:08.223,3,PO,109700,1,0,522,3086.5,LT-20260328-091741
2026-03-28 10:09:08.760,3,PO,109701,1,0,534,3087,LT-20260328-091741
2026-03-28 10:09:09.301,3,PO,109702,1,0,539,3087.5,LT-20260328-091741
2026-03-28 10:09:09.793,3,PO,109703,1,0,488,3088,LT-20260328-091741
2026-03-28 10:09:10.347,3,PO,109704,1,0,551,3088.6,LT-20260328-091741
2026-03-28 10:09:10.860,3,PO,109705,1,0,512,3089.1,LT-20260328-091741
2026-03-28 10:09:11.337,3,PO,109706,1,0,474,3089.6,LT-20260328-091741
2026-03-28 10:09:11.810,3,PO,109707,1,0,472,3090.1,LT-20260328-091741
2026-03-28 10:09:12.362,3,PO,109708,1,0,550,3090.6,LT-20260328-091741
2026-03-28 10:09:12.866,3,PO,109709,1,0,502,3091.1,LT-20260328-091741
2026-03-28 10:09:13.380,3,PO,109710,1,0,512,3091.6,LT-20260328-091741
2026-03-28 10:09:13.943,3,PO,109711,1,0,560,3092.2,LT-20260328-091741
2026-03-28 10:09:14.488,3,PO,109712,1,0,540,3092.7,LT-20260328-091741
2026-03-28 10:09:14.991,3,PO,109713,1,0,499,3093.2,LT-20260328-091741
2026-03-28 10:09:15.539,3,PO,109714,1,0,545,3093.8,LT-20260328-091741
2026-03-28 10:09:16.074,3,PO,109715,1,0,533,3094.3,LT-20260328-091741
2026-03-28 10:09:16.568,3,PO,109716,1,0,492,3094.8,LT-20260328-091741
2026-03-28 10:09:17.043,3,PO,109717,1,0,471,3095.3,LT-20260328-091741
2026-03-28 10:09:17.548,3,PO,109718,1,0,503,3095.8,LT-20260328-091741
2026-03-28 10:09:18.044,3,PO,109719,1,0,493,3096.3,LT-20260328-091741
2026-03-28 10:09:18.588,3,PO,109720,1,0,540,3096.8,LT-20260328-091741
2026-03-28 10:09:19.095,3,PO,109721,1,0,504,3097.3,LT-20260328-091741
2026-03-28 10:09:19.637,3,PO,109722,1,0,539,3097.9,LT-20260328-091741
2026-03-28 10:09:20.150,3,PO,109723,1,0,511,3098.4,LT-20260328-091741
2026-03-28 10:09:20.692,3,PO,109724,1,0,539,3098.9,LT-20260328-091741
2026-03-28 10:09:21.226,3,PO,109725,1,0,529,3099.5,LT-20260328-091741
2026-03-28 10:09:21.727,3,PO,109726,1,0,498,3100,LT-20260328-091741
2026-03-28 10:09:22.225,3,PO,109727,1,0,496,3100.5,LT-20260328-091741
2026-03-28 10:09:22.755,3,PO,109728,1,0,526,3101,LT-20260328-091741
2026-03-28 10:09:23.252,3,PO,109729,1,0,493,3101.5,LT-20260328-091741
2026-03-28 10:09:23.747,3,PO,109730,1,0,493,3102,LT-20260328-091741
2026-03-28 10:09:24.239,3,PO,109731,1,0,489,3102.5,LT-20260328-091741
2026-03-28 10:09:24.791,3,PO,109732,1,0,549,3103,LT-20260328-091741
2026-03-28 10:09:25.358,3,PO,109733,1,0,563,3103.6,LT-20260328-091741
2026-03-28 10:09:26.102,3,PO,109734,1,0,741,3104.3,LT-20260328-091741
2026-03-28 10:09:26.827,3,PO,109735,1,0,722,3105.1,LT-20260328-091741
2026-03-28 10:09:27.562,3,PO,109736,1,0,731,3105.8,LT-20260328-091741
2026-03-28 10:09:28.251,3,PO,109737,1,0,688,3106.5,LT-20260328-091741
2026-03-28 10:09:28.970,3,PO,109738,1,0,717,3107.2,LT-20260328-091741
2026-03-28 10:09:29.694,3,PO,109739,1,0,721,3107.9,LT-20260328-091741
2026-03-28 10:09:30.381,3,PO,109740,1,0,682,3108.6,LT-20260328-091741
2026-03-28 10:09:31.100,3,PO,109741,1,0,718,3109.3,LT-20260328-091741
2026-03-28 10:09:31.816,3,PO,109742,1,0,711,3110.1,LT-20260328-091741
2026-03-28 10:09:32.493,3,PO,109743,1,0,675,3110.7,LT-20260328-091741
2026-03-28 10:09:33.181,3,PO,109744,1,0,686,3111.4,LT-20260328-091741
2026-03-28 10:09:33.882,3,PO,109745,1,0,698,3112.1,LT-20260328-091741
2026-03-28 10:09:34.581,3,PO,109746,1,0,697,3112.8,LT-20260328-091741
2026-03-28 10:09:35.285,3,PO,109747,1,0,703,3113.5,LT-20260328-091741
2026-03-28 10:09:36.027,3,PO,109748,1,0,738,3114.3,LT-20260328-091741
2026-03-28 10:09:36.703,3,PO,109749,1,0,674,3114.9,LT-20260328-091741
2026-03-28 10:09:37.369,3,PO,109750,1,0,664,3115.6,LT-20260328-091741
2026-03-28 10:09:38.065,3,PO,109751,1,0,694,3116.3,LT-20260328-091741
2026-03-28 10:09:38.752,3,PO,109752,1,0,683,3117,LT-20260328-091741
2026-03-28 10:09:39.433,3,PO,109753,1,0,680,3117.7,LT-20260328-091741
2026-03-28 10:09:40.096,3,PO,109754,1,0,661,3118.3,LT-20260328-091741
2026-03-28 10:09:40.807,3,PO,109755,1,0,707,3119.1,LT-20260328-091741
2026-03-28 10:09:41.507,3,PO,109756,1,0,695,3119.8,LT-20260328-091741
2026-03-28 10:09:42.185,3,PO,109757,1,0,676,3120.4,LT-20260328-091741
2026-03-28 10:09:42.886,3,PO,109758,1,0,696,3121.1,LT-20260328-091741
2026-03-28 10:09:43.558,3,PO,109759,1,0,670,3121.8,LT-20260328-091741
2026-03-28 10:09:44.253,3,PO,109760,1,0,693,3122.5,LT-20260328-091741
2026-03-28 10:09:44.973,3,PO,109761,1,0,716,3123.2,LT-20260328-091741
2026-03-28 10:09:45.642,3,PO,109762,1,0,665,3123.9,LT-20260328-091741
2026-03-28 10:09:46.129,3,PO,109763,1,0,485,3124.4,LT-20260328-091741
2026-03-28 10:09:46.654,3,PO,109764,1,0,523,3124.9,LT-20260328-091741
2026-03-28 10:09:47.181,3,PO,109765,1,0,523,3125.4,LT-20260328-091741
2026-03-28 10:09:47.652,3,PO,109766,1,0,469,3125.9,LT-20260328-091741
2026-03-28 10:09:48.136,3,PO,109767,1,0,482,3126.4,LT-20260328-091741
2026-03-28 10:09:48.655,3,PO,109768,1,0,517,3126.9,LT-20260328-091741
2026-03-28 10:09:49.173,3,PO,109769,1,0,515,3127.4,LT-20260328-091741
2026-03-28 10:09:49.661,3,PO,109770,1,0,486,3127.9,LT-20260328-091741
2026-03-28 10:09:50.190,3,PO,109771,1,0,526,3128.4,LT-20260328-091741
2026-03-28 10:09:50.706,3,PO,109772,1,0,515,3129,LT-20260328-091741
2026-03-28 10:09:51.223,3,PO,109773,1,0,514,3129.5,LT-20260328-091741
2026-03-28 10:09:51.746,3,PO,109774,1,0,520,3130,LT-20260328-091741
2026-03-28 10:09:52.235,3,PO,109775,1,0,488,3130.5,LT-20260328-091741
2026-03-28 10:09:52.722,3,PO,109776,1,0,485,3131,LT-20260328-091741
2026-03-28 10:09:53.243,3,PO,109777,1,0,518,3131.5,LT-20260328-091741
2026-03-28 10:09:53.822,3,PO,109778,1,0,575,3132.1,LT-20260328-091741
2026-03-28 10:09:54.333,3,PO,109779,1,0,508,3132.6,LT-20260328-091741
2026-03-28 10:09:54.818,3,PO,109780,1,0,483,3133.1,LT-20260328-091741
2026-03-28 10:09:55.303,3,PO,109781,1,0,483,3133.5,LT-20260328-091741
2026-03-28 10:09:55.785,3,PO,109782,1,0,480,3134,LT-20260328-091741
2026-03-28 10:09:56.287,3,PO,109783,1,0,501,3134.5,LT-20260328-091741
2026-03-28 10:09:56.821,3,PO,109784,1,0,529,3135.1,LT-20260328-091741
2026-03-28 10:09:57.326,3,PO,109785,1,0,503,3135.6,LT-20260328-091741
2026-03-28 10:09:57.821,3,PO,109786,1,0,493,3136.1,LT-20260328-091741
2026-03-28 10:09:58.330,3,PO,109787,1,0,508,3136.6,LT-20260328-091741
2026-03-28 10:09:58.816,3,PO,109788,1,0,482,3137.1,LT-20260328-091741
2026-03-28 10:09:59.306,3,PO,109789,1,0,487,3137.6,LT-20260328-091741
2026-03-28 10:09:59.807,3,PO,109790,1,0,500,3138.1,LT-20260328-091741
2026-03-28 10:10:00.332,3,PO,109791,1,0,522,3138.6,LT-20260328-091741
2026-03-28 10:10:00.880,3,PO,109792,1,0,544,3139.1,LT-20260328-091741
2026-03-28 10:10:01.505,3,PO,109793,1,0,622,3139.7,LT-20260328-091741
2026-03-28 10:10:02.258,3,PO,109794,1,0,750,3140.5,LT-20260328-091741
2026-03-28 10:10:03.014,3,PO,109795,1,0,754,3141.3,LT-20260328-091741
2026-03-28 10:10:03.714,3,PO,109796,1,0,696,3142,LT-20260328-091741
2026-03-28 10:10:04.363,3,PO,109797,1,0,648,3142.6,LT-20260328-091741
2026-03-28 10:10:04.872,3,PO,109798,1,0,506,3143.1,LT-20260328-091741
2026-03-28 10:10:05.362,3,PO,109799,1,0,488,3143.6,LT-20260328-091741
2026-03-28 10:10:05.855,3,PO,109800,1,0,490,3144.1,LT-20260328-091741
2026-03-28 10:10:06.348,3,PO,109801,1,0,491,3144.6,LT-20260328-091741
2026-03-28 10:10:06.879,3,PO,109802,1,0,528,3145.1,LT-20260328-091741
2026-03-28 10:10:07.377,3,PO,109803,1,0,496,3145.6,LT-20260328-091741
2026-03-28 10:10:07.863,3,PO,109804,1,0,482,3146.1,LT-20260328-091741
2026-03-28 10:10:08.359,3,PO,109805,1,0,494,3146.6,LT-20260328-091741
2026-03-28 10:10:08.864,3,PO,109806,1,0,503,3147.1,LT-20260328-091741
2026-03-28 10:10:09.353,3,PO,109807,1,0,486,3147.6,LT-20260328-091741
2026-03-28 10:10:09.846,3,PO,109808,1,0,490,3148.1,LT-20260328-091741
2026-03-28 10:10:10.325,3,PO,109809,1,0,478,3148.6,LT-20260328-091741
2026-03-28 10:10:10.838,3,PO,109810,1,0,510,3149.1,LT-20260328-091741
2026-03-28 10:10:11.326,3,PO,109811,1,0,486,3149.6,LT-20260328-091741
2026-03-28 10:10:11.826,3,PO,109812,1,0,498,3150.1,LT-20260328-091741
2026-03-28 10:10:12.307,3,PO,109813,1,0,480,3150.6,LT-20260328-091741
2026-03-28 10:10:12.799,3,PO,109814,1,0,489,3151,LT-20260328-091741
2026-03-28 10:10:13.302,3,PO,109815,1,0,501,3151.5,LT-20260328-091741
2026-03-28 10:10:13.791,3,PO,109816,1,0,487,3152,LT-20260328-091741
2026-03-28 10:10:14.314,3,PO,109817,1,0,520,3152.6,LT-20260328-091741
2026-03-28 10:10:14.817,3,PO,109818,1,0,501,3153.1,LT-20260328-091741
2026-03-28 10:10:15.312,3,PO,109819,1,0,493,3153.6,LT-20260328-091741
2026-03-28 10:10:16.001,3,PO,109820,1,0,687,3154.2,LT-20260328-091741
2026-03-28 10:10:16.679,3,PO,109821,1,0,677,3154.9,LT-20260328-091741
2026-03-28 10:10:17.360,3,PO,109822,1,0,679,3155.6,LT-20260328-091741
2026-03-28 10:10:18.048,3,PO,109823,1,0,685,3156.3,LT-20260328-091741
2026-03-28 10:10:18.808,3,PO,109824,1,0,759,3157.1,LT-20260328-091741
2026-03-28 10:10:19.568,3,PO,109825,1,0,758,3157.8,LT-20260328-091741
2026-03-28 10:10:20.268,3,PO,109826,1,0,698,3158.5,LT-20260328-091741
2026-03-28 10:10:20.952,3,PO,109827,1,0,682,3159.2,LT-20260328-091741
2026-03-28 10:10:21.678,3,PO,109828,1,0,725,3159.9,LT-20260328-091741
2026-03-28 10:10:22.355,3,PO,109829,1,0,675,3160.6,LT-20260328-091741
2026-03-28 10:10:23.031,3,PO,109830,1,0,673,3161.3,LT-20260328-091741
2026-03-28 10:10:23.748,3,PO,109831,1,0,716,3162,LT-20260328-091741
2026-03-28 10:10:24.747,3,PO,109832,1,0,996,3163,LT-20260328-091741
2026-03-28 10:10:25.652,3,PO,109833,1,0,904,3163.9,LT-20260328-091741
2026-03-28 10:10:26.341,3,PO,109834,1,0,687,3164.6,LT-20260328-091741
2026-03-28 10:10:27.031,3,PO,109835,1,0,688,3165.3,LT-20260328-091741
2026-03-28 10:10:27.722,3,PO,109836,1,0,688,3166,LT-20260328-091741
2026-03-28 10:10:28.402,3,PO,109837,1,0,678,3166.6,LT-20260328-091741
2026-03-28 10:10:29.107,3,PO,109838,1,0,703,3167.4,LT-20260328-091741
2026-03-28 10:10:29.800,3,PO,109839,1,0,691,3168,LT-20260328-091741
2026-03-28 10:10:30.492,3,PO,109840,1,0,690,3168.7,LT-20260328-091741
2026-03-28 10:10:31.180,3,PO,109841,1,0,686,3169.4,LT-20260328-091741
2026-03-28 10:10:31.867,3,PO,109842,1,0,685,3170.1,LT-20260328-091741
2026-03-28 10:10:32.538,3,PO,109843,1,0,669,3170.8,LT-20260328-091741
2026-03-28 10:10:33.247,3,PO,109844,1,0,705,3171.5,LT-20260328-091741
2026-03-28 10:10:33.912,3,PO,109845,1,0,664,3172.2,LT-20260328-091741
2026-03-28 10:10:34.631,3,PO,109846,1,0,716,3172.9,LT-20260328-091741
2026-03-28 10:10:35.299,3,PO,109847,1,0,666,3173.5,LT-20260328-091741
2026-03-28 10:10:35.790,3,PO,109848,1,0,489,3174,LT-20260328-091741
2026-03-28 10:10:36.293,3,PO,109849,1,0,500,3174.5,LT-20260328-091741
2026-03-28 10:10:36.786,3,PO,109850,1,0,492,3175,LT-20260328-091741
2026-03-28 10:10:37.270,3,PO,109851,1,0,481,3175.5,LT-20260328-091741
2026-03-28 10:10:37.752,3,PO,109852,1,0,480,3176,LT-20260328-091741
2026-03-28 10:10:38.247,3,PO,109853,1,0,493,3176.5,LT-20260328-091741
2026-03-28 10:10:38.773,3,PO,109854,1,0,523,3177,LT-20260328-091741
2026-03-28 10:10:39.278,3,PO,109855,1,0,502,3177.5,LT-20260328-091741
2026-03-28 10:10:39.779,3,PO,109856,1,0,499,3178,LT-20260328-091741
2026-03-28 10:10:40.254,3,PO,109857,1,0,474,3178.5,LT-20260328-091741
2026-03-28 10:10:40.757,3,PO,109858,1,0,501,3179,LT-20260328-091741
2026-03-28 10:10:41.260,3,PO,109859,1,0,501,3179.5,LT-20260328-091741
2026-03-28 10:10:41.763,3,PO,109860,1,0,501,3180,LT-20260328-091741
2026-03-28 10:10:42.263,3,PO,109861,1,0,499,3180.5,LT-20260328-091741
2026-03-28 10:10:42.784,3,PO,109862,1,0,520,3181,LT-20260328-091741
2026-03-28 10:10:43.336,3,PO,109863,1,0,550,3181.6,LT-20260328-091741
2026-03-28 10:10:43.867,3,PO,109864,1,0,529,3182.1,LT-20260328-091741
2026-03-28 10:10:44.373,3,PO,109865,1,0,504,3182.6,LT-20260328-091741
2026-03-28 10:10:44.868,3,PO,109866,1,0,491,3183.1,LT-20260328-091741
2026-03-28 10:10:45.356,3,PO,109867,1,0,487,3183.6,LT-20260328-091741
2026-03-28 10:10:45.898,3,PO,109868,1,0,538,3184.1,LT-20260328-091741
2026-03-28 10:10:46.398,3,PO,109869,1,0,498,3184.6,LT-20260328-091741
2026-03-28 10:10:46.938,3,PO,109870,1,0,539,3185.2,LT-20260328-091741
2026-03-28 10:10:47.469,3,PO,109871,1,0,528,3185.7,LT-20260328-091741
2026-03-28 10:10:47.980,3,PO,109872,1,0,509,3186.2,LT-20260328-091741
2026-03-28 10:10:48.527,3,PO,109873,1,0,545,3186.8,LT-20260328-091741
2026-03-28 10:10:49.034,3,PO,109874,1,0,505,3187.3,LT-20260328-091741
2026-03-28 10:10:49.523,3,PO,109875,1,0,487,3187.8,LT-20260328-091741
2026-03-28 10:10:50.021,3,PO,109876,1,0,496,3188.3,LT-20260328-091741
2026-03-28 10:10:50.551,3,PO,109877,1,0,528,3188.8,LT-20260328-091741
2026-03-28 10:10:51.041,3,PO,109878,1,0,488,3189.3,LT-20260328-091741
2026-03-28 10:10:51.533,3,PO,109879,1,0,490,3189.8,LT-20260328-091741
2026-03-28 10:10:52.034,3,PO,109880,1,0,498,3190.3,LT-20260328-091741
2026-03-28 10:10:52.517,3,PO,109881,1,0,481,3190.8,LT-20260328-091741
2026-03-28 10:10:53.028,3,PO,109882,1,0,509,3191.3,LT-20260328-091741
2026-03-28 10:10:53.523,3,PO,109883,1,0,492,3191.8,LT-20260328-091741
2026-03-28 10:10:54.002,3,PO,109884,1,0,477,3192.2,LT-20260328-091741
2026-03-28 10:10:54.503,3,PO,109885,1,0,499,3192.7,LT-20260328-091741
2026-03-28 10:10:55.009,3,PO,109886,1,0,504,3193.3,LT-20260328-091741
2026-03-28 10:10:55.592,3,PO,109887,1,0,582,3193.8,LT-20260328-091741
2026-03-28 10:10:56.253,3,PO,109888,1,0,659,3194.5,LT-20260328-091741
2026-03-28 10:10:56.948,3,PO,109889,1,0,693,3195.2,LT-20260328-091741
2026-03-28 10:10:57.610,3,PO,109890,1,0,660,3195.9,LT-20260328-091741
2026-03-28 10:10:58.397,3,PO,109891,1,0,785,3196.6,LT-20260328-091741
2026-03-28 10:10:59.066,3,PO,109892,1,0,668,3197.3,LT-20260328-091741
2026-03-28 10:10:59.733,3,PO,109893,1,0,666,3198,LT-20260328-091741
2026-03-28 10:11:00.422,3,PO,109894,1,0,687,3198.7,LT-20260328-091741
2026-03-28 10:11:01.100,3,PO,109895,1,0,676,3199.3,LT-20260328-091741
2026-03-28 10:11:01.770,3,PO,109896,1,0,668,3200,LT-20260328-091741
2026-03-28 10:11:02.476,3,PO,109897,1,0,704,3200.7,LT-20260328-091741
2026-03-28 10:11:03.157,3,PO,109898,1,0,680,3201.4,LT-20260328-091741
2026-03-28 10:11:03.851,3,PO,109899,1,0,692,3202.1,LT-20260328-091741
2026-03-28 10:11:04.547,3,PO,109900,1,0,694,3202.8,LT-20260328-091741
2026-03-28 10:11:05.247,3,PO,109901,1,0,698,3203.5,LT-20260328-091741
2026-03-28 10:11:05.936,3,PO,109902,1,0,688,3204.2,LT-20260328-091741
2026-03-28 10:11:06.695,3,PO,109903,1,0,757,3204.9,LT-20260328-091741
2026-03-28 10:11:07.386,3,PO,109904,1,0,689,3205.6,LT-20260328-091741
2026-03-28 10:11:08.069,3,PO,109905,1,0,680,3206.3,LT-20260328-091741
2026-03-28 10:11:08.783,3,PO,109906,1,0,713,3207,LT-20260328-091741
2026-03-28 10:11:09.458,3,PO,109907,1,0,673,3207.7,LT-20260328-091741
2026-03-28 10:11:10.146,3,PO,109908,1,0,687,3208.4,LT-20260328-091741
2026-03-28 10:11:10.849,3,PO,109909,1,0,701,3209.1,LT-20260328-091741
2026-03-28 10:11:11.523,3,PO,109910,1,0,672,3209.8,LT-20260328-091741
2026-03-28 10:11:12.208,3,PO,109911,1,0,683,3210.5,LT-20260328-091741
2026-03-28 10:11:12.927,3,PO,109912,1,0,716,3211.2,LT-20260328-091741
2026-03-28 10:11:13.656,3,PO,109913,1,0,727,3211.9,LT-20260328-091741
2026-03-28 10:11:14.335,3,PO,109914,1,0,677,3212.6,LT-20260328-091741
2026-03-28 10:11:15.030,3,PO,109915,1,0,692,3213.3,LT-20260328-091741
2026-03-28 10:11:15.601,3,PO,109916,1,0,570,3213.8,LT-20260328-091741
2026-03-28 10:11:16.118,3,PO,109917,1,0,514,3214.4,LT-20260328-091741
2026-03-28 10:11:16.635,3,PO,109918,1,0,515,3214.9,LT-20260328-091741
2026-03-28 10:11:17.143,3,PO,109919,1,0,506,3215.4,LT-20260328-091741
2026-03-28 10:11:17.655,3,PO,109920,1,0,511,3215.9,LT-20260328-091741
2026-03-28 10:11:18.133,3,PO,109921,1,0,476,3216.4,LT-20260328-091741
2026-03-28 10:11:18.656,3,PO,109922,1,0,521,3216.9,LT-20260328-091741
2026-03-28 10:11:19.147,3,PO,109923,1,0,489,3217.4,LT-20260328-091741
2026-03-28 10:11:19.648,3,PO,109924,1,0,500,3217.9,LT-20260328-091741
2026-03-28 10:11:20.145,3,PO,109925,1,0,495,3218.4,LT-20260328-091741
2026-03-28 10:11:20.615,3,PO,109926,1,0,469,3218.9,LT-20260328-091741
2026-03-28 10:11:21.133,3,PO,109927,1,0,517,3219.4,LT-20260328-091741
2026-03-28 10:11:21.609,3,PO,109928,1,0,474,3219.9,LT-20260328-091741
2026-03-28 10:11:22.084,3,PO,109929,1,0,473,3220.3,LT-20260328-091741
2026-03-28 10:11:22.568,3,PO,109930,1,0,481,3220.8,LT-20260328-091741
2026-03-28 10:11:23.048,3,PO,109931,1,0,477,3221.3,LT-20260328-091741
2026-03-28 10:11:23.517,3,PO,109932,1,0,467,3221.8,LT-20260328-091741
2026-03-28 10:11:24.031,3,PO,109933,1,0,512,3222.3,LT-20260328-091741
2026-03-28 10:11:24.516,3,PO,109934,1,0,483,3222.8,LT-20260328-091741
2026-03-28 10:11:24.997,3,PO,109935,1,0,480,3223.2,LT-20260328-091741
2026-03-28 10:11:25.585,3,PO,109936,1,0,586,3223.8,LT-20260328-091741
2026-03-28 10:11:26.265,3,PO,109937,1,0,678,3224.5,LT-20260328-091741
2026-03-28 10:11:26.932,3,PO,109938,1,0,664,3225.2,LT-20260328-091741
2026-03-28 10:11:27.596,3,PO,109939,1,0,663,3225.8,LT-20260328-091741
2026-03-28 10:11:28.293,3,PO,109940,1,0,695,3226.5,LT-20260328-091741
2026-03-28 10:11:29.038,3,PO,109941,1,0,743,3227.3,LT-20260328-091741
2026-03-28 10:11:29.740,3,PO,109942,1,0,698,3228,LT-20260328-091741
2026-03-28 10:11:30.431,3,PO,109943,1,0,688,3228.7,LT-20260328-091741
2026-03-28 10:11:31.107,3,PO,109944,1,0,675,3229.4,LT-20260328-091741
2026-03-28 10:11:31.773,3,PO,109945,1,0,663,3230,LT-20260328-091741
2026-03-28 10:11:32.477,3,PO,109946,1,0,702,3230.7,LT-20260328-091741
2026-03-28 10:11:33.145,3,PO,109947,1,0,665,3231.4,LT-20260328-091741
2026-03-28 10:11:33.814,3,PO,109948,1,0,668,3232.1,LT-20260328-091741
2026-03-28 10:11:34.513,3,PO,109949,1,0,697,3232.8,LT-20260328-091741
2026-03-28 10:11:35.197,3,PO,109950,1,0,682,3233.4,LT-20260328-091741
2026-03-28 10:11:35.777,3,PO,109951,1,0,577,3234,LT-20260328-091741
2026-03-28 10:11:36.264,3,PO,109952,1,0,484,3234.5,LT-20260328-091741
2026-03-28 10:11:36.753,3,PO,109953,1,0,487,3235,LT-20260328-091741
2026-03-28 10:11:37.275,3,PO,109954,1,0,518,3235.5,LT-20260328-091741
2026-03-28 10:11:37.794,3,PO,109955,1,0,517,3236,LT-20260328-091741
2026-03-28 10:11:38.274,3,PO,109956,1,0,475,3236.5,LT-20260328-091741
2026-03-28 10:11:38.757,3,PO,109957,1,0,481,3237,LT-20260328-091741
2026-03-28 10:11:39.261,3,PO,109958,1,0,501,3237.5,LT-20260328-091741
2026-03-28 10:11:39.790,3,PO,109959,1,0,525,3238,LT-20260328-091741
2026-03-28 10:11:40.282,3,PO,109960,1,0,489,3238.5,LT-20260328-091741
2026-03-28 10:11:40.766,3,PO,109961,1,0,482,3239,LT-20260328-091741
2026-03-28 10:11:41.304,3,PO,109962,1,0,536,3239.5,LT-20260328-091741
2026-03-28 10:11:41.842,3,PO,109963,1,0,535,3240.1,LT-20260328-091741
2026-03-28 10:11:42.344,3,PO,109964,1,0,498,3240.6,LT-20260328-091741
2026-03-28 10:11:42.841,3,PO,109965,1,0,496,3241.1,LT-20260328-091741
2026-03-28 10:11:43.350,3,PO,109966,1,0,507,3241.6,LT-20260328-091741
2026-03-28 10:11:43.892,3,PO,109967,1,0,538,3242.1,LT-20260328-091741
2026-03-28 10:11:44.429,3,PO,109968,1,0,532,3242.7,LT-20260328-091741
2026-03-28 10:11:44.920,3,PO,109969,1,0,488,3243.2,LT-20260328-091741
2026-03-28 10:11:45.444,3,PO,109970,1,0,521,3243.7,LT-20260328-091741
2026-03-28 10:11:45.963,3,PO,109971,1,0,515,3244.2,LT-20260328-091741
2026-03-28 10:11:46.497,3,PO,109972,1,0,531,3244.7,LT-20260328-091741
2026-03-28 10:11:46.969,3,PO,109973,1,0,470,3245.2,LT-20260328-091741
2026-03-28 10:11:47.531,3,PO,109974,1,0,559,3245.8,LT-20260328-091741
2026-03-28 10:11:48.046,3,PO,109975,1,0,511,3246.3,LT-20260328-091741
2026-03-28 10:11:48.560,3,PO,109976,1,0,509,3246.8,LT-20260328-091741
2026-03-28 10:11:49.065,3,PO,109977,1,0,503,3247.3,LT-20260328-091741
2026-03-28 10:11:49.557,3,PO,109978,1,0,490,3247.8,LT-20260328-091741
2026-03-28 10:11:50.061,3,PO,109979,1,0,502,3248.3,LT-20260328-091741
2026-03-28 10:11:50.579,3,PO,109980,1,0,516,3248.8,LT-20260328-091741
2026-03-28 10:11:51.111,3,PO,109981,1,0,528,3249.4,LT-20260328-091741
2026-03-28 10:11:51.591,3,PO,109982,1,0,477,3249.8,LT-20260328-091741
2026-03-28 10:11:52.081,3,PO,109983,1,0,488,3250.3,LT-20260328-091741
2026-03-28 10:11:52.581,3,PO,109984,1,0,495,3250.8,LT-20260328-091741
2026-03-28 10:11:53.092,3,PO,109985,1,0,508,3251.3,LT-20260328-091741
2026-03-28 10:11:53.557,3,PO,109986,1,0,463,3251.8,LT-20260328-091741
2026-03-28 10:11:54.058,3,PO,109987,1,0,500,3252.3,LT-20260328-091741
2026-03-28 10:11:54.560,3,PO,109988,1,0,499,3252.8,LT-20260328-091741
2026-03-28 10:11:55.047,3,PO,109989,1,0,486,3253.3,LT-20260328-091741
2026-03-28 10:11:55.583,3,PO,109990,1,0,532,3253.8,LT-20260328-091741
2026-03-28 10:11:56.085,3,PO,109991,1,0,499,3254.3,LT-20260328-091741
2026-03-28 10:11:56.573,3,PO,109992,1,0,485,3254.8,LT-20260328-091741
2026-03-28 10:11:57.060,3,PO,109993,1,0,484,3255.3,LT-20260328-091741
2026-03-28 10:11:57.620,3,PO,109994,1,0,557,3255.9,LT-20260328-091741
2026-03-28 10:11:58.140,3,PO,109995,1,0,516,3256.4,LT-20260328-091741
2026-03-28 10:11:58.651,3,PO,109996,1,0,510,3256.9,LT-20260328-091741
2026-03-28 10:11:59.144,3,PO,109997,1,0,491,3257.4,LT-20260328-091741
2026-03-28 10:11:59.663,3,PO,109998,1,0,517,3257.9,LT-20260328-091741
2026-03-28 10:12:00.185,3,PO,109999,1,0,519,3258.4,LT-20260328-091741
2026-03-28 10:12:00.676,3,PO,110000,1,0,488,3258.9,LT-20260328-091741
2026-03-28 10:12:01.180,3,PO,110001,1,0,501,3259.4,LT-20260328-091741
2026-03-28 10:12:01.674,3,PO,110002,1,0,491,3259.9,LT-20260328-091741
2026-03-28 10:12:02.173,3,PO,110003,1,0,497,3260.4,LT-20260328-091741
2026-03-28 10:12:02.698,3,PO,110004,1,0,521,3260.9,LT-20260328-091741
2026-03-28 10:12:03.216,3,PO,110005,1,0,513,3261.5,LT-20260328-091741
2026-03-28 10:12:03.720,3,PO,110006,1,0,503,3262,LT-20260328-091741
2026-03-28 10:12:04.205,3,PO,110007,1,0,482,3262.4,LT-20260328-091741
2026-03-28 10:12:04.733,3,PO,110008,1,0,525,3263,LT-20260328-091741
2026-03-28 10:12:05.242,3,PO,110009,1,0,504,3263.5,LT-20260328-091741
2026-03-28 10:12:05.768,3,PO,110010,1,0,523,3264,LT-20260328-091741
2026-03-28 10:12:06.264,3,PO,110011,1,0,494,3264.5,LT-20260328-091741
2026-03-28 10:12:06.793,3,PO,110012,1,0,526,3265,LT-20260328-091741
2026-03-28 10:12:07.324,3,PO,110013,1,0,528,3265.6,LT-20260328-091741
2026-03-28 10:12:07.806,3,PO,110014,1,0,480,3266.1,LT-20260328-091741
2026-03-28 10:12:08.292,3,PO,110015,1,0,483,3266.5,LT-20260328-091741
2026-03-28 10:12:08.805,3,PO,110016,1,0,510,3267,LT-20260328-091741
2026-03-28 10:12:09.359,3,PO,110017,1,0,549,3267.6,LT-20260328-091741
2026-03-28 10:12:09.847,3,PO,110018,1,0,485,3268.1,LT-20260328-091741
2026-03-28 10:12:10.360,3,PO,110019,1,0,510,3268.6,LT-20260328-091741
2026-03-28 10:12:10.858,3,PO,110020,1,0,497,3269.1,LT-20260328-091741
2026-03-28 10:12:11.348,3,PO,110021,1,0,487,3269.6,LT-20260328-091741
2026-03-28 10:12:11.849,3,PO,110022,1,0,499,3270.1,LT-20260328-091741
2026-03-28 10:12:12.366,3,PO,110023,1,0,514,3270.6,LT-20260328-091741
2026-03-28 10:12:12.877,3,PO,110024,1,0,506,3271.1,LT-20260328-091741
2026-03-28 10:12:13.375,3,PO,110025,1,0,495,3271.6,LT-20260328-091741
2026-03-28 10:12:13.852,3,PO,110026,1,0,476,3272.1,LT-20260328-091741
2026-03-28 10:12:14.401,3,PO,110027,1,0,545,3272.6,LT-20260328-091741
2026-03-28 10:12:14.912,3,PO,110028,1,0,509,3273.2,LT-20260328-091741
2026-03-28 10:12:15.436,3,PO,110029,1,0,521,3273.7,LT-20260328-091741
2026-03-28 10:12:15.955,3,PO,110030,1,0,515,3274.2,LT-20260328-091741
2026-03-28 10:12:16.500,3,PO,110031,1,0,541,3274.7,LT-20260328-091741
2026-03-28 10:12:17.031,3,PO,110032,1,0,529,3275.3,LT-20260328-091741
2026-03-28 10:12:17.522,3,PO,110033,1,0,489,3275.8,LT-20260328-091741
2026-03-28 10:12:18.037,3,PO,110034,1,0,514,3276.3,LT-20260328-091741
2026-03-28 10:12:18.558,3,PO,110035,1,0,517,3276.8,LT-20260328-091741
2026-03-28 10:12:19.042,3,PO,110036,1,0,481,3277.3,LT-20260328-091741
2026-03-28 10:12:19.529,3,PO,110037,1,0,485,3277.8,LT-20260328-091741
2026-03-28 10:12:20.016,3,PO,110038,1,0,486,3278.3,LT-20260328-091741
2026-03-28 10:12:20.530,3,PO,110039,1,0,511,3278.8,LT-20260328-091741
2026-03-28 10:12:21.028,3,PO,110040,1,0,497,3279.3,LT-20260328-091741
2026-03-28 10:12:21.511,3,PO,110041,1,0,481,3279.8,LT-20260328-091741
2026-03-28 10:12:22.029,3,PO,110042,1,0,517,3280.3,LT-20260328-091741
2026-03-28 10:12:22.542,3,PO,110043,1,0,511,3280.8,LT-20260328-091741
2026-03-28 10:12:23.053,3,PO,110044,1,0,510,3281.3,LT-20260328-091741
2026-03-28 10:12:23.573,3,PO,110045,1,0,516,3281.8,LT-20260328-091741
2026-03-28 10:12:24.115,3,PO,110046,1,0,541,3282.4,LT-20260328-091741
2026-03-28 10:12:24.784,3,PO,110047,1,0,665,3283,LT-20260328-091741
2026-03-28 10:12:25.465,3,PO,110048,1,0,678,3283.7,LT-20260328-091741
2026-03-28 10:12:26.283,3,PO,110049,1,0,815,3284.5,LT-20260328-091741
2026-03-28 10:12:27.040,3,PO,110050,1,0,752,3285.3,LT-20260328-091741
2026-03-28 10:12:27.784,3,PO,110051,1,0,742,3286,LT-20260328-091741
2026-03-28 10:12:28.484,3,PO,110052,1,0,697,3286.7,LT-20260328-091741
2026-03-28 10:12:29.214,3,PO,110053,1,0,726,3287.5,LT-20260328-091741
2026-03-28 10:12:29.895,3,PO,110054,1,0,679,3288.1,LT-20260328-091741
2026-03-28 10:12:30.601,3,PO,110055,1,0,704,3288.8,LT-20260328-091741
2026-03-28 10:12:31.322,3,PO,110056,1,0,719,3289.6,LT-20260328-091741
2026-03-28 10:12:32.014,3,PO,110057,1,0,687,3290.3,LT-20260328-091741
2026-03-28 10:12:32.743,3,PO,110058,1,0,727,3291,LT-20260328-091741
2026-03-28 10:12:33.442,3,PO,110059,1,0,697,3291.7,LT-20260328-091741
2026-03-28 10:12:34.149,3,PO,110060,1,0,703,3292.4,LT-20260328-091741
2026-03-28 10:12:34.842,3,PO,110061,1,0,692,3293.1,LT-20260328-091741
2026-03-28 10:12:35.560,3,PO,110062,1,0,714,3293.8,LT-20260328-091741
2026-03-28 10:12:36.245,3,PO,110063,1,0,682,3294.5,LT-20260328-091741
2026-03-28 10:12:37.001,3,PO,110064,1,0,754,3295.2,LT-20260328-091741
2026-03-28 10:12:37.710,3,PO,110065,1,0,707,3296,LT-20260328-091741
2026-03-28 10:12:38.387,3,PO,110066,1,0,676,3296.6,LT-20260328-091741
2026-03-28 10:12:39.092,3,PO,110067,1,0,704,3297.3,LT-20260328-091741
2026-03-28 10:12:39.804,3,PO,110068,1,0,707,3298,LT-20260328-091741
2026-03-28 10:12:40.525,3,PO,110069,1,0,720,3298.8,LT-20260328-091741
2026-03-28 10:12:41.248,3,PO,110070,1,0,721,3299.5,LT-20260328-091741
2026-03-28 10:12:41.929,3,PO,110071,1,0,680,3300.2,LT-20260328-091741
2026-03-28 10:12:42.613,3,PO,110072,1,0,681,3300.9,LT-20260328-091741
2026-03-28 10:12:43.282,3,PO,110073,1,0,668,3301.5,LT-20260328-091741
2026-03-28 10:12:43.958,3,PO,110074,1,0,674,3302.2,LT-20260328-091741
2026-03-28 10:12:44.620,3,PO,110075,1,0,661,3302.9,LT-20260328-091741
2026-03-28 10:12:45.104,3,PO,110076,1,0,481,3303.3,LT-20260328-091741
2026-03-28 10:12:45.608,3,PO,110077,1,0,502,3303.9,LT-20260328-091741
2026-03-28 10:12:46.112,3,PO,110078,1,0,501,3304.4,LT-20260328-091741
2026-03-28 10:12:46.608,3,PO,110079,1,0,495,3304.9,LT-20260328-091741
2026-03-28 10:12:47.135,3,PO,110080,1,0,525,3305.4,LT-20260328-091741
2026-03-28 10:12:47.653,3,PO,110081,1,0,515,3305.9,LT-20260328-091741
2026-03-28 10:12:48.146,3,PO,110082,1,0,492,3306.4,LT-20260328-091741
2026-03-28 10:12:48.641,3,PO,110083,1,0,493,3306.9,LT-20260328-091741
2026-03-28 10:12:49.133,3,PO,110084,1,0,490,3307.4,LT-20260328-091741
2026-03-28 10:12:49.602,3,PO,110085,1,0,468,3307.8,LT-20260328-091741
2026-03-28 10:12:50.080,3,PO,110086,1,0,476,3308.3,LT-20260328-091741
2026-03-28 10:12:50.563,3,PO,110087,1,0,482,3308.8,LT-20260328-091741
2026-03-28 10:12:51.042,3,PO,110088,1,0,477,3309.3,LT-20260328-091741
2026-03-28 10:12:51.579,3,PO,110089,1,0,535,3309.8,LT-20260328-091741
2026-03-28 10:12:52.055,3,PO,110090,1,0,474,3310.3,LT-20260328-091741
2026-03-28 10:12:52.538,3,PO,110091,1,0,481,3310.8,LT-20260328-091741
2026-03-28 10:12:53.002,3,PO,110092,1,0,463,3311.2,LT-20260328-091741
2026-03-28 10:12:53.512,3,PO,110093,1,0,509,3311.8,LT-20260328-091741
2026-03-28 10:12:54.001,3,PO,110094,1,0,487,3312.2,LT-20260328-091741
2026-03-28 10:12:54.522,3,PO,110095,1,0,519,3312.8,LT-20260328-091741
2026-03-28 10:12:55.027,3,PO,110096,1,0,502,3313.3,LT-20260328-091741
2026-03-28 10:12:55.537,3,PO,110097,1,0,507,3313.8,LT-20260328-091741
2026-03-28 10:12:56.039,3,PO,110098,1,0,500,3314.3,LT-20260328-091741
2026-03-28 10:12:56.529,3,PO,110099,1,0,487,3314.8,LT-20260328-091741
2026-03-28 10:12:57.001,3,PO,110100,1,0,471,3315.2,LT-20260328-091741
2026-03-28 10:12:57.511,3,PO,110101,1,0,509,3315.8,LT-20260328-091741
2026-03-28 10:12:57.998,3,PO,110102,1,0,485,3316.2,LT-20260328-091741
2026-03-28 10:12:58.502,3,PO,110103,1,0,502,3316.7,LT-20260328-091741
2026-03-28 10:12:58.999,3,PO,110104,1,0,495,3317.2,LT-20260328-091741
2026-03-28 10:12:59.472,3,PO,110105,1,0,470,3317.7,LT-20260328-091741
2026-03-28 10:13:00.028,3,PO,110106,1,0,554,3318.3,LT-20260328-091741
2026-03-28 10:13:00.515,3,PO,110107,1,0,484,3318.8,LT-20260328-091741
2026-03-28 10:13:01.057,3,PO,110108,1,0,540,3319.3,LT-20260328-091741
2026-03-28 10:13:01.551,3,PO,110109,1,0,492,3319.8,LT-20260328-091741
2026-03-28 10:13:02.031,3,PO,110110,1,0,477,3320.3,LT-20260328-091741
2026-03-28 10:13:02.504,3,PO,110111,1,0,472,3320.7,LT-20260328-091741
2026-03-28 10:13:02.985,3,PO,110112,1,0,479,3321.2,LT-20260328-091741
2026-03-28 10:13:03.466,3,PO,110113,1,0,479,3321.7,LT-20260328-091741
2026-03-28 10:13:03.972,3,PO,110114,1,0,504,3322.2,LT-20260328-091741
2026-03-28 10:13:04.533,3,PO,110115,1,0,560,3322.8,LT-20260328-091741
2026-03-28 10:13:05.198,3,PO,110116,1,0,662,3323.4,LT-20260328-091741
2026-03-28 10:13:05.884,3,PO,110117,1,0,684,3324.1,LT-20260328-091741
2026-03-28 10:13:06.578,3,PO,110118,1,0,693,3324.8,LT-20260328-091741
2026-03-28 10:13:07.259,3,PO,110119,1,0,679,3325.5,LT-20260328-091741
2026-03-28 10:13:07.932,3,PO,110120,1,0,672,3326.2,LT-20260328-091741
2026-03-28 10:13:08.616,3,PO,110121,1,0,680,3326.9,LT-20260328-091741
2026-03-28 10:13:09.272,3,PO,110122,1,0,654,3327.5,LT-20260328-091741
2026-03-28 10:13:09.962,3,PO,110123,1,0,687,3328.2,LT-20260328-091741
2026-03-28 10:13:10.636,3,PO,110124,1,0,672,3328.9,LT-20260328-091741
2026-03-28 10:13:11.321,3,PO,110125,1,0,684,3329.6,LT-20260328-091741
2026-03-28 10:13:12.005,3,PO,110126,1,0,683,3330.2,LT-20260328-091741
2026-03-28 10:13:12.684,3,PO,110127,1,0,676,3330.9,LT-20260328-091741
2026-03-28 10:13:13.347,3,PO,110128,1,0,662,3331.6,LT-20260328-091741
2026-03-28 10:13:14.057,3,PO,110129,1,0,709,3332.3,LT-20260328-091741
2026-03-28 10:13:15.176,3,PO,110130,1,0,1116,3333.4,LT-20260328-091741
2026-03-28 10:13:16.088,3,PO,110131,1,0,908,3334.3,LT-20260328-091741
2026-03-28 10:13:16.841,3,PO,110132,1,0,752,3335.1,LT-20260328-091741
2026-03-28 10:13:17.552,3,PO,110133,1,0,709,3335.8,LT-20260328-091741
2026-03-28 10:13:18.279,3,PO,110134,1,0,725,3336.5,LT-20260328-091741
2026-03-28 10:13:18.960,3,PO,110135,1,0,679,3337.2,LT-20260328-091741
2026-03-28 10:13:19.658,3,PO,110136,1,0,696,3337.9,LT-20260328-091741
2026-03-28 10:13:20.348,3,PO,110137,1,0,688,3338.6,LT-20260328-091741
2026-03-28 10:13:21.045,3,PO,110138,1,0,691,3339.3,LT-20260328-091741
2026-03-28 10:13:21.823,3,PO,110139,1,0,777,3340.1,LT-20260328-091741
2026-03-28 10:13:22.516,3,PO,110140,1,0,690,3340.8,LT-20260328-091741
2026-03-28 10:13:23.220,3,PO,110141,1,0,702,3341.5,LT-20260328-091741
2026-03-28 10:13:23.959,3,PO,110142,1,0,737,3342.2,LT-20260328-091741
2026-03-28 10:13:24.672,3,PO,110143,1,0,711,3342.9,LT-20260328-091741
2026-03-28 10:13:25.380,3,PO,110144,1,0,705,3343.6,LT-20260328-091741
2026-03-28 10:13:26.147,3,PO,110145,1,0,766,3344.4,LT-20260328-091741
2026-03-28 10:13:26.867,3,PO,110146,1,0,719,3345.1,LT-20260328-091741
2026-03-28 10:13:27.572,3,PO,110147,1,0,702,3345.8,LT-20260328-091741
2026-03-28 10:13:28.261,3,PO,110148,1,0,687,3346.5,LT-20260328-091741
2026-03-28 10:13:28.947,3,PO,110149,1,0,684,3347.2,LT-20260328-091741
2026-03-28 10:13:29.612,3,PO,110150,1,0,662,3347.9,LT-20260328-091741
2026-03-28 10:13:30.294,3,PO,110151,1,0,681,3348.5,LT-20260328-091741
2026-03-28 10:13:30.966,3,PO,110152,1,0,670,3349.2,LT-20260328-091741
2026-03-28 10:13:31.651,3,PO,110153,1,0,684,3349.9,LT-20260328-091741
2026-03-28 10:13:32.518,3,PO,110154,1,0,864,3350.8,LT-20260328-091741
2026-03-28 10:13:33.207,3,PO,110155,1,0,687,3351.5,LT-20260328-091741
2026-03-28 10:13:33.905,3,PO,110156,1,0,696,3352.1,LT-20260328-091741
2026-03-28 10:13:34.517,3,PO,110157,1,0,611,3352.8,LT-20260328-091741
2026-03-28 10:13:35.353,3,PO,110158,1,0,833,3353.6,LT-20260328-091741
2026-03-28 10:13:35.944,3,PO,110159,1,0,589,3354.2,LT-20260328-091741
2026-03-28 10:13:36.421,3,PO,110160,1,0,476,3354.7,LT-20260328-091741
2026-03-28 10:13:36.900,3,PO,110161,1,0,477,3355.1,LT-20260328-091741
2026-03-28 10:13:37.411,3,PO,110162,1,0,509,3355.7,LT-20260328-091741
2026-03-28 10:13:37.929,3,PO,110163,1,0,515,3356.2,LT-20260328-091741
2026-03-28 10:13:38.426,3,PO,110164,1,0,494,3356.7,LT-20260328-091741
2026-03-28 10:13:38.912,3,PO,110165,1,0,484,3357.2,LT-20260328-091741
2026-03-28 10:13:39.397,3,PO,110166,1,0,483,3357.6,LT-20260328-091741
2026-03-28 10:13:39.900,3,PO,110167,1,0,501,3358.1,LT-20260328-091741
2026-03-28 10:13:40.375,3,PO,110168,1,0,473,3358.6,LT-20260328-091741
2026-03-28 10:13:40.880,3,PO,110169,1,0,501,3359.1,LT-20260328-091741
2026-03-28 10:13:41.370,3,PO,110170,1,0,489,3359.6,LT-20260328-091741
2026-03-28 10:13:41.846,3,PO,110171,1,0,475,3360.1,LT-20260328-091741
2026-03-28 10:13:42.341,3,PO,110172,1,0,494,3360.6,LT-20260328-091741
2026-03-28 10:13:42.831,3,PO,110173,1,0,487,3361.1,LT-20260328-091741
2026-03-28 10:13:43.319,3,PO,110174,1,0,485,3361.6,LT-20260328-091741
2026-03-28 10:13:43.809,3,PO,110175,1,0,489,3362.1,LT-20260328-091741
2026-03-28 10:13:44.286,3,PO,110176,1,0,475,3362.5,LT-20260328-091741
2026-03-28 10:13:44.959,3,PO,110177,1,0,671,3363.2,LT-20260328-091741
2026-03-28 10:13:45.625,3,PO,110178,1,0,665,3363.9,LT-20260328-091741
2026-03-28 10:13:46.335,3,PO,110179,1,0,708,3364.6,LT-20260328-091741
2026-03-28 10:13:47.013,3,PO,110180,1,0,675,3365.3,LT-20260328-091741
2026-03-28 10:13:47.705,3,PO,110181,1,0,690,3365.9,LT-20260328-091741
2026-03-28 10:13:48.366,3,PO,110182,1,0,658,3366.6,LT-20260328-091741
2026-03-28 10:13:49.042,3,PO,110183,1,0,674,3367.3,LT-20260328-091741
2026-03-28 10:13:49.724,3,PO,110184,1,0,679,3368,LT-20260328-091741
2026-03-28 10:13:50.424,3,PO,110185,1,0,696,3368.7,LT-20260328-091741
2026-03-28 10:13:51.102,3,PO,110186,1,0,677,3369.3,LT-20260328-091741
2026-03-28 10:13:51.756,3,PO,110187,1,0,652,3370,LT-20260328-091741
2026-03-28 10:13:52.467,3,PO,110188,1,0,710,3370.7,LT-20260328-091741
2026-03-28 10:13:53.145,3,PO,110189,1,0,676,3371.4,LT-20260328-091741
2026-03-28 10:13:53.812,3,PO,110190,1,0,665,3372.1,LT-20260328-091741
2026-03-28 10:13:54.502,3,PO,110191,1,0,688,3372.7,LT-20260328-091741
2026-03-28 10:13:55.002,3,PO,110192,1,0,499,3373.2,LT-20260328-091741
2026-03-28 10:13:55.497,3,PO,110193,1,0,495,3373.7,LT-20260328-091741
2026-03-28 10:13:55.994,3,PO,110194,1,0,495,3374.2,LT-20260328-091741
2026-03-28 10:13:56.474,3,PO,110195,1,0,478,3374.7,LT-20260328-091741
2026-03-28 10:13:57.000,3,PO,110196,1,0,524,3375.2,LT-20260328-091741
2026-03-28 10:13:57.502,3,PO,110197,1,0,500,3375.7,LT-20260328-091741
2026-03-28 10:13:58.017,3,PO,110198,1,0,514,3376.3,LT-20260328-091741
2026-03-28 10:13:58.584,3,PO,110199,1,0,565,3376.8,LT-20260328-091741
2026-03-28 10:13:59.235,3,PO,110200,1,0,650,3377.5,LT-20260328-091741
2026-03-28 10:13:59.801,3,PO,110201,1,0,564,3378,LT-20260328-091741
2026-03-28 10:14:00.307,3,PO,110202,1,0,505,3378.6,LT-20260328-091741
2026-03-28 10:14:00.835,3,PO,110203,1,0,527,3379.1,LT-20260328-091741
2026-03-28 10:14:01.329,3,PO,110204,1,0,492,3379.6,LT-20260328-091741
2026-03-28 10:14:01.829,3,PO,110205,1,0,498,3380.1,LT-20260328-091741
2026-03-28 10:14:02.324,3,PO,110206,1,0,494,3380.6,LT-20260328-091741
2026-03-28 10:14:02.849,3,PO,110207,1,0,524,3381.1,LT-20260328-091741
2026-03-28 10:14:03.368,3,PO,110208,1,0,517,3381.6,LT-20260328-091741
2026-03-28 10:14:03.850,3,PO,110209,1,0,480,3382.1,LT-20260328-091741
2026-03-28 10:14:04.351,3,PO,110210,1,0,499,3382.6,LT-20260328-091741
2026-03-28 10:14:05.028,3,PO,110211,1,0,676,3383.3,LT-20260328-091741
2026-03-28 10:14:05.749,3,PO,110212,1,0,719,3384,LT-20260328-091741
2026-03-28 10:14:06.454,3,PO,110213,1,0,703,3384.7,LT-20260328-091741
2026-03-28 10:14:07.201,3,PO,110214,1,0,746,3385.4,LT-20260328-091741
2026-03-28 10:14:07.906,3,PO,110215,1,0,703,3386.2,LT-20260328-091741
2026-03-28 10:14:08.604,3,PO,110216,1,0,696,3386.8,LT-20260328-091741
2026-03-28 10:14:09.297,3,PO,110217,1,0,692,3387.5,LT-20260328-091741
2026-03-28 10:14:09.976,3,PO,110218,1,0,677,3388.2,LT-20260328-091741
2026-03-28 10:14:10.673,3,PO,110219,1,0,695,3388.9,LT-20260328-091741
2026-03-28 10:14:11.376,3,PO,110220,1,0,701,3389.6,LT-20260328-091741
2026-03-28 10:14:12.143,3,PO,110221,1,0,763,3390.4,LT-20260328-091741
2026-03-28 10:14:12.827,3,PO,110222,1,0,680,3391.1,LT-20260328-091741
2026-03-28 10:14:13.498,3,PO,110223,1,0,669,3391.7,LT-20260328-091741
2026-03-28 10:14:14.254,3,PO,110224,1,0,751,3392.5,LT-20260328-091741
2026-03-28 10:14:14.919,3,PO,110225,1,0,663,3393.2,LT-20260328-091741
2026-03-28 10:14:15.605,3,PO,110226,1,0,685,3393.8,LT-20260328-091741
2026-03-28 10:14:16.295,3,PO,110227,1,0,689,3394.5,LT-20260328-091741
2026-03-28 10:14:16.987,3,PO,110228,1,0,690,3395.2,LT-20260328-091741
2026-03-28 10:14:17.653,3,PO,110229,1,0,665,3395.9,LT-20260328-091741
2026-03-28 10:14:18.320,3,PO,110230,1,0,665,3396.6,LT-20260328-091741
2026-03-28 10:14:18.986,3,PO,110231,1,0,665,3397.2,LT-20260328-091741
2026-03-28 10:14:19.678,3,PO,110232,1,0,689,3397.9,LT-20260328-091741
2026-03-28 10:14:20.410,3,PO,110233,1,0,729,3398.7,LT-20260328-091741
2026-03-28 10:14:21.115,3,PO,110234,1,0,701,3399.4,LT-20260328-091741
2026-03-28 10:14:21.855,3,PO,110235,1,0,739,3400.1,LT-20260328-091741
2026-03-28 10:14:22.550,3,PO,110236,1,0,691,3400.8,LT-20260328-091741
2026-03-28 10:14:23.289,3,PO,110237,1,0,738,3401.5,LT-20260328-091741
2026-03-28 10:14:23.974,3,PO,110238,1,0,683,3402.2,LT-20260328-091741
2026-03-28 10:14:24.688,3,PO,110239,1,0,713,3402.9,LT-20260328-091741
2026-03-28 10:14:25.395,3,PO,110240,1,0,705,3403.6,LT-20260328-091741
2026-03-28 10:14:26.110,3,PO,110241,1,0,714,3404.4,LT-20260328-091741
2026-03-28 10:14:26.865,3,PO,110242,1,0,754,3405.1,LT-20260328-091741
2026-03-28 10:14:27.541,3,PO,110243,1,0,672,3405.8,LT-20260328-091741
2026-03-28 10:14:28.224,3,PO,110244,1,0,680,3406.5,LT-20260328-091741
2026-03-28 10:14:28.899,3,PO,110245,1,0,673,3407.1,LT-20260328-091741
2026-03-28 10:14:29.563,3,PO,110246,1,0,662,3407.8,LT-20260328-091741
2026-03-28 10:14:30.252,3,PO,110247,1,0,686,3408.5,LT-20260328-091741
2026-03-28 10:14:30.934,3,PO,110248,1,0,680,3409.2,LT-20260328-091741
2026-03-28 10:14:31.626,3,PO,110249,1,0,691,3409.9,LT-20260328-091741
2026-03-28 10:14:32.301,3,PO,110250,1,0,673,3410.5,LT-20260328-091741
2026-03-28 10:14:32.987,3,PO,110251,1,0,685,3411.2,LT-20260328-091741
2026-03-28 10:14:33.669,3,PO,110252,1,0,680,3411.9,LT-20260328-091741
2026-03-28 10:14:34.378,3,PO,110253,1,0,705,3412.6,LT-20260328-091741
2026-03-28 10:14:35.046,3,PO,110254,1,0,665,3413.3,LT-20260328-091741
2026-03-28 10:14:35.745,3,PO,110255,1,0,698,3414,LT-20260328-091741
2026-03-28 10:14:36.489,3,PO,110256,1,0,742,3414.7,LT-20260328-091741
2026-03-28 10:14:37.151,3,PO,110257,1,0,660,3415.4,LT-20260328-091741
2026-03-28 10:14:37.845,3,PO,110258,1,0,691,3416.1,LT-20260328-091741
2026-03-28 10:14:38.520,3,PO,110259,1,0,673,3416.8,LT-20260328-091741
2026-03-28 10:14:39.215,3,PO,110260,1,0,693,3417.5,LT-20260328-091741
2026-03-28 10:14:39.880,3,PO,110261,1,0,663,3418.1,LT-20260328-091741
2026-03-28 10:14:40.546,3,PO,110262,1,0,664,3418.8,LT-20260328-091741
2026-03-28 10:14:41.237,3,PO,110263,1,0,690,3419.5,LT-20260328-091741
2026-03-28 10:14:41.936,3,PO,110264,1,0,696,3420.2,LT-20260328-091741
2026-03-28 10:14:42.602,3,PO,110265,1,0,665,3420.8,LT-20260328-091741
2026-03-28 10:14:43.273,3,PO,110266,1,0,670,3421.5,LT-20260328-091741
2026-03-28 10:14:43.941,3,PO,110267,1,0,666,3422.2,LT-20260328-091741
2026-03-28 10:14:44.534,3,PO,110268,1,0,591,3422.8,LT-20260328-091741
2026-03-28 10:14:45.021,3,PO,110269,1,0,484,3423.3,LT-20260328-091741
2026-03-28 10:14:45.519,3,PO,110270,1,0,497,3423.8,LT-20260328-091741
2026-03-28 10:14:46.054,3,PO,110271,1,0,533,3424.3,LT-20260328-091741
2026-03-28 10:14:46.551,3,PO,110272,1,0,495,3424.8,LT-20260328-091741
2026-03-28 10:14:47.025,3,PO,110273,1,0,472,3425.3,LT-20260328-091741
2026-03-28 10:14:47.514,3,PO,110274,1,0,486,3425.8,LT-20260328-091741
2026-03-28 10:14:48.000,3,PO,110275,1,0,484,3426.2,LT-20260328-091741
2026-03-28 10:14:48.578,3,PO,110276,1,0,575,3426.8,LT-20260328-091741
2026-03-28 10:14:49.092,3,PO,110277,1,0,513,3427.3,LT-20260328-091741
2026-03-28 10:14:49.565,3,PO,110278,1,0,471,3427.8,LT-20260328-091741
2026-03-28 10:14:50.084,3,PO,110279,1,0,516,3428.3,LT-20260328-091741
2026-03-28 10:14:50.591,3,PO,110280,1,0,506,3428.8,LT-20260328-091741
2026-03-28 10:14:51.104,3,PO,110281,1,0,511,3429.3,LT-20260328-091741
2026-03-28 10:14:51.604,3,PO,110282,1,0,498,3429.8,LT-20260328-091741
2026-03-28 10:14:52.086,3,PO,110283,1,0,480,3430.3,LT-20260328-091741
2026-03-28 10:14:52.605,3,PO,110284,1,0,517,3430.9,LT-20260328-091741
2026-03-28 10:14:53.135,3,PO,110285,1,0,528,3431.4,LT-20260328-091741
2026-03-28 10:14:53.670,3,PO,110286,1,0,532,3431.9,LT-20260328-091741
2026-03-28 10:14:54.167,3,PO,110287,1,0,494,3432.4,LT-20260328-091741
2026-03-28 10:14:54.884,3,PO,110288,1,0,714,3433.1,LT-20260328-091741
2026-03-28 10:14:55.582,3,PO,110289,1,0,694,3433.8,LT-20260328-091741
2026-03-28 10:14:56.301,3,PO,110290,1,0,715,3434.5,LT-20260328-091741
2026-03-28 10:14:57.023,3,PO,110291,1,0,719,3435.3,LT-20260328-091741
2026-03-28 10:14:57.757,3,PO,110292,1,0,731,3436,LT-20260328-091741
2026-03-28 10:14:58.466,3,PO,110293,1,0,705,3436.7,LT-20260328-091741
2026-03-28 10:14:59.172,3,PO,110294,1,0,702,3437.4,LT-20260328-091741
2026-03-28 10:14:59.871,3,PO,110295,1,0,696,3438.1,LT-20260328-091741
2026-03-28 10:15:00.598,3,PO,110296,1,0,724,3438.8,LT-20260328-091741
2026-03-28 10:15:01.342,3,PO,110297,1,0,742,3439.6,LT-20260328-091741
2026-03-28 10:15:02.075,3,PO,110298,1,0,728,3440.3,LT-20260328-091741
2026-03-28 10:15:02.807,3,PO,110299,1,0,728,3441.1,LT-20260328-091741
2026-03-28 10:15:03.502,3,PO,110300,1,0,691,3441.7,LT-20260328-091741
2026-03-28 10:15:04.205,3,PO,110301,1,0,701,3442.4,LT-20260328-091741
2026-03-28 10:15:04.748,3,PO,110302,1,0,541,3443,LT-20260328-091741
2026-03-28 10:15:05.268,3,PO,110303,1,0,517,3443.5,LT-20260328-091741
2026-03-28 10:15:05.796,3,PO,110304,1,0,523,3444,LT-20260328-091741
2026-03-28 10:15:06.340,3,PO,110305,1,0,540,3444.6,LT-20260328-091741
2026-03-28 10:15:06.864,3,PO,110306,1,0,521,3445.1,LT-20260328-091741
2026-03-28 10:15:07.385,3,PO,110307,1,0,518,3445.6,LT-20260328-091741
2026-03-28 10:15:07.900,3,PO,110308,1,0,510,3446.1,LT-20260328-091741
2026-03-28 10:15:08.434,3,PO,110309,1,0,531,3446.7,LT-20260328-091741
2026-03-28 10:15:08.983,3,PO,110310,1,0,544,3447.2,LT-20260328-091741
2026-03-28 10:15:09.501,3,PO,110311,1,0,514,3447.7,LT-20260328-091741
2026-03-28 10:15:10.043,3,PO,110312,1,0,539,3448.3,LT-20260328-091741
2026-03-28 10:15:10.583,3,PO,110313,1,0,536,3448.8,LT-20260328-091741
2026-03-28 10:15:11.104,3,PO,110314,1,0,517,3449.3,LT-20260328-091741
2026-03-28 10:15:12.082,3,PO,110315,1,0,975,3450.3,LT-20260328-091741
2026-03-28 10:15:12.810,3,PO,110316,1,0,723,3451.1,LT-20260328-091741
2026-03-28 10:15:13.396,3,PO,110317,1,0,583,3451.6,LT-20260328-091741
2026-03-28 10:15:13.895,3,PO,110318,1,0,496,3452.1,LT-20260328-091741
2026-03-28 10:15:14.494,3,PO,110319,1,0,596,3452.7,LT-20260328-091741
2026-03-28 10:15:15.224,3,PO,110320,1,0,728,3453.5,LT-20260328-091741
2026-03-28 10:15:15.930,3,PO,110321,1,0,703,3454.2,LT-20260328-091741
2026-03-28 10:15:16.644,3,PO,110322,1,0,712,3454.9,LT-20260328-091741
2026-03-28 10:15:17.387,3,PO,110323,1,0,741,3455.6,LT-20260328-091741
2026-03-28 10:15:18.099,3,PO,110324,1,0,708,3456.3,LT-20260328-091741
2026-03-28 10:15:18.840,3,PO,110325,1,0,739,3457.1,LT-20260328-091741
2026-03-28 10:15:19.585,3,PO,110326,1,0,741,3457.8,LT-20260328-091741
2026-03-28 10:15:20.322,3,PO,110327,1,0,733,3458.6,LT-20260328-091741
2026-03-28 10:15:21.089,3,PO,110328,1,0,764,3459.3,LT-20260328-091741
2026-03-28 10:15:21.877,3,PO,110329,1,0,784,3460.1,LT-20260328-091741
2026-03-28 10:15:22.775,3,PO,110330,1,0,896,3461,LT-20260328-091741
2026-03-28 10:15:23.476,3,PO,110331,1,0,699,3461.7,LT-20260328-091741
2026-03-28 10:15:24.243,3,PO,110332,1,0,761,3462.5,LT-20260328-091741
2026-03-28 10:15:24.957,3,PO,110333,1,0,710,3463.2,LT-20260328-091741
2026-03-28 10:15:25.653,3,PO,110334,1,0,692,3463.9,LT-20260328-091741
2026-03-28 10:15:26.372,3,PO,110335,1,0,717,3464.6,LT-20260328-091741
2026-03-28 10:15:27.093,3,PO,110336,1,0,717,3465.3,LT-20260328-091741
2026-03-28 10:15:27.770,3,PO,110337,1,0,674,3466,LT-20260328-091741
2026-03-28 10:15:28.474,3,PO,110338,1,0,703,3466.7,LT-20260328-091741
2026-03-28 10:15:29.162,3,PO,110339,1,0,686,3467.4,LT-20260328-091741
2026-03-28 10:15:29.845,3,PO,110340,1,0,679,3468.1,LT-20260328-091741
2026-03-28 10:15:30.530,3,PO,110341,1,0,683,3468.8,LT-20260328-091741
2026-03-28 10:15:31.273,3,PO,110342,1,0,741,3469.5,LT-20260328-091741
2026-03-28 10:15:31.965,3,PO,110343,1,0,691,3470.2,LT-20260328-091741
2026-03-28 10:15:32.641,3,PO,110344,1,0,674,3470.9,LT-20260328-091741
2026-03-28 10:15:33.377,3,PO,110345,1,0,733,3471.6,LT-20260328-091741
2026-03-28 10:15:34.071,3,PO,110346,1,0,690,3472.3,LT-20260328-091741
2026-03-28 10:15:34.756,3,PO,110347,1,0,683,3473,LT-20260328-091741
2026-03-28 10:15:35.447,3,PO,110348,1,0,689,3473.7,LT-20260328-091741
2026-03-28 10:15:36.129,3,PO,110349,1,0,679,3474.4,LT-20260328-091741
2026-03-28 10:15:36.812,3,PO,110350,1,0,681,3475.1,LT-20260328-091741
2026-03-28 10:15:37.495,3,PO,110351,1,0,680,3475.7,LT-20260328-091741
2026-03-28 10:15:38.175,3,PO,110352,1,0,678,3476.4,LT-20260328-091741
2026-03-28 10:15:38.875,3,PO,110353,1,0,698,3477.1,LT-20260328-091741
2026-03-28 10:15:39.604,3,PO,110354,1,0,727,3477.8,LT-20260328-091741
2026-03-28 10:15:40.328,3,PO,110355,1,0,721,3478.6,LT-20260328-091741
2026-03-28 10:15:41.059,3,PO,110356,1,0,728,3479.3,LT-20260328-091741
2026-03-28 10:15:41.802,3,PO,110357,1,0,737,3480,LT-20260328-091741
2026-03-28 10:15:42.511,3,PO,110358,1,0,707,3480.8,LT-20260328-091741
2026-03-28 10:15:43.241,3,PO,110359,1,0,727,3481.5,LT-20260328-091741
2026-03-28 10:15:43.970,3,PO,110360,1,0,727,3482.2,LT-20260328-091741
2026-03-28 10:15:44.569,3,PO,110361,1,0,597,3482.8,LT-20260328-091741
2026-03-28 10:15:45.106,3,PO,110362,1,0,535,3483.4,LT-20260328-091741
2026-03-28 10:15:45.596,3,PO,110363,1,0,488,3483.8,LT-20260328-091741
2026-03-28 10:15:46.091,3,PO,110364,1,0,493,3484.3,LT-20260328-091741
2026-03-28 10:15:46.631,3,PO,110365,1,0,539,3484.9,LT-20260328-091741
2026-03-28 10:15:47.130,3,PO,110366,1,0,496,3485.4,LT-20260328-091741
2026-03-28 10:15:47.655,3,PO,110367,1,0,523,3485.9,LT-20260328-091741
2026-03-28 10:15:48.129,3,PO,110368,1,0,472,3486.4,LT-20260328-091741
2026-03-28 10:15:48.607,3,PO,110369,1,0,476,3486.9,LT-20260328-091741
2026-03-28 10:15:49.098,3,PO,110370,1,0,488,3487.3,LT-20260328-091741
2026-03-28 10:15:49.607,3,PO,110371,1,0,508,3487.9,LT-20260328-091741
2026-03-28 10:15:50.132,3,PO,110372,1,0,524,3488.4,LT-20260328-091741
2026-03-28 10:15:50.646,3,PO,110373,1,0,512,3488.9,LT-20260328-091741
2026-03-28 10:15:51.188,3,PO,110374,1,0,540,3489.4,LT-20260328-091741
2026-03-28 10:15:51.673,3,PO,110375,1,0,483,3489.9,LT-20260328-091741
2026-03-28 10:15:52.151,3,PO,110376,1,0,477,3490.4,LT-20260328-091741
2026-03-28 10:15:52.678,3,PO,110377,1,0,525,3490.9,LT-20260328-091741
2026-03-28 10:15:53.184,3,PO,110378,1,0,503,3491.4,LT-20260328-091741
2026-03-28 10:15:53.652,3,PO,110379,1,0,466,3491.9,LT-20260328-091741
2026-03-28 10:15:54.144,3,PO,110380,1,0,491,3492.4,LT-20260328-091741
2026-03-28 10:15:54.773,3,PO,110381,1,0,627,3493,LT-20260328-091741
2026-03-28 10:15:55.455,3,PO,110382,1,0,681,3493.7,LT-20260328-091741
2026-03-28 10:15:56.134,3,PO,110383,1,0,677,3494.4,LT-20260328-091741
2026-03-28 10:15:56.849,3,PO,110384,1,0,713,3495.1,LT-20260328-091741
2026-03-28 10:15:57.543,3,PO,110385,1,0,692,3495.8,LT-20260328-091741
2026-03-28 10:15:58.219,3,PO,110386,1,0,675,3496.5,LT-20260328-091741
2026-03-28 10:15:58.888,3,PO,110387,1,0,667,3497.1,LT-20260328-091741
2026-03-28 10:15:59.583,3,PO,110388,1,0,693,3497.8,LT-20260328-091741
2026-03-28 10:16:00.261,3,PO,110389,1,0,677,3498.5,LT-20260328-091741
2026-03-28 10:16:00.975,3,PO,110390,1,0,712,3499.2,LT-20260328-091741
2026-03-28 10:16:01.646,3,PO,110391,1,0,669,3499.9,LT-20260328-091741
2026-03-28 10:16:02.356,3,PO,110392,1,0,708,3500.6,LT-20260328-091741
2026-03-28 10:16:03.035,3,PO,110393,1,0,678,3501.3,LT-20260328-091741
2026-03-28 10:16:03.736,3,PO,110394,1,0,699,3502,LT-20260328-091741
2026-03-28 10:16:04.353,3,PO,110395,1,0,615,3502.6,LT-20260328-091741
2026-03-28 10:16:04.841,3,PO,110396,1,0,485,3503.1,LT-20260328-091741
2026-03-28 10:16:05.379,3,PO,110397,1,0,535,3503.6,LT-20260328-091741
2026-03-28 10:16:05.869,3,PO,110398,1,0,488,3504.1,LT-20260328-091741
2026-03-28 10:16:06.377,3,PO,110399,1,0,506,3504.6,LT-20260328-091741
2026-03-28 10:16:06.878,3,PO,110400,1,0,497,3505.1,LT-20260328-091741
2026-03-28 10:16:07.366,3,PO,110401,1,0,486,3505.6,LT-20260328-091741
2026-03-28 10:16:07.845,3,PO,110402,1,0,478,3506.1,LT-20260328-091741
2026-03-28 10:16:08.337,3,PO,110403,1,0,490,3506.6,LT-20260328-091741
2026-03-28 10:16:08.817,3,PO,110404,1,0,477,3507.1,LT-20260328-091741
2026-03-28 10:16:09.309,3,PO,110405,1,0,490,3507.6,LT-20260328-091741
2026-03-28 10:16:09.791,3,PO,110406,1,0,480,3508,LT-20260328-091741
2026-03-28 10:16:10.293,3,PO,110407,1,0,499,3508.5,LT-20260328-091741
2026-03-28 10:16:10.764,3,PO,110408,1,0,468,3509,LT-20260328-091741
2026-03-28 10:16:11.283,3,PO,110409,1,0,516,3509.5,LT-20260328-091741
2026-03-28 10:16:11.767,3,PO,110410,1,0,483,3510,LT-20260328-091741
2026-03-28 10:16:12.258,3,PO,110411,1,0,489,3510.5,LT-20260328-091741
2026-03-28 10:16:12.746,3,PO,110412,1,0,486,3511,LT-20260328-091741
2026-03-28 10:16:13.281,3,PO,110413,1,0,533,3511.5,LT-20260328-091741
2026-03-28 10:16:13.805,3,PO,110414,1,0,522,3512,LT-20260328-091741
2026-03-28 10:16:14.399,3,PO,110415,1,0,593,3512.6,LT-20260328-091741
2026-03-28 10:16:15.079,3,PO,110416,1,0,679,3513.3,LT-20260328-091741
2026-03-28 10:16:15.765,3,PO,110417,1,0,684,3514,LT-20260328-091741
2026-03-28 10:16:16.526,3,PO,110418,1,0,759,3514.8,LT-20260328-091741
2026-03-28 10:16:17.213,3,PO,110419,1,0,686,3515.5,LT-20260328-091741
2026-03-28 10:16:18.005,3,PO,110420,1,0,790,3516.2,LT-20260328-091741
2026-03-28 10:16:18.716,3,PO,110421,1,0,709,3517,LT-20260328-091741
2026-03-28 10:16:19.387,3,PO,110422,1,0,670,3517.6,LT-20260328-091741
2026-03-28 10:16:20.074,3,PO,110423,1,0,685,3518.3,LT-20260328-091741
2026-03-28 10:16:20.739,3,PO,110424,1,0,663,3519,LT-20260328-091741
2026-03-28 10:16:21.419,3,PO,110425,1,0,678,3519.7,LT-20260328-091741
2026-03-28 10:16:22.105,3,PO,110426,1,0,684,3520.3,LT-20260328-091741
2026-03-28 10:16:22.799,3,PO,110427,1,0,692,3521,LT-20260328-091741
2026-03-28 10:16:23.463,3,PO,110428,1,0,663,3521.7,LT-20260328-091741
2026-03-28 10:16:24.121,3,PO,110429,1,0,656,3522.4,LT-20260328-091741
2026-03-28 10:16:24.698,3,PO,110430,1,0,575,3522.9,LT-20260328-091741
2026-03-28 10:16:25.208,3,PO,110431,1,0,509,3523.5,LT-20260328-091741
2026-03-28 10:16:25.705,3,PO,110432,1,0,495,3524,LT-20260328-091741
2026-03-28 10:16:26.171,3,PO,110433,1,0,465,3524.4,LT-20260328-091741
2026-03-28 10:16:26.657,3,PO,110434,1,0,483,3524.9,LT-20260328-091741
2026-03-28 10:16:27.143,3,PO,110435,1,0,485,3525.4,LT-20260328-091741
2026-03-28 10:16:27.663,3,PO,110436,1,0,517,3525.9,LT-20260328-091741
2026-03-28 10:16:28.154,3,PO,110437,1,0,489,3526.4,LT-20260328-091741
2026-03-28 10:16:28.648,3,PO,110438,1,0,492,3526.9,LT-20260328-091741
2026-03-28 10:16:29.135,3,PO,110439,1,0,485,3527.4,LT-20260328-091741
2026-03-28 10:16:29.627,3,PO,110440,1,0,490,3527.9,LT-20260328-091741
2026-03-28 10:16:30.106,3,PO,110441,1,0,477,3528.4,LT-20260328-091741
2026-03-28 10:16:30.589,3,PO,110442,1,0,481,3528.8,LT-20260328-091741
2026-03-28 10:16:31.083,3,PO,110443,1,0,493,3529.3,LT-20260328-091741
2026-03-28 10:16:31.585,3,PO,110444,1,0,500,3529.8,LT-20260328-091741
2026-03-28 10:16:32.101,3,PO,110445,1,0,514,3530.3,LT-20260328-091741
2026-03-28 10:16:32.592,3,PO,110446,1,0,489,3530.8,LT-20260328-091741
2026-03-28 10:16:33.068,3,PO,110447,1,0,475,3531.3,LT-20260328-091741
2026-03-28 10:16:33.568,3,PO,110448,1,0,498,3531.8,LT-20260328-091741
2026-03-28 10:16:34.060,3,PO,110449,1,0,491,3532.3,LT-20260328-091741
2026-03-28 10:16:34.663,3,PO,110450,1,0,600,3532.9,LT-20260328-091741
2026-03-28 10:16:35.329,3,PO,110451,1,0,664,3533.6,LT-20260328-091741
2026-03-28 10:16:35.992,3,PO,110452,1,0,661,3534.2,LT-20260328-091741
2026-03-28 10:16:36.671,3,PO,110453,1,0,678,3534.9,LT-20260328-091741
2026-03-28 10:16:37.371,3,PO,110454,1,0,698,3535.6,LT-20260328-091741
2026-03-28 10:16:38.068,3,PO,110455,1,0,695,3536.3,LT-20260328-091741
2026-03-28 10:16:38.800,3,PO,110456,1,0,730,3537,LT-20260328-091741
2026-03-28 10:16:39.454,3,PO,110457,1,0,652,3537.7,LT-20260328-091741
2026-03-28 10:16:40.122,3,PO,110458,1,0,666,3538.4,LT-20260328-091741
2026-03-28 10:16:40.802,3,PO,110459,1,0,678,3539,LT-20260328-091741
2026-03-28 10:16:41.462,3,PO,110460,1,0,658,3539.7,LT-20260328-091741
2026-03-28 10:16:42.121,3,PO,110461,1,0,657,3540.4,LT-20260328-091741
2026-03-28 10:16:42.783,3,PO,110462,1,0,660,3541,LT-20260328-091741
2026-03-28 10:16:43.492,3,PO,110463,1,0,707,3541.7,LT-20260328-091741
2026-03-28 10:16:44.184,3,PO,110464,1,0,690,3542.4,LT-20260328-091741
2026-03-28 10:16:44.911,3,PO,110465,1,0,725,3543.2,LT-20260328-091741
2026-03-28 10:16:45.591,3,PO,110466,1,0,678,3543.8,LT-20260328-091741
2026-03-28 10:16:46.269,3,PO,110467,1,0,677,3544.5,LT-20260328-091741
2026-03-28 10:16:46.979,3,PO,110468,1,0,708,3545.2,LT-20260328-091741
2026-03-28 10:16:47.645,3,PO,110469,1,0,664,3545.9,LT-20260328-091741
2026-03-28 10:16:48.320,3,PO,110470,1,0,672,3546.6,LT-20260328-091741
2026-03-28 10:16:49.052,3,PO,110471,1,0,731,3547.3,LT-20260328-091741
2026-03-28 10:16:49.764,3,PO,110472,1,0,710,3548,LT-20260328-091741
2026-03-28 10:16:50.454,3,PO,110473,1,0,687,3548.7,LT-20260328-091741
2026-03-28 10:16:51.182,3,PO,110474,1,0,726,3549.4,LT-20260328-091741
2026-03-28 10:16:51.875,3,PO,110475,1,0,691,3550.1,LT-20260328-091741
2026-03-28 10:16:52.573,3,PO,110476,1,0,694,3550.8,LT-20260328-091741
2026-03-28 10:16:53.280,3,PO,110477,1,0,706,3551.5,LT-20260328-091741
2026-03-28 10:16:53.959,3,PO,110478,1,0,677,3552.2,LT-20260328-091741
2026-03-28 10:16:54.544,3,PO,110479,1,0,582,3552.8,LT-20260328-091741
2026-03-28 10:16:55.056,3,PO,110480,1,0,510,3553.3,LT-20260328-091741
2026-03-28 10:16:55.558,3,PO,110481,1,0,499,3553.8,LT-20260328-091741
2026-03-28 10:16:56.031,3,PO,110482,1,0,471,3554.3,LT-20260328-091741
2026-03-28 10:16:56.565,3,PO,110483,1,0,532,3554.8,LT-20260328-091741
2026-03-28 10:16:57.080,3,PO,110484,1,0,514,3555.3,LT-20260328-091741
2026-03-28 10:16:57.588,3,PO,110485,1,0,506,3555.8,LT-20260328-091741
2026-03-28 10:16:58.089,3,PO,110486,1,0,499,3556.3,LT-20260328-091741
2026-03-28 10:16:58.563,3,PO,110487,1,0,472,3556.8,LT-20260328-091741
2026-03-28 10:16:59.062,3,PO,110488,1,0,497,3557.3,LT-20260328-091741
2026-03-28 10:16:59.554,3,PO,110489,1,0,490,3557.8,LT-20260328-091741
2026-03-28 10:17:00.039,3,PO,110490,1,0,484,3558.3,LT-20260328-091741
2026-03-28 10:17:00.524,3,PO,110491,1,0,483,3558.8,LT-20260328-091741
2026-03-28 10:17:01.084,3,PO,110492,1,0,558,3559.3,LT-20260328-091741
2026-03-28 10:17:01.565,3,PO,110493,1,0,479,3559.8,LT-20260328-091741
2026-03-28 10:17:02.064,3,PO,110494,1,0,497,3560.3,LT-20260328-091741
2026-03-28 10:17:02.606,3,PO,110495,1,0,540,3560.9,LT-20260328-091741
2026-03-28 10:17:03.157,3,PO,110496,1,0,549,3561.4,LT-20260328-091741
2026-03-28 10:17:03.639,3,PO,110497,1,0,480,3561.9,LT-20260328-091741
2026-03-28 10:17:04.157,3,PO,110498,1,0,517,3562.4,LT-20260328-091741
2026-03-28 10:17:04.864,3,PO,110499,1,0,706,3563.1,LT-20260328-091741
2026-03-28 10:17:05.533,3,PO,110500,1,0,666,3563.8,LT-20260328-091741
2026-03-28 10:17:06.226,3,PO,110501,1,0,691,3564.5,LT-20260328-091741
2026-03-28 10:17:06.930,3,PO,110502,1,0,702,3565.2,LT-20260328-091741
2026-03-28 10:17:07.599,3,PO,110503,1,0,668,3565.8,LT-20260328-091741
2026-03-28 10:17:08.271,3,PO,110504,1,0,670,3566.5,LT-20260328-091741
2026-03-28 10:17:08.954,3,PO,110505,1,0,681,3567.2,LT-20260328-091741
2026-03-28 10:17:09.655,3,PO,110506,1,0,700,3567.9,LT-20260328-091741
2026-03-28 10:17:10.366,3,PO,110507,1,0,709,3568.6,LT-20260328-091741
2026-03-28 10:17:11.054,3,PO,110508,1,0,687,3569.3,LT-20260328-091741
2026-03-28 10:17:11.766,3,PO,110509,1,0,710,3570,LT-20260328-091741
2026-03-28 10:17:12.427,3,PO,110510,1,0,659,3570.7,LT-20260328-091741
2026-03-28 10:17:13.115,3,PO,110511,1,0,686,3571.4,LT-20260328-091741
2026-03-28 10:17:13.787,3,PO,110512,1,0,670,3572,LT-20260328-091741
2026-03-28 10:17:14.515,3,PO,110513,1,0,726,3572.8,LT-20260328-091741
2026-03-28 10:17:15.202,3,PO,110514,1,0,686,3573.4,LT-20260328-091741
2026-03-28 10:17:15.889,3,PO,110515,1,0,685,3574.1,LT-20260328-091741
2026-03-28 10:17:16.594,3,PO,110516,1,0,703,3574.8,LT-20260328-091741
2026-03-28 10:17:17.282,3,PO,110517,1,0,686,3575.5,LT-20260328-091741
2026-03-28 10:17:17.986,3,PO,110518,1,0,702,3576.2,LT-20260328-091741
2026-03-28 10:17:18.659,3,PO,110519,1,0,672,3576.9,LT-20260328-091741
2026-03-28 10:17:19.328,3,PO,110520,1,0,667,3577.6,LT-20260328-091741
2026-03-28 10:17:20.003,3,PO,110521,1,0,673,3578.2,LT-20260328-091741
2026-03-28 10:17:20.696,3,PO,110522,1,0,691,3578.9,LT-20260328-091741
2026-03-28 10:17:21.389,3,PO,110523,1,0,692,3579.6,LT-20260328-091741
2026-03-28 10:17:22.078,3,PO,110524,1,0,686,3580.3,LT-20260328-091741
2026-03-28 10:17:22.733,3,PO,110525,1,0,653,3581,LT-20260328-091741
2026-03-28 10:17:23.399,3,PO,110526,1,0,664,3581.6,LT-20260328-091741
2026-03-28 10:17:24.058,3,PO,110527,1,0,658,3582.3,LT-20260328-091741
2026-03-28 10:17:24.616,3,PO,110528,1,0,556,3582.9,LT-20260328-091741
2026-03-28 10:17:25.097,3,PO,110529,1,0,479,3583.3,LT-20260328-091741
2026-03-28 10:17:25.595,3,PO,110530,1,0,496,3583.8,LT-20260328-091741
2026-03-28 10:17:26.064,3,PO,110531,1,0,467,3584.3,LT-20260328-091741
2026-03-28 10:17:26.564,3,PO,110532,1,0,498,3584.8,LT-20260328-091741
2026-03-28 10:17:27.048,3,PO,110533,1,0,483,3585.3,LT-20260328-091741
2026-03-28 10:17:27.531,3,PO,110534,1,0,481,3585.8,LT-20260328-091741
2026-03-28 10:17:28.026,3,PO,110535,1,0,494,3586.3,LT-20260328-091741
2026-03-28 10:17:28.492,3,PO,110536,1,0,464,3586.7,LT-20260328-091741
2026-03-28 10:17:28.969,3,PO,110537,1,0,475,3587.2,LT-20260328-091741
2026-03-28 10:17:29.456,3,PO,110538,1,0,485,3587.7,LT-20260328-091741
2026-03-28 10:17:29.941,3,PO,110539,1,0,483,3588.2,LT-20260328-091741
2026-03-28 10:17:30.427,3,PO,110540,1,0,485,3588.7,LT-20260328-091741
2026-03-28 10:17:30.916,3,PO,110541,1,0,486,3589.2,LT-20260328-091741
2026-03-28 10:17:31.406,3,PO,110542,1,0,489,3589.7,LT-20260328-091741
2026-03-28 10:17:31.904,3,PO,110543,1,0,496,3590.1,LT-20260328-091741
2026-03-28 10:17:32.399,3,PO,110544,1,0,493,3590.6,LT-20260328-091741
2026-03-28 10:17:32.866,3,PO,110545,1,0,466,3591.1,LT-20260328-091741
2026-03-28 10:17:33.369,3,PO,110546,1,0,502,3591.6,LT-20260328-091741
2026-03-28 10:17:33.870,3,PO,110547,1,0,500,3592.1,LT-20260328-091741
2026-03-28 10:17:34.358,3,PO,110548,1,0,486,3592.6,LT-20260328-091741
2026-03-28 10:17:34.863,3,PO,110549,1,0,503,3593.1,LT-20260328-091741
2026-03-28 10:17:35.347,3,PO,110550,1,0,482,3593.6,LT-20260328-091741
2026-03-28 10:17:35.851,3,PO,110551,1,0,502,3594.1,LT-20260328-091741
2026-03-28 10:17:36.339,3,PO,110552,1,0,484,3594.6,LT-20260328-091741
2026-03-28 10:17:36.858,3,PO,110553,1,0,518,3595.1,LT-20260328-091741
2026-03-28 10:17:37.343,3,PO,110554,1,0,482,3595.6,LT-20260328-091741
2026-03-28 10:17:37.820,3,PO,110555,1,0,475,3596.1,LT-20260328-091741
2026-03-28 10:17:38.308,3,PO,110556,1,0,486,3596.6,LT-20260328-091741
2026-03-28 10:17:38.804,3,PO,110557,1,0,493,3597,LT-20260328-091741
2026-03-28 10:17:39.280,3,PO,110558,1,0,474,3597.5,LT-20260328-091741
2026-03-28 10:17:39.757,3,PO,110559,1,0,475,3598,LT-20260328-091741
2026-03-28 10:17:40.253,3,PO,110560,1,0,494,3598.5,LT-20260328-091741
2026-03-28 10:17:40.734,3,PO,110561,1,0,479,3599,LT-20260328-091741
2026-03-28 10:17:41.220,3,PO,110562,1,0,483,3599.5,LT-20260328-091741
2026-03-28 10:17:41.692,3,PO,110563,1,0,470,3599.9,LT-20260328-091741
2026-03-28 10:17:42.169,3,PO,110564,1,0,475,3600.4,LT-20260328-091741
2026-03-28 10:17:42.666,3,PO,110565,1,0,494,3600.9,LT-20260328-091741
2026-03-28 10:17:43.151,3,PO,110566,1,0,483,3601.4,LT-20260328-091741
2026-03-28 10:17:44.031,4,SO,105405,1,0,874,3602.3,LT-20260328-091741
2026-03-28 10:17:44.868,4,SO,105406,1,0,835,3603.1,LT-20260328-091741
2026-03-28 10:17:45.710,4,SO,105407,1,0,841,3604,LT-20260328-091741
2026-03-28 10:17:46.638,4,SO,105408,1,0,926,3604.9,LT-20260328-091741
2026-03-28 10:17:47.474,4,SO,105409,1,0,834,3605.7,LT-20260328-091741
2026-03-28 10:17:48.326,4,SO,105410,1,0,849,3606.6,LT-20260328-091741
2026-03-28 10:17:49.152,4,SO,105411,1,0,822,3607.4,LT-20260328-091741
2026-03-28 10:17:49.958,4,SO,105412,1,0,805,3608.2,LT-20260328-091741
2026-03-28 10:17:50.782,4,SO,105413,1,0,821,3609,LT-20260328-091741
2026-03-28 10:17:51.626,4,SO,105414,1,0,842,3609.9,LT-20260328-091741
2026-03-28 10:17:52.488,4,SO,105415,1,0,860,3610.7,LT-20260328-091741
2026-03-28 10:17:53.312,4,SO,105416,1,0,822,3611.6,LT-20260328-091741
2026-03-28 10:17:54.127,4,SO,105417,1,0,812,3612.4,LT-20260328-091741
2026-03-28 10:17:54.828,4,SO,105418,1,0,699,3613.1,LT-20260328-091741
2026-03-28 10:17:55.425,4,SO,105419,1,0,594,3613.7,LT-20260328-091741
2026-03-28 10:17:56.053,4,SO,105420,1,0,626,3614.3,LT-20260328-091741
2026-03-28 10:17:56.685,4,SO,105421,1,0,630,3614.9,LT-20260328-091741
2026-03-28 10:17:57.313,4,SO,105422,1,0,627,3615.6,LT-20260328-091741
2026-03-28 10:17:57.909,4,SO,105423,1,0,595,3616.2,LT-20260328-091741
2026-03-28 10:17:58.522,4,SO,105424,1,0,610,3616.8,LT-20260328-091741
2026-03-28 10:17:59.134,4,SO,105425,1,0,611,3617.4,LT-20260328-091741
2026-03-28 10:17:59.724,4,SO,105426,1,0,588,3618,LT-20260328-091741
2026-03-28 10:18:00.381,4,SO,105427,1,0,656,3618.6,LT-20260328-091741
2026-03-28 10:18:00.997,4,SO,105428,1,0,614,3619.2,LT-20260328-091741
2026-03-28 10:18:01.625,4,SO,105429,1,0,626,3619.9,LT-20260328-091741
2026-03-28 10:18:02.231,4,SO,105430,1,0,604,3620.5,LT-20260328-091741
2026-03-28 10:18:02.844,4,SO,105431,1,0,611,3621.1,LT-20260328-091741
2026-03-28 10:18:03.458,4,SO,105432,1,0,613,3621.7,LT-20260328-091741
2026-03-28 10:18:04.145,4,SO,105433,1,0,685,3622.4,LT-20260328-091741
2026-03-28 10:18:04.835,4,SO,105434,1,0,686,3623.1,LT-20260328-091741
2026-03-28 10:18:05.507,4,SO,105435,1,0,670,3623.8,LT-20260328-091741
2026-03-28 10:18:06.155,4,SO,105436,1,0,644,3624.4,LT-20260328-091741
2026-03-28 10:18:06.788,4,SO,105437,1,0,630,3625,LT-20260328-091741
2026-03-28 10:18:07.404,4,SO,105438,1,0,615,3625.6,LT-20260328-091741
2026-03-28 10:18:08.007,4,SO,105439,1,0,601,3626.3,LT-20260328-091741
2026-03-28 10:18:08.623,4,SO,105440,1,0,614,3626.9,LT-20260328-091741
2026-03-28 10:18:09.278,4,SO,105441,1,0,652,3627.5,LT-20260328-091741
2026-03-28 10:18:09.912,4,SO,105442,1,0,630,3628.2,LT-20260328-091741
2026-03-28 10:18:10.555,4,SO,105443,1,0,641,3628.8,LT-20260328-091741
2026-03-28 10:18:11.212,4,SO,105444,1,0,654,3629.5,LT-20260328-091741
2026-03-28 10:18:11.831,4,SO,105445,1,0,617,3630.1,LT-20260328-091741
2026-03-28 10:18:12.473,4,SO,105446,1,0,641,3630.7,LT-20260328-091741
2026-03-28 10:18:13.092,4,SO,105447,1,0,617,3631.3,LT-20260328-091741
2026-03-28 10:18:13.722,4,SO,105448,1,0,626,3632,LT-20260328-091741
2026-03-28 10:18:14.412,4,SO,105449,1,0,688,3632.7,LT-20260328-091741
2026-03-28 10:18:15.280,4,SO,105450,1,0,867,3633.5,LT-20260328-091741
2026-03-28 10:18:16.072,4,SO,105451,1,0,790,3634.3,LT-20260328-091741
2026-03-28 10:18:16.939,4,SO,105452,1,0,866,3635.2,LT-20260328-091741
2026-03-28 10:18:17.763,4,SO,105453,1,0,821,3636,LT-20260328-091741
2026-03-28 10:18:18.564,4,SO,105454,1,0,799,3636.8,LT-20260328-091741
2026-03-28 10:18:19.377,4,SO,105455,1,0,811,3637.6,LT-20260328-091741
2026-03-28 10:18:20.163,4,SO,105456,1,0,784,3638.4,LT-20260328-091741
2026-03-28 10:18:20.986,4,SO,105457,1,0,820,3639.2,LT-20260328-091741
2026-03-28 10:18:21.806,4,SO,105458,1,0,818,3640.1,LT-20260328-091741
2026-03-28 10:18:22.719,4,SO,105459,1,0,908,3641,LT-20260328-091741
2026-03-28 10:18:23.842,4,SO,105460,1,0,1120,3642.1,LT-20260328-091741
2026-03-28 10:18:24.595,4,SO,105461,1,0,750,3642.8,LT-20260328-091741
2026-03-28 10:18:25.238,4,SO,105462,1,0,639,3643.5,LT-20260328-091741
2026-03-28 10:18:26.071,4,SO,105463,1,0,828,3644.3,LT-20260328-091741
2026-03-28 10:18:26.731,4,SO,105464,1,0,656,3645,LT-20260328-091741
2026-03-28 10:18:27.400,4,SO,105465,1,0,666,3645.6,LT-20260328-091741
2026-03-28 10:18:28.223,4,SO,105466,1,0,819,3646.5,LT-20260328-091741
2026-03-28 10:18:28.908,4,SO,105467,1,0,683,3647.2,LT-20260328-091741
2026-03-28 10:18:29.762,4,SO,105468,1,0,852,3648,LT-20260328-091741
2026-03-28 10:18:30.376,4,SO,105469,1,0,611,3648.6,LT-20260328-091741
2026-03-28 10:18:31.014,4,SO,105470,1,0,636,3649.3,LT-20260328-091741
2026-03-28 10:18:31.724,4,SO,105471,1,0,706,3650,LT-20260328-091741
2026-03-28 10:18:32.715,4,SO,105472,1,0,987,3651,LT-20260328-091741
2026-03-28 10:18:33.624,4,SO,105473,1,0,907,3651.9,LT-20260328-091741
2026-03-28 10:18:34.434,4,SO,105474,1,0,808,3652.7,LT-20260328-091741
2026-03-28 10:18:35.349,4,SO,105475,1,0,912,3653.6,LT-20260328-091741
2026-03-28 10:18:36.241,4,SO,105476,1,0,889,3654.5,LT-20260328-091741
2026-03-28 10:18:37.049,4,SO,105477,1,0,806,3655.3,LT-20260328-091741
2026-03-28 10:18:37.948,4,SO,105478,1,0,897,3656.2,LT-20260328-091741
2026-03-28 10:18:38.894,4,SO,105479,1,0,943,3657.1,LT-20260328-091741
2026-03-28 10:18:39.931,4,SO,105480,1,0,1034,3658.2,LT-20260328-091741
2026-03-28 10:18:40.961,4,SO,105481,1,0,1026,3659.2,LT-20260328-091741
2026-03-28 10:18:41.802,4,SO,105482,1,0,838,3660,LT-20260328-091741
2026-03-28 10:18:42.637,4,SO,105483,1,0,831,3660.9,LT-20260328-091741
2026-03-28 10:18:43.625,4,SO,105484,1,0,985,3661.9,LT-20260328-091741
2026-03-28 10:18:44.455,4,SO,105485,1,0,828,3662.7,LT-20260328-091741
2026-03-28 10:18:45.149,4,SO,105486,1,0,691,3663.4,LT-20260328-091741
2026-03-28 10:18:45.800,4,SO,105487,1,0,648,3664,LT-20260328-091741
2026-03-28 10:18:46.560,4,SO,105488,1,0,756,3664.8,LT-20260328-091741
2026-03-28 10:18:47.200,4,SO,105489,1,0,639,3665.4,LT-20260328-091741
2026-03-28 10:18:47.871,4,SO,105490,1,0,668,3666.1,LT-20260328-091741
2026-03-28 10:18:48.513,4,SO,105491,1,0,637,3666.8,LT-20260328-091741
2026-03-28 10:18:49.129,4,SO,105492,1,0,614,3667.4,LT-20260328-091741
2026-03-28 10:18:49.757,4,SO,105493,1,0,624,3668,LT-20260328-091741
2026-03-28 10:18:50.449,4,SO,105494,1,0,690,3668.7,LT-20260328-091741
2026-03-28 10:18:51.066,4,SO,105495,1,0,615,3669.3,LT-20260328-091741
2026-03-28 10:18:51.802,4,SO,105496,1,0,734,3670,LT-20260328-091741
2026-03-28 10:18:52.592,4,SO,105497,1,0,788,3670.8,LT-20260328-091741
2026-03-28 10:18:53.225,4,SO,105498,1,0,630,3671.5,LT-20260328-091741
2026-03-28 10:18:53.852,4,SO,105499,1,0,626,3672.1,LT-20260328-091741
2026-03-28 10:18:54.479,4,SO,105500,1,0,625,3672.7,LT-20260328-091741
2026-03-28 10:18:55.128,4,SO,105501,1,0,646,3673.4,LT-20260328-091741
2026-03-28 10:18:55.737,4,SO,105502,1,0,607,3674,LT-20260328-091741
2026-03-28 10:18:56.399,4,SO,105503,1,0,661,3674.6,LT-20260328-091741
2026-03-28 10:18:57.053,4,SO,105504,1,0,652,3675.3,LT-20260328-091741
2026-03-28 10:18:57.734,4,SO,105505,1,0,677,3676,LT-20260328-091741
2026-03-28 10:18:58.384,4,SO,105506,1,0,648,3676.6,LT-20260328-091741
2026-03-28 10:18:59.001,4,SO,105507,1,0,615,3677.2,LT-20260328-091741
2026-03-28 10:18:59.713,4,SO,105508,1,0,709,3678,LT-20260328-091741
2026-03-28 10:19:00.486,4,SO,105509,1,0,770,3678.7,LT-20260328-091741
2026-03-28 10:19:01.120,4,SO,105510,1,0,632,3679.4,LT-20260328-091741
2026-03-28 10:19:01.738,4,SO,105511,1,0,616,3680,LT-20260328-091741
2026-03-28 10:19:02.377,4,SO,105512,1,0,637,3680.6,LT-20260328-091741
2026-03-28 10:19:03.030,4,SO,105513,1,0,649,3681.3,LT-20260328-091741
2026-03-28 10:19:03.878,4,SO,105514,1,0,846,3682.1,LT-20260328-091741
2026-03-28 10:19:04.670,4,SO,105515,1,0,789,3682.9,LT-20260328-091741
2026-03-28 10:19:05.655,4,SO,105516,1,0,981,3683.9,LT-20260328-091741
2026-03-28 10:19:06.523,4,SO,105517,1,0,865,3684.8,LT-20260328-091741
2026-03-28 10:19:07.624,4,SO,105518,1,0,1096,3685.9,LT-20260328-091741
2026-03-28 10:19:08.482,4,SO,105519,1,0,855,3686.7,LT-20260328-091741
2026-03-28 10:19:09.380,4,SO,105520,1,0,895,3687.6,LT-20260328-091741
2026-03-28 10:19:10.303,4,SO,105521,1,0,920,3688.5,LT-20260328-091741
2026-03-28 10:19:11.117,4,SO,105522,1,0,811,3689.4,LT-20260328-091741
2026-03-28 10:19:11.957,4,SO,105523,1,0,837,3690.2,LT-20260328-091741
2026-03-28 10:19:12.783,4,SO,105524,1,0,822,3691,LT-20260328-091741
2026-03-28 10:19:13.593,4,SO,105525,1,0,807,3691.8,LT-20260328-091741
2026-03-28 10:19:14.434,4,SO,105526,1,0,838,3692.7,LT-20260328-091741
2026-03-28 10:19:15.305,4,SO,105527,1,0,868,3693.5,LT-20260328-091741
2026-03-28 10:19:16.199,4,SO,105528,1,0,892,3694.4,LT-20260328-091741
2026-03-28 10:19:17.033,4,SO,105529,1,0,832,3695.3,LT-20260328-091741
2026-03-28 10:19:17.868,4,SO,105530,1,0,833,3696.1,LT-20260328-091741
2026-03-28 10:19:18.698,4,SO,105531,1,0,828,3696.9,LT-20260328-091741
2026-03-28 10:19:19.561,4,SO,105532,1,0,860,3697.8,LT-20260328-091741
2026-03-28 10:19:20.396,4,SO,105533,1,0,832,3698.6,LT-20260328-091741
2026-03-28 10:19:21.208,4,SO,105534,1,0,811,3699.5,LT-20260328-091741
2026-03-28 10:19:22.029,4,SO,105535,1,0,818,3700.3,LT-20260328-091741
2026-03-28 10:19:22.854,4,SO,105536,1,0,824,3701.1,LT-20260328-091741
2026-03-28 10:19:23.718,4,SO,105537,1,0,862,3702,LT-20260328-091741
2026-03-28 10:19:24.486,4,SO,105538,1,0,766,3702.7,LT-20260328-091741
2026-03-28 10:19:25.229,4,SO,105539,1,0,741,3703.5,LT-20260328-091741
2026-03-28 10:19:25.849,4,SO,105540,1,0,618,3704.1,LT-20260328-091741
2026-03-28 10:19:26.553,4,SO,105541,1,0,702,3704.8,LT-20260328-091741
2026-03-28 10:19:27.201,4,SO,105542,1,0,646,3705.4,LT-20260328-091741
2026-03-28 10:19:27.825,4,SO,105543,1,0,622,3706.1,LT-20260328-091741
2026-03-28 10:19:28.440,4,SO,105544,1,0,613,3706.7,LT-20260328-091741
2026-03-28 10:19:29.097,4,SO,105545,1,0,654,3707.3,LT-20260328-091741
2026-03-28 10:19:29.744,4,SO,105546,1,0,646,3708,LT-20260328-091741
2026-03-28 10:19:30.377,4,SO,105547,1,0,631,3708.6,LT-20260328-091741
2026-03-28 10:19:31.239,4,SO,105548,1,0,860,3709.5,LT-20260328-091741
2026-03-28 10:19:31.914,4,SO,105549,1,0,673,3710.2,LT-20260328-091741
2026-03-28 10:19:32.522,4,SO,105550,1,0,607,3710.8,LT-20260328-091741
2026-03-28 10:19:33.148,4,SO,105551,1,0,624,3711.4,LT-20260328-091741
2026-03-28 10:19:33.749,4,SO,105552,1,0,600,3712,LT-20260328-091741
2026-03-28 10:19:34.410,4,SO,105553,1,0,658,3712.7,LT-20260328-091741
2026-03-28 10:19:35.223,4,SO,105554,1,0,811,3713.5,LT-20260328-091741
2026-03-28 10:19:36.015,4,SO,105555,1,0,790,3714.3,LT-20260328-091741
2026-03-28 10:19:36.869,4,SO,105556,1,0,853,3715.1,LT-20260328-091741
2026-03-28 10:19:37.672,4,SO,105557,1,0,801,3715.9,LT-20260328-091741
2026-03-28 10:19:38.468,4,SO,105558,1,0,793,3716.7,LT-20260328-091741
2026-03-28 10:19:39.273,4,SO,105559,1,0,803,3717.5,LT-20260328-091741
2026-03-28 10:19:40.076,4,SO,105560,1,0,802,3718.3,LT-20260328-091741
2026-03-28 10:19:40.890,4,SO,105561,1,0,812,3719.1,LT-20260328-091741
2026-03-28 10:19:41.727,4,SO,105562,1,0,835,3720,LT-20260328-091741
2026-03-28 10:19:42.538,4,SO,105563,1,0,810,3720.8,LT-20260328-091741
2026-03-28 10:19:43.459,4,SO,105564,1,0,918,3721.7,LT-20260328-091741
2026-03-28 10:19:44.283,4,SO,105565,1,0,822,3722.5,LT-20260328-091741
2026-03-28 10:19:44.910,4,SO,105566,1,0,624,3723.2,LT-20260328-091741
2026-03-28 10:19:45.514,4,SO,105567,1,0,602,3723.8,LT-20260328-091741
2026-03-28 10:19:46.125,4,SO,105568,1,0,610,3724.4,LT-20260328-091741
2026-03-28 10:19:46.751,4,SO,105569,1,0,623,3725,LT-20260328-091741
2026-03-28 10:19:47.342,4,SO,105570,1,0,590,3725.6,LT-20260328-091741
2026-03-28 10:19:47.951,4,SO,105571,1,0,607,3726.2,LT-20260328-091741
2026-03-28 10:19:48.579,4,SO,105572,1,0,626,3726.8,LT-20260328-091741
2026-03-28 10:19:49.199,4,SO,105573,1,0,618,3727.4,LT-20260328-091741
2026-03-28 10:19:49.831,4,SO,105574,1,0,629,3728.1,LT-20260328-091741
2026-03-28 10:19:50.444,4,SO,105575,1,0,611,3728.7,LT-20260328-091741
2026-03-28 10:19:51.067,4,SO,105576,1,0,621,3729.3,LT-20260328-091741
2026-03-28 10:19:51.695,4,SO,105577,1,0,625,3729.9,LT-20260328-091741
2026-03-28 10:19:52.307,4,SO,105578,1,0,610,3730.6,LT-20260328-091741
2026-03-28 10:19:52.925,4,SO,105579,1,0,617,3731.2,LT-20260328-091741
2026-03-28 10:19:53.579,4,SO,105580,1,0,652,3731.8,LT-20260328-091741
2026-03-28 10:19:54.189,4,SO,105581,1,0,609,3732.4,LT-20260328-091741
2026-03-28 10:19:54.819,4,SO,105582,1,0,628,3733.1,LT-20260328-091741
2026-03-28 10:19:55.523,4,SO,105583,1,0,701,3733.8,LT-20260328-091741
2026-03-28 10:19:56.128,4,SO,105584,1,0,603,3734.4,LT-20260328-091741
2026-03-28 10:19:56.756,4,SO,105585,1,0,626,3735,LT-20260328-091741
2026-03-28 10:19:57.390,4,SO,105586,1,0,632,3735.6,LT-20260328-091741
2026-03-28 10:19:58.048,4,SO,105587,1,0,657,3736.3,LT-20260328-091741
2026-03-28 10:19:58.674,4,SO,105588,1,0,624,3736.9,LT-20260328-091741
2026-03-28 10:19:59.323,4,SO,105589,1,0,648,3737.6,LT-20260328-091741
2026-03-28 10:19:59.947,4,SO,105590,1,0,622,3738.2,LT-20260328-091741
2026-03-28 10:20:01.029,4,SO,105591,1,0,1079,3739.3,LT-20260328-091741
2026-03-28 10:20:01.846,4,SO,105592,1,0,815,3740.1,LT-20260328-091741
2026-03-28 10:20:02.675,4,SO,105593,1,0,827,3740.9,LT-20260328-091741
2026-03-28 10:20:03.367,4,SO,105594,1,0,690,3741.6,LT-20260328-091741
2026-03-28 10:20:04.026,4,SO,105595,1,0,658,3742.3,LT-20260328-091741
2026-03-28 10:20:04.825,4,SO,105596,1,0,798,3743.1,LT-20260328-091741
2026-03-28 10:20:05.666,4,SO,105597,1,0,839,3743.9,LT-20260328-091741
2026-03-28 10:20:06.489,4,SO,105598,1,0,821,3744.7,LT-20260328-091741
2026-03-28 10:20:07.308,4,SO,105599,1,0,816,3745.6,LT-20260328-091741
2026-03-28 10:20:08.097,4,SO,105600,1,0,787,3746.3,LT-20260328-091741
2026-03-28 10:20:08.949,4,SO,105601,1,0,851,3747.2,LT-20260328-091741
2026-03-28 10:20:09.781,4,SO,105602,1,0,830,3748,LT-20260328-091741
2026-03-28 10:20:10.560,4,SO,105603,1,0,777,3748.8,LT-20260328-091741
2026-03-28 10:20:11.363,4,SO,105604,1,0,799,3749.6,LT-20260328-091741
2026-03-28 10:20:12.156,4,SO,105605,1,0,791,3750.4,LT-20260328-091741
2026-03-28 10:20:13.006,4,SO,105606,1,0,848,3751.3,LT-20260328-091741
2026-03-28 10:20:13.823,4,SO,105607,1,0,814,3752.1,LT-20260328-091741
2026-03-28 10:20:14.659,4,SO,105608,1,0,835,3752.9,LT-20260328-091741
2026-03-28 10:20:15.508,4,SO,105609,1,0,846,3753.8,LT-20260328-091741
2026-03-28 10:20:16.316,4,SO,105610,1,0,806,3754.6,LT-20260328-091741
2026-03-28 10:20:17.344,4,SO,105611,1,0,1027,3755.6,LT-20260328-091741
2026-03-28 10:20:18.492,4,SO,105612,1,0,1146,3756.7,LT-20260328-091741
2026-03-28 10:20:19.720,4,SO,105613,1,0,1225,3758,LT-20260328-091741
2026-03-28 10:20:20.536,4,SO,105614,1,0,814,3758.8,LT-20260328-091741
2026-03-28 10:20:21.369,4,SO,105615,1,0,831,3759.6,LT-20260328-091741
2026-03-28 10:20:22.230,4,SO,105616,1,0,859,3760.5,LT-20260328-091741
2026-03-28 10:20:23.106,4,SO,105617,1,0,875,3761.4,LT-20260328-091741
2026-03-28 10:20:24.008,4,SO,105618,1,0,900,3762.3,LT-20260328-091741
2026-03-28 10:20:24.793,4,SO,105619,1,0,784,3763,LT-20260328-091741
2026-03-28 10:20:25.424,4,SO,105620,1,0,629,3763.7,LT-20260328-091741
2026-03-28 10:20:26.031,4,SO,105621,1,0,605,3764.3,LT-20260328-091741
2026-03-28 10:20:26.699,4,SO,105622,1,0,667,3764.9,LT-20260328-091741
2026-03-28 10:20:27.363,4,SO,105623,1,0,661,3765.6,LT-20260328-091741
2026-03-28 10:20:28.001,4,SO,105624,1,0,634,3766.2,LT-20260328-091741
2026-03-28 10:20:28.635,4,SO,105625,1,0,633,3766.9,LT-20260328-091741
2026-03-28 10:20:29.258,4,SO,105626,1,0,620,3767.5,LT-20260328-091741
2026-03-28 10:20:29.866,4,SO,105627,1,0,606,3768.1,LT-20260328-091741
2026-03-28 10:20:30.484,4,SO,105628,1,0,617,3768.7,LT-20260328-091741
2026-03-28 10:20:31.105,4,SO,105629,1,0,619,3769.4,LT-20260328-091741
2026-03-28 10:20:31.732,4,SO,105630,1,0,625,3770,LT-20260328-091741
2026-03-28 10:20:32.360,4,SO,105631,1,0,622,3770.6,LT-20260328-091741
2026-03-28 10:20:32.983,4,SO,105632,1,0,621,3771.2,LT-20260328-091741
2026-03-28 10:20:33.614,4,SO,105633,1,0,631,3771.9,LT-20260328-091741
2026-03-28 10:20:34.281,4,SO,105634,1,0,665,3772.5,LT-20260328-091741
2026-03-28 10:20:35.064,4,SO,105635,1,0,781,3773.3,LT-20260328-091741
2026-03-28 10:20:35.951,4,SO,105636,1,0,885,3774.2,LT-20260328-091741
2026-03-28 10:20:36.739,4,SO,105637,1,0,787,3775,LT-20260328-091741
2026-03-28 10:20:37.538,4,SO,105638,1,0,796,3775.8,LT-20260328-091741
2026-03-28 10:20:38.353,4,SO,105639,1,0,813,3776.6,LT-20260328-091741
2026-03-28 10:20:39.249,4,SO,105640,1,0,894,3777.5,LT-20260328-091741
2026-03-28 10:20:40.069,4,SO,105641,1,0,818,3778.3,LT-20260328-091741
2026-03-28 10:20:40.895,4,SO,105642,1,0,825,3779.1,LT-20260328-091741
2026-03-28 10:20:41.726,4,SO,105643,1,0,829,3780,LT-20260328-091741
2026-03-28 10:20:42.532,4,SO,105644,1,0,804,3780.8,LT-20260328-091741
2026-03-28 10:20:43.319,4,SO,105645,1,0,785,3781.6,LT-20260328-091741
2026-03-28 10:20:44.124,4,SO,105646,1,0,804,3782.4,LT-20260328-091741
2026-03-28 10:20:44.952,4,SO,105647,1,0,827,3783.2,LT-20260328-091741
2026-03-28 10:20:45.778,4,SO,105648,1,0,824,3784,LT-20260328-091741
2026-03-28 10:20:46.677,4,SO,105649,1,0,897,3784.9,LT-20260328-091741
2026-03-28 10:20:47.585,4,SO,105650,1,0,906,3785.8,LT-20260328-091741
2026-03-28 10:20:48.397,4,SO,105651,1,0,809,3786.6,LT-20260328-091741
2026-03-28 10:20:49.205,4,SO,105652,1,0,808,3787.5,LT-20260328-091741
2026-03-28 10:20:50.043,4,SO,105653,1,0,836,3788.3,LT-20260328-091741
2026-03-28 10:20:50.836,4,SO,105654,1,0,791,3789.1,LT-20260328-091741
2026-03-28 10:20:51.624,4,SO,105655,1,0,787,3789.9,LT-20260328-091741
2026-03-28 10:20:52.425,4,SO,105656,1,0,799,3790.7,LT-20260328-091741
2026-03-28 10:20:53.227,4,SO,105657,1,0,801,3791.5,LT-20260328-091741
2026-03-28 10:20:54.024,4,SO,105658,1,0,794,3792.3,LT-20260328-091741
2026-03-28 10:20:54.758,4,SO,105659,1,0,732,3793,LT-20260328-091741
2026-03-28 10:20:55.375,4,SO,105660,1,0,616,3793.6,LT-20260328-091741
2026-03-28 10:20:55.988,4,SO,105661,1,0,612,3794.2,LT-20260328-091741
2026-03-28 10:20:56.629,4,SO,105662,1,0,640,3794.9,LT-20260328-091741
2026-03-28 10:20:57.232,4,SO,105663,1,0,601,3795.5,LT-20260328-091741
2026-03-28 10:20:57.904,4,SO,105664,1,0,670,3796.1,LT-20260328-091741
2026-03-28 10:20:58.519,4,SO,105665,1,0,613,3796.8,LT-20260328-091741
2026-03-28 10:20:59.163,4,SO,105666,1,0,642,3797.4,LT-20260328-091741
2026-03-28 10:20:59.797,4,SO,105667,1,0,632,3798,LT-20260328-091741
2026-03-28 10:21:00.507,4,SO,105668,1,0,709,3798.8,LT-20260328-091741
2026-03-28 10:21:01.125,4,SO,105669,1,0,616,3799.4,LT-20260328-091741
2026-03-28 10:21:01.773,4,SO,105670,1,0,646,3800,LT-20260328-091741
2026-03-28 10:21:02.401,4,SO,105671,1,0,627,3800.6,LT-20260328-091741
2026-03-28 10:21:03.030,4,SO,105672,1,0,626,3801.3,LT-20260328-091741
2026-03-28 10:21:03.684,4,SO,105673,1,0,651,3801.9,LT-20260328-091741
2026-03-28 10:21:04.317,4,SO,105674,1,0,631,3802.6,LT-20260328-091741
2026-03-28 10:21:05.160,4,SO,105675,1,0,838,3803.4,LT-20260328-091741
2026-03-28 10:21:06.006,4,SO,105676,1,0,843,3804.3,LT-20260328-091741
2026-03-28 10:21:06.945,4,SO,105677,1,0,936,3805.2,LT-20260328-091741
2026-03-28 10:21:07.761,4,SO,105678,1,0,814,3806,LT-20260328-091741
2026-03-28 10:21:08.676,4,SO,105679,1,0,913,3806.9,LT-20260328-091741
2026-03-28 10:21:09.478,4,SO,105680,1,0,800,3807.7,LT-20260328-091741
2026-03-28 10:21:10.275,4,SO,105681,1,0,795,3808.5,LT-20260328-091741
2026-03-28 10:21:11.085,4,SO,105682,1,0,808,3809.3,LT-20260328-091741
2026-03-28 10:21:11.952,4,SO,105683,1,0,864,3810.2,LT-20260328-091741
2026-03-28 10:21:12.788,4,SO,105684,1,0,834,3811,LT-20260328-091741
2026-03-28 10:21:13.618,4,SO,105685,1,0,827,3811.9,LT-20260328-091741
2026-03-28 10:21:14.410,4,SO,105686,1,0,790,3812.7,LT-20260328-091741
2026-03-28 10:21:15.214,4,SO,105687,1,0,802,3813.5,LT-20260328-091741
2026-03-28 10:21:16.042,4,SO,105688,1,0,826,3814.3,LT-20260328-091741
2026-03-28 10:21:16.861,4,SO,105689,1,0,817,3815.1,LT-20260328-091741
2026-03-28 10:21:17.683,4,SO,105690,1,0,821,3815.9,LT-20260328-091741
2026-03-28 10:21:18.488,4,SO,105691,1,0,804,3816.7,LT-20260328-091741
2026-03-28 10:21:19.308,4,SO,105692,1,0,819,3817.6,LT-20260328-091741
2026-03-28 10:21:20.100,4,SO,105693,1,0,790,3818.3,LT-20260328-091741
2026-03-28 10:21:20.918,4,SO,105694,1,0,816,3819.2,LT-20260328-091741
2026-03-28 10:21:21.864,4,SO,105695,1,0,944,3820.1,LT-20260328-091741
2026-03-28 10:21:22.676,4,SO,105696,1,0,811,3820.9,LT-20260328-091741
2026-03-28 10:21:23.465,4,SO,105697,1,0,788,3821.7,LT-20260328-091741
2026-03-28 10:21:24.347,4,SO,105698,1,0,880,3822.6,LT-20260328-091741
2026-03-28 10:21:24.970,4,SO,105699,1,0,622,3823.2,LT-20260328-091741
2026-03-28 10:21:25.584,4,SO,105700,1,0,612,3823.8,LT-20260328-091741
2026-03-28 10:21:26.203,4,SO,105701,1,0,617,3824.4,LT-20260328-091741
2026-03-28 10:21:26.820,4,SO,105702,1,0,615,3825.1,LT-20260328-091741
2026-03-28 10:21:27.423,4,SO,105703,1,0,601,3825.7,LT-20260328-091741
2026-03-28 10:21:28.017,4,SO,105704,1,0,593,3826.3,LT-20260328-091741
2026-03-28 10:21:28.631,4,SO,105705,1,0,611,3826.9,LT-20260328-091741
2026-03-28 10:21:29.239,4,SO,105706,1,0,607,3827.5,LT-20260328-091741
2026-03-28 10:21:29.822,4,SO,105707,1,0,581,3828.1,LT-20260328-091741
2026-03-28 10:21:30.462,4,SO,105708,1,0,639,3828.7,LT-20260328-091741
2026-03-28 10:21:31.060,4,SO,105709,1,0,597,3829.3,LT-20260328-091741
2026-03-28 10:21:31.695,4,SO,105710,1,0,633,3829.9,LT-20260328-091741
2026-03-28 10:21:32.307,4,SO,105711,1,0,610,3830.6,LT-20260328-091741
2026-03-28 10:21:32.964,4,SO,105712,1,0,656,3831.2,LT-20260328-091741
2026-03-28 10:21:33.570,4,SO,105713,1,0,605,3831.8,LT-20260328-091741
2026-03-28 10:21:34.223,4,SO,105714,1,0,651,3832.5,LT-20260328-091741
2026-03-28 10:21:34.996,4,SO,105715,1,0,771,3833.2,LT-20260328-091741
2026-03-28 10:21:35.794,4,SO,105716,1,0,797,3834,LT-20260328-091741
2026-03-28 10:21:36.589,4,SO,105717,1,0,793,3834.8,LT-20260328-091741
2026-03-28 10:21:37.398,4,SO,105718,1,0,807,3835.6,LT-20260328-091741
2026-03-28 10:21:38.264,4,SO,105719,1,0,865,3836.5,LT-20260328-091741
2026-03-28 10:21:39.057,4,SO,105720,1,0,792,3837.3,LT-20260328-091741
2026-03-28 10:21:39.878,4,SO,105721,1,0,819,3838.1,LT-20260328-091741
2026-03-28 10:21:40.784,4,SO,105722,1,0,904,3839,LT-20260328-091741
2026-03-28 10:21:41.576,4,SO,105723,1,0,789,3839.8,LT-20260328-091741
2026-03-28 10:21:42.361,4,SO,105724,1,0,784,3840.6,LT-20260328-091741
2026-03-28 10:21:43.170,4,SO,105725,1,0,807,3841.4,LT-20260328-091741
2026-03-28 10:21:43.970,4,SO,105726,1,0,798,3842.2,LT-20260328-091741
2026-03-28 10:21:44.736,4,SO,105727,1,0,764,3843,LT-20260328-091741
2026-03-28 10:21:45.336,4,SO,105728,1,0,598,3843.6,LT-20260328-091741
2026-03-28 10:21:45.966,4,SO,105729,1,0,628,3844.2,LT-20260328-091741
2026-03-28 10:21:46.586,4,SO,105730,1,0,618,3844.8,LT-20260328-091741
2026-03-28 10:21:47.243,4,SO,105731,1,0,655,3845.5,LT-20260328-091741
2026-03-28 10:21:47.853,4,SO,105732,1,0,608,3846.1,LT-20260328-091741
2026-03-28 10:21:48.455,4,SO,105733,1,0,601,3846.7,LT-20260328-091741
2026-03-28 10:21:49.062,4,SO,105734,1,0,605,3847.3,LT-20260328-091741
2026-03-28 10:21:49.693,4,SO,105735,1,0,629,3847.9,LT-20260328-091741
2026-03-28 10:21:50.302,4,SO,105736,1,0,608,3848.5,LT-20260328-091741
2026-03-28 10:21:50.922,4,SO,105737,1,0,617,3849.2,LT-20260328-091741
2026-03-28 10:21:51.533,4,SO,105738,1,0,610,3849.8,LT-20260328-091741
2026-03-28 10:21:52.153,4,SO,105739,1,0,618,3850.4,LT-20260328-091741
2026-03-28 10:21:52.812,4,SO,105740,1,0,658,3851.1,LT-20260328-091741
2026-03-28 10:21:53.443,4,SO,105741,1,0,629,3851.7,LT-20260328-091741
2026-03-28 10:21:54.080,4,SO,105742,1,0,635,3852.3,LT-20260328-091741
2026-03-28 10:21:54.712,4,SO,105743,1,0,631,3853,LT-20260328-091741
2026-03-28 10:21:55.328,4,SO,105744,1,0,614,3853.6,LT-20260328-091741
2026-03-28 10:21:55.972,4,SO,105745,1,0,641,3854.2,LT-20260328-091741
2026-03-28 10:21:56.600,4,SO,105746,1,0,625,3854.8,LT-20260328-091741
2026-03-28 10:21:57.246,4,SO,105747,1,0,643,3855.5,LT-20260328-091741
2026-03-28 10:21:57.856,4,SO,105748,1,0,608,3856.1,LT-20260328-091741
2026-03-28 10:21:58.498,4,SO,105749,1,0,640,3856.7,LT-20260328-091741
2026-03-28 10:21:59.107,4,SO,105750,1,0,606,3857.4,LT-20260328-091741
2026-03-28 10:21:59.756,4,SO,105751,1,0,648,3858,LT-20260328-091741
2026-03-28 10:22:00.413,4,SO,105752,1,0,656,3858.7,LT-20260328-091741
2026-03-28 10:22:01.034,4,SO,105753,1,0,618,3859.3,LT-20260328-091741
2026-03-28 10:22:01.795,4,SO,105754,1,0,759,3860,LT-20260328-091741
2026-03-28 10:22:02.408,4,SO,105755,1,0,610,3860.7,LT-20260328-091741
2026-03-28 10:22:03.025,4,SO,105756,1,0,616,3861.3,LT-20260328-091741
2026-03-28 10:22:03.648,4,SO,105757,1,0,621,3861.9,LT-20260328-091741
2026-03-28 10:22:04.271,4,SO,105758,1,0,621,3862.5,LT-20260328-091741
2026-03-28 10:22:05.105,4,SO,105759,1,0,832,3863.3,LT-20260328-091741
2026-03-28 10:22:05.893,4,SO,105760,1,0,786,3864.1,LT-20260328-091741
2026-03-28 10:22:06.708,4,SO,105761,1,0,813,3865,LT-20260328-091741
2026-03-28 10:22:07.491,4,SO,105762,1,0,782,3865.7,LT-20260328-091741
2026-03-28 10:22:08.296,4,SO,105763,1,0,803,3866.5,LT-20260328-091741
2026-03-28 10:22:09.138,4,SO,105764,1,0,840,3867.4,LT-20260328-091741
2026-03-28 10:22:09.994,4,SO,105765,1,0,854,3868.2,LT-20260328-091741
2026-03-28 10:22:10.840,4,SO,105766,1,0,844,3869.1,LT-20260328-091741
2026-03-28 10:22:11.656,4,SO,105767,1,0,815,3869.9,LT-20260328-091741
2026-03-28 10:22:12.468,4,SO,105768,1,0,810,3870.7,LT-20260328-091741
2026-03-28 10:22:13.262,4,SO,105769,1,0,792,3871.5,LT-20260328-091741
2026-03-28 10:22:14.056,4,SO,105770,1,0,793,3872.3,LT-20260328-091741
2026-03-28 10:22:14.876,4,SO,105771,1,0,819,3873.1,LT-20260328-091741
2026-03-28 10:22:15.671,4,SO,105772,1,0,794,3873.9,LT-20260328-091741
2026-03-28 10:22:16.474,4,SO,105773,1,0,802,3874.7,LT-20260328-091741
2026-03-28 10:22:17.295,4,SO,105774,1,0,820,3875.5,LT-20260328-091741
2026-03-28 10:22:18.069,4,SO,105775,1,0,773,3876.3,LT-20260328-091741
2026-03-28 10:22:18.913,4,SO,105776,1,0,843,3877.2,LT-20260328-091741
2026-03-28 10:22:19.771,4,SO,105777,1,0,857,3878,LT-20260328-091741
2026-03-28 10:22:20.582,4,SO,105778,1,0,808,3878.8,LT-20260328-091741
2026-03-28 10:22:21.384,4,SO,105779,1,0,800,3879.6,LT-20260328-091741
2026-03-28 10:22:22.176,4,SO,105780,1,0,790,3880.4,LT-20260328-091741
2026-03-28 10:22:22.985,4,SO,105781,1,0,806,3881.2,LT-20260328-091741
2026-03-28 10:22:23.767,4,SO,105782,1,0,781,3882,LT-20260328-091741
2026-03-28 10:22:24.572,4,SO,105783,1,0,804,3882.8,LT-20260328-091741
2026-03-28 10:22:25.368,4,SO,105784,1,0,795,3883.6,LT-20260328-091741
2026-03-28 10:22:26.162,4,SO,105785,1,0,793,3884.4,LT-20260328-091741
2026-03-28 10:22:26.987,4,SO,105786,1,0,823,3885.2,LT-20260328-091741
2026-03-28 10:22:27.797,4,SO,105787,1,0,808,3886,LT-20260328-091741
2026-03-28 10:22:28.601,4,SO,105788,1,0,802,3886.8,LT-20260328-091741
2026-03-28 10:22:29.376,4,SO,105789,1,0,774,3887.6,LT-20260328-091741
2026-03-28 10:22:30.156,4,SO,105790,1,0,778,3888.4,LT-20260328-091741
2026-03-28 10:22:30.934,4,SO,105791,1,0,776,3889.2,LT-20260328-091741
2026-03-28 10:22:31.822,4,SO,105792,1,0,886,3890.1,LT-20260328-091741
2026-03-28 10:22:32.643,4,SO,105793,1,0,819,3890.9,LT-20260328-091741
2026-03-28 10:22:33.483,4,SO,105794,1,0,839,3891.7,LT-20260328-091741
2026-03-28 10:22:34.322,4,SO,105795,1,0,836,3892.6,LT-20260328-091741
2026-03-28 10:22:35.115,4,SO,105796,1,0,792,3893.4,LT-20260328-091741
2026-03-28 10:22:35.902,4,SO,105797,1,0,786,3894.1,LT-20260328-091741
2026-03-28 10:22:36.696,4,SO,105798,1,0,793,3894.9,LT-20260328-091741
2026-03-28 10:22:37.492,4,SO,105799,1,0,795,3895.7,LT-20260328-091741
2026-03-28 10:22:38.312,4,SO,105800,1,0,818,3896.6,LT-20260328-091741
2026-03-28 10:22:39.103,4,SO,105801,1,0,790,3897.3,LT-20260328-091741
2026-03-28 10:22:39.879,4,SO,105802,1,0,775,3898.1,LT-20260328-091741
2026-03-28 10:22:40.683,4,SO,105803,1,0,802,3898.9,LT-20260328-091741
2026-03-28 10:22:41.482,4,SO,105804,1,0,797,3899.7,LT-20260328-091741
2026-03-28 10:22:42.277,4,SO,105805,1,0,793,3900.5,LT-20260328-091741
2026-03-28 10:22:43.089,4,SO,105806,1,0,811,3901.3,LT-20260328-091741
2026-03-28 10:22:43.872,4,SO,105807,1,0,781,3902.1,LT-20260328-091741
2026-03-28 10:22:44.638,4,SO,105808,1,0,765,3902.9,LT-20260328-091741
2026-03-28 10:22:45.255,4,SO,105809,1,0,616,3903.5,LT-20260328-091741
2026-03-28 10:22:45.865,4,SO,105810,1,0,607,3904.1,LT-20260328-091741
2026-03-28 10:22:46.495,4,SO,105811,1,0,629,3904.7,LT-20260328-091741
2026-03-28 10:22:47.103,4,SO,105812,1,0,606,3905.3,LT-20260328-091741
2026-03-28 10:22:47.711,4,SO,105813,1,0,607,3906,LT-20260328-091741
2026-03-28 10:22:48.290,4,SO,105814,1,0,578,3906.5,LT-20260328-091741
2026-03-28 10:22:48.990,4,SO,105815,1,0,699,3907.2,LT-20260328-091741
2026-03-28 10:22:49.606,4,SO,105816,1,0,614,3907.9,LT-20260328-091741
2026-03-28 10:22:50.207,4,SO,105817,1,0,599,3908.5,LT-20260328-091741
2026-03-28 10:22:50.828,4,SO,105818,1,0,620,3909.1,LT-20260328-091741
2026-03-28 10:22:51.462,4,SO,105819,1,0,632,3909.7,LT-20260328-091741
2026-03-28 10:22:52.066,4,SO,105820,1,0,602,3910.3,LT-20260328-091741
2026-03-28 10:22:52.728,4,SO,105821,1,0,660,3911,LT-20260328-091741
2026-03-28 10:22:53.354,4,SO,105822,1,0,624,3911.6,LT-20260328-091741
2026-03-28 10:22:53.951,4,SO,105823,1,0,595,3912.2,LT-20260328-091741
2026-03-28 10:22:54.562,4,SO,105824,1,0,610,3912.8,LT-20260328-091741
2026-03-28 10:22:55.217,4,SO,105825,1,0,652,3913.5,LT-20260328-091741
2026-03-28 10:22:55.847,4,SO,105826,1,0,629,3914.1,LT-20260328-091741
2026-03-28 10:22:56.523,4,SO,105827,1,0,674,3914.8,LT-20260328-091741
2026-03-28 10:22:57.120,4,SO,105828,1,0,596,3915.4,LT-20260328-091741
2026-03-28 10:22:57.725,4,SO,105829,1,0,603,3916,LT-20260328-091741
2026-03-28 10:22:58.319,4,SO,105830,1,0,592,3916.6,LT-20260328-091741
2026-03-28 10:22:58.918,4,SO,105831,1,0,598,3917.2,LT-20260328-091741
2026-03-28 10:22:59.530,4,SO,105832,1,0,611,3917.8,LT-20260328-091741
2026-03-28 10:23:00.125,4,SO,105833,1,0,594,3918.4,LT-20260328-091741
2026-03-28 10:23:00.759,4,SO,105834,1,0,632,3919,LT-20260328-091741
2026-03-28 10:23:01.374,4,SO,105835,1,0,614,3919.6,LT-20260328-091741
2026-03-28 10:23:01.976,4,SO,105836,1,0,600,3920.2,LT-20260328-091741
2026-03-28 10:23:02.577,4,SO,105837,1,0,599,3920.8,LT-20260328-091741
2026-03-28 10:23:03.188,4,SO,105838,1,0,609,3921.4,LT-20260328-091741
2026-03-28 10:23:03.797,4,SO,105839,1,0,608,3922,LT-20260328-091741
2026-03-28 10:23:04.493,4,SO,105840,1,0,694,3922.7,LT-20260328-091741
2026-03-28 10:23:05.289,4,SO,105841,1,0,794,3923.5,LT-20260328-091741
2026-03-28 10:23:06.076,4,SO,105842,1,0,785,3924.3,LT-20260328-091741
2026-03-28 10:23:06.934,4,SO,105843,1,0,857,3925.2,LT-20260328-091741
2026-03-28 10:23:07.728,4,SO,105844,1,0,792,3926,LT-20260328-091741
2026-03-28 10:23:08.550,4,SO,105845,1,0,820,3926.8,LT-20260328-091741
2026-03-28 10:23:09.386,4,SO,105846,1,0,835,3927.6,LT-20260328-091741
2026-03-28 10:23:10.191,4,SO,105847,1,0,803,3928.4,LT-20260328-091741
2026-03-28 10:23:10.971,4,SO,105848,1,0,779,3929.2,LT-20260328-091741
2026-03-28 10:23:11.779,4,SO,105849,1,0,806,3930,LT-20260328-091741
2026-03-28 10:23:12.589,4,SO,105850,1,0,808,3930.8,LT-20260328-091741
2026-03-28 10:23:13.400,4,SO,105851,1,0,809,3931.6,LT-20260328-091741
2026-03-28 10:23:14.213,4,SO,105852,1,0,812,3932.5,LT-20260328-091741
2026-03-28 10:23:14.881,4,SO,105853,1,0,667,3933.1,LT-20260328-091741
2026-03-28 10:23:15.486,4,SO,105854,1,0,603,3933.7,LT-20260328-091741
2026-03-28 10:23:16.110,4,SO,105855,1,0,622,3934.4,LT-20260328-091741
2026-03-28 10:23:16.752,4,SO,105856,1,0,640,3935,LT-20260328-091741
2026-03-28 10:23:17.381,4,SO,105857,1,0,627,3935.6,LT-20260328-091741
2026-03-28 10:23:17.971,4,SO,105858,1,0,588,3936.2,LT-20260328-091741
2026-03-28 10:23:18.586,4,SO,105859,1,0,613,3936.8,LT-20260328-091741
2026-03-28 10:23:19.203,4,SO,105860,1,0,616,3937.4,LT-20260328-091741
2026-03-28 10:23:19.802,4,SO,105861,1,0,598,3938,LT-20260328-091741
2026-03-28 10:23:20.444,4,SO,105862,1,0,640,3938.7,LT-20260328-091741
2026-03-28 10:23:21.075,4,SO,105863,1,0,630,3939.3,LT-20260328-091741
2026-03-28 10:23:21.691,4,SO,105864,1,0,615,3939.9,LT-20260328-091741
2026-03-28 10:23:22.292,4,SO,105865,1,0,599,3940.5,LT-20260328-091741
2026-03-28 10:23:22.932,4,SO,105866,1,0,638,3941.2,LT-20260328-091741
2026-03-28 10:23:23.594,4,SO,105867,1,0,660,3941.8,LT-20260328-091741
2026-03-28 10:23:24.254,4,SO,105868,1,0,658,3942.5,LT-20260328-091741
2026-03-28 10:23:24.938,4,SO,105869,1,0,682,3943.2,LT-20260328-091741
2026-03-28 10:23:25.623,4,SO,105870,1,0,684,3943.9,LT-20260328-091741
2026-03-28 10:23:26.277,4,SO,105871,1,0,653,3944.5,LT-20260328-091741
2026-03-28 10:23:26.955,4,SO,105872,1,0,676,3945.2,LT-20260328-091741
2026-03-28 10:23:27.582,4,SO,105873,1,0,626,3945.8,LT-20260328-091741
2026-03-28 10:23:28.237,4,SO,105874,1,0,653,3946.5,LT-20260328-091741
2026-03-28 10:23:28.848,4,SO,105875,1,0,609,3947.1,LT-20260328-091741
2026-03-28 10:23:29.448,4,SO,105876,1,0,599,3947.7,LT-20260328-091741
2026-03-28 10:23:30.055,4,SO,105877,1,0,604,3948.3,LT-20260328-091741
2026-03-28 10:23:30.670,4,SO,105878,1,0,614,3948.9,LT-20260328-091741
2026-03-28 10:23:31.285,4,SO,105879,1,0,613,3949.5,LT-20260328-091741
2026-03-28 10:23:31.926,4,SO,105880,1,0,639,3950.2,LT-20260328-091741
2026-03-28 10:23:32.535,4,SO,105881,1,0,608,3950.8,LT-20260328-091741
2026-03-28 10:23:33.141,4,SO,105882,1,0,605,3951.4,LT-20260328-091741
2026-03-28 10:23:33.762,4,SO,105883,1,0,620,3952,LT-20260328-091741
2026-03-28 10:23:34.407,4,SO,105884,1,0,643,3952.7,LT-20260328-091741
2026-03-28 10:23:35.193,4,SO,105885,1,0,785,3953.4,LT-20260328-091741
2026-03-28 10:23:35.999,4,SO,105886,1,0,805,3954.2,LT-20260328-091741
2026-03-28 10:23:36.805,4,SO,105887,1,0,803,3955,LT-20260328-091741
2026-03-28 10:23:37.615,4,SO,105888,1,0,809,3955.9,LT-20260328-091741
2026-03-28 10:23:38.422,4,SO,105889,1,0,805,3956.7,LT-20260328-091741
2026-03-28 10:23:39.186,4,SO,105890,1,0,762,3957.4,LT-20260328-091741
2026-03-28 10:23:39.952,4,SO,105891,1,0,765,3958.2,LT-20260328-091741
2026-03-28 10:23:40.742,4,SO,105892,1,0,788,3959,LT-20260328-091741
2026-03-28 10:23:41.550,4,SO,105893,1,0,806,3959.8,LT-20260328-091741
2026-03-28 10:23:42.342,4,SO,105894,1,0,791,3960.6,LT-20260328-091741
2026-03-28 10:23:43.136,4,SO,105895,1,0,792,3961.4,LT-20260328-091741
2026-03-28 10:23:43.963,4,SO,105896,1,0,825,3962.2,LT-20260328-091741
2026-03-28 10:23:44.677,4,SO,105897,1,0,712,3962.9,LT-20260328-091741
2026-03-28 10:23:45.303,4,SO,105898,1,0,625,3963.5,LT-20260328-091741
2026-03-28 10:23:45.911,4,SO,105899,1,0,606,3964.2,LT-20260328-091741
2026-03-28 10:23:46.545,4,SO,105900,1,0,632,3964.8,LT-20260328-091741
2026-03-28 10:23:47.187,4,SO,105901,1,0,641,3965.4,LT-20260328-091741
2026-03-28 10:23:47.846,4,SO,105902,1,0,657,3966.1,LT-20260328-091741
2026-03-28 10:23:48.460,4,SO,105903,1,0,613,3966.7,LT-20260328-091741
2026-03-28 10:23:49.097,4,SO,105904,1,0,634,3967.3,LT-20260328-091741
2026-03-28 10:23:49.702,4,SO,105905,1,0,604,3967.9,LT-20260328-091741
2026-03-28 10:23:50.324,4,SO,105906,1,0,621,3968.6,LT-20260328-091741
2026-03-28 10:23:50.949,4,SO,105907,1,0,623,3969.2,LT-20260328-091741
2026-03-28 10:23:51.563,4,SO,105908,1,0,612,3969.8,LT-20260328-091741
2026-03-28 10:23:52.203,4,SO,105909,1,0,638,3970.4,LT-20260328-091741
2026-03-28 10:23:52.809,4,SO,105910,1,0,604,3971.1,LT-20260328-091741
2026-03-28 10:23:53.427,4,SO,105911,1,0,616,3971.7,LT-20260328-091741
2026-03-28 10:23:54.026,4,SO,105912,1,0,598,3972.3,LT-20260328-091741
2026-03-28 10:23:54.762,4,SO,105913,1,0,734,3973,LT-20260328-091741
2026-03-28 10:23:55.559,4,SO,105914,1,0,795,3973.8,LT-20260328-091741
2026-03-28 10:23:56.329,4,SO,105915,1,0,769,3974.6,LT-20260328-091741
2026-03-28 10:23:57.146,4,SO,105916,1,0,816,3975.4,LT-20260328-091741
2026-03-28 10:23:57.949,4,SO,105917,1,0,801,3976.2,LT-20260328-091741
2026-03-28 10:23:58.754,4,SO,105918,1,0,802,3977,LT-20260328-091741
2026-03-28 10:23:59.549,4,SO,105919,1,0,794,3977.8,LT-20260328-091741
2026-03-28 10:24:00.360,4,SO,105920,1,0,809,3978.6,LT-20260328-091741
2026-03-28 10:24:01.246,4,SO,105921,1,0,884,3979.5,LT-20260328-091741
2026-03-28 10:24:02.056,4,SO,105922,1,0,808,3980.3,LT-20260328-091741
2026-03-28 10:24:02.852,4,SO,105923,1,0,795,3981.1,LT-20260328-091741
2026-03-28 10:24:03.656,4,SO,105924,1,0,802,3981.9,LT-20260328-091741
2026-03-28 10:24:04.419,4,SO,105925,1,0,762,3982.7,LT-20260328-091741
2026-03-28 10:24:05.044,4,SO,105926,1,0,623,3983.3,LT-20260328-091741
2026-03-28 10:24:05.648,4,SO,105927,1,0,602,3983.9,LT-20260328-091741
2026-03-28 10:24:06.295,4,SO,105928,1,0,645,3984.5,LT-20260328-091741
2026-03-28 10:24:06.907,4,SO,105929,1,0,610,3985.2,LT-20260328-091741
2026-03-28 10:24:07.531,4,SO,105930,1,0,622,3985.8,LT-20260328-091741
2026-03-28 10:24:08.147,4,SO,105931,1,0,613,3986.4,LT-20260328-091741
2026-03-28 10:24:08.782,4,SO,105932,1,0,633,3987,LT-20260328-091741
2026-03-28 10:24:09.376,4,SO,105933,1,0,592,3987.6,LT-20260328-091741
2026-03-28 10:24:10.000,4,SO,105934,1,0,623,3988.2,LT-20260328-091741
2026-03-28 10:24:10.609,4,SO,105935,1,0,608,3988.9,LT-20260328-091741
2026-03-28 10:24:11.220,4,SO,105936,1,0,610,3989.5,LT-20260328-091741
2026-03-28 10:24:11.839,4,SO,105937,1,0,618,3990.1,LT-20260328-091741
2026-03-28 10:24:12.453,4,SO,105938,1,0,612,3990.7,LT-20260328-091741
2026-03-28 10:24:13.063,4,SO,105939,1,0,608,3991.3,LT-20260328-091741
2026-03-28 10:24:13.657,4,SO,105940,1,0,592,3991.9,LT-20260328-091741
2026-03-28 10:24:14.279,4,SO,105941,1,0,620,3992.5,LT-20260328-091741
2026-03-28 10:24:15.028,4,SO,105942,1,0,746,3993.3,LT-20260328-091741
2026-03-28 10:24:15.828,4,SO,105943,1,0,798,3994.1,LT-20260328-091741
2026-03-28 10:24:16.641,4,SO,105944,1,0,811,3994.9,LT-20260328-091741
2026-03-28 10:24:17.446,4,SO,105945,1,0,803,3995.7,LT-20260328-091741
2026-03-28 10:24:18.251,4,SO,105946,1,0,803,3996.5,LT-20260328-091741
2026-03-28 10:24:19.054,4,SO,105947,1,0,801,3997.3,LT-20260328-091741
2026-03-28 10:24:19.845,4,SO,105948,1,0,789,3998.1,LT-20260328-091741
2026-03-28 10:24:20.641,4,SO,105949,1,0,794,3998.9,LT-20260328-091741
2026-03-28 10:24:21.465,4,SO,105950,1,0,823,3999.7,LT-20260328-091741
2026-03-28 10:24:22.284,4,SO,105951,1,0,817,4000.5,LT-20260328-091741
2026-03-28 10:24:23.092,4,SO,105952,1,0,807,4001.3,LT-20260328-091741
2026-03-28 10:24:23.939,4,SO,105953,1,0,845,4002.2,LT-20260328-091741
2026-03-28 10:24:24.699,4,SO,105954,1,0,759,4002.9,LT-20260328-091741
2026-03-28 10:24:25.292,4,SO,105955,1,0,592,4003.5,LT-20260328-091741
2026-03-28 10:24:25.888,4,SO,105956,1,0,595,4004.1,LT-20260328-091741
2026-03-28 10:24:26.485,4,SO,105957,1,0,596,4004.7,LT-20260328-091741
2026-03-28 10:24:27.082,4,SO,105958,1,0,596,4005.3,LT-20260328-091741
2026-03-28 10:24:27.679,4,SO,105959,1,0,595,4005.9,LT-20260328-091741
2026-03-28 10:24:28.279,4,SO,105960,1,0,599,4006.5,LT-20260328-091741
2026-03-28 10:24:28.875,4,SO,105961,1,0,594,4007.1,LT-20260328-091741
2026-03-28 10:24:29.462,4,SO,105962,1,0,585,4007.7,LT-20260328-091741
2026-03-28 10:24:30.076,4,SO,105963,1,0,613,4008.3,LT-20260328-091741
2026-03-28 10:24:30.710,4,SO,105964,1,0,632,4009,LT-20260328-091741
2026-03-28 10:24:31.335,4,SO,105965,1,0,623,4009.6,LT-20260328-091741
2026-03-28 10:24:31.923,4,SO,105966,1,0,587,4010.2,LT-20260328-091741
2026-03-28 10:24:32.550,4,SO,105967,1,0,626,4010.8,LT-20260328-091741
2026-03-28 10:24:33.186,4,SO,105968,1,0,633,4011.4,LT-20260328-091741
2026-03-28 10:24:33.791,4,SO,105969,1,0,604,4012,LT-20260328-091741
2026-03-28 10:24:34.472,4,SO,105970,1,0,679,4012.7,LT-20260328-091741
2026-03-28 10:24:35.268,4,SO,105971,1,0,793,4013.5,LT-20260328-091741
2026-03-28 10:24:36.138,4,SO,105972,1,0,868,4014.4,LT-20260328-091741
2026-03-28 10:24:36.989,4,SO,105973,1,0,848,4015.2,LT-20260328-091741
2026-03-28 10:24:37.837,4,SO,105974,1,0,845,4016.1,LT-20260328-091741
2026-03-28 10:24:38.671,4,SO,105975,1,0,833,4016.9,LT-20260328-091741
2026-03-28 10:24:39.509,4,SO,105976,1,0,836,4017.8,LT-20260328-091741
2026-03-28 10:24:40.370,4,SO,105977,1,0,859,4018.6,LT-20260328-091741
2026-03-28 10:24:41.194,4,SO,105978,1,0,823,4019.4,LT-20260328-091741
2026-03-28 10:24:42.008,4,SO,105979,1,0,813,4020.3,LT-20260328-091741
2026-03-28 10:24:42.854,4,SO,105980,1,0,842,4021.1,LT-20260328-091741
2026-03-28 10:24:43.694,4,SO,105981,1,0,838,4021.9,LT-20260328-091741
2026-03-28 10:24:44.534,4,SO,105982,1,0,836,4022.8,LT-20260328-091741
2026-03-28 10:24:45.335,4,SO,105983,1,0,799,4023.6,LT-20260328-091741
2026-03-28 10:24:46.182,4,SO,105984,1,0,844,4024.4,LT-20260328-091741
2026-03-28 10:24:47.007,4,SO,105985,1,0,823,4025.3,LT-20260328-091741
2026-03-28 10:24:47.845,4,SO,105986,1,0,836,4026.1,LT-20260328-091741
2026-03-28 10:24:48.673,4,SO,105987,1,0,825,4026.9,LT-20260328-091741
2026-03-28 10:24:49.505,4,SO,105988,1,0,830,4027.7,LT-20260328-091741
2026-03-28 10:24:50.331,4,SO,105989,1,0,824,4028.6,LT-20260328-091741
2026-03-28 10:24:51.157,4,SO,105990,1,0,823,4029.4,LT-20260328-091741
2026-03-28 10:24:51.977,4,SO,105991,1,0,818,4030.2,LT-20260328-091741
2026-03-28 10:24:52.801,4,SO,105992,1,0,822,4031,LT-20260328-091741
2026-03-28 10:24:53.675,4,SO,105993,1,0,871,4031.9,LT-20260328-091741
2026-03-28 10:24:54.726,4,SO,105994,1,0,1048,4033,LT-20260328-091741
2026-03-28 10:24:55.494,4,SO,105995,1,0,767,4033.7,LT-20260328-091741
2026-03-28 10:24:56.352,4,SO,105996,1,0,855,4034.6,LT-20260328-091741
2026-03-28 10:24:57.182,4,SO,105997,1,0,828,4035.4,LT-20260328-091741
2026-03-28 10:24:58.021,4,SO,105998,1,0,838,4036.3,LT-20260328-091741
2026-03-28 10:24:58.854,4,SO,105999,1,0,830,4037.1,LT-20260328-091741
2026-03-28 10:24:59.683,4,SO,106000,1,0,827,4037.9,LT-20260328-091741
2026-03-28 10:25:00.523,4,SO,106001,1,0,839,4038.8,LT-20260328-091741
2026-03-28 10:25:01.354,4,SO,106002,1,0,829,4039.6,LT-20260328-091741
2026-03-28 10:25:02.178,4,SO,106003,1,0,822,4040.4,LT-20260328-091741
2026-03-28 10:25:03.027,4,SO,106004,1,0,837,4041.3,LT-20260328-091741
2026-03-28 10:25:03.878,4,SO,106005,1,0,849,4042.1,LT-20260328-091741
2026-03-28 10:25:04.710,4,SO,106006,1,0,830,4043,LT-20260328-091741
2026-03-28 10:25:05.556,4,SO,106007,1,0,842,4043.8,LT-20260328-091741
2026-03-28 10:25:06.531,4,SO,106008,1,0,849,4044.8,LT-20260328-091741
2026-03-28 10:25:07.735,4,SO,106009,1,0,996,4046,LT-20260328-091741
2026-03-28 10:25:08.577,4,SO,106010,1,0,840,4046.8,LT-20260328-091741
2026-03-28 10:25:09.429,4,SO,106011,1,0,848,4047.7,LT-20260328-091741
2026-03-28 10:25:10.283,4,SO,106012,1,0,849,4048.5,LT-20260328-091741
2026-03-28 10:25:11.120,4,SO,106013,1,0,835,4049.4,LT-20260328-091741
2026-03-28 10:25:11.946,4,SO,106014,1,0,822,4050.2,LT-20260328-091741
2026-03-28 10:25:12.784,4,SO,106015,1,0,836,4051,LT-20260328-091741
2026-03-28 10:25:13.659,4,SO,106016,1,0,873,4051.9,LT-20260328-091741
2026-03-28 10:25:14.508,4,SO,106017,1,0,844,4052.8,LT-20260328-091741
2026-03-28 10:25:15.461,4,SO,106018,1,0,951,4053.7,LT-20260328-091741
2026-03-28 10:25:16.111,4,SO,106019,1,0,646,4054.4,LT-20260328-091741
2026-03-28 10:25:16.755,4,SO,106020,1,0,640,4055,LT-20260328-091741
2026-03-28 10:25:17.384,4,SO,106021,1,0,627,4055.6,LT-20260328-091741
2026-03-28 10:25:18.004,4,SO,106022,1,0,617,4056.2,LT-20260328-091741
2026-03-28 10:25:18.638,4,SO,106023,1,0,633,4056.9,LT-20260328-091741
2026-03-28 10:25:19.380,4,SO,106024,1,0,639,4057.6,LT-20260328-091741
2026-03-28 10:25:20.008,4,SO,106025,1,0,626,4058.3,LT-20260328-091741
2026-03-28 10:25:20.691,4,SO,106026,1,0,641,4058.9,LT-20260328-091741
2026-03-28 10:25:21.317,4,SO,106027,1,0,623,4059.6,LT-20260328-091741
2026-03-28 10:25:21.967,4,SO,106028,1,0,649,4060.2,LT-20260328-091741
2026-03-28 10:25:22.649,4,SO,106029,1,0,678,4060.9,LT-20260328-091741
2026-03-28 10:25:23.310,4,SO,106030,1,0,660,4061.6,LT-20260328-091741
2026-03-28 10:25:23.936,4,SO,106031,1,0,621,4062.2,LT-20260328-091741
2026-03-28 10:25:24.576,4,SO,106032,1,0,637,4062.8,LT-20260328-091741
2026-03-28 10:25:25.224,4,SO,106033,1,0,645,4063.5,LT-20260328-091741
2026-03-28 10:25:25.859,4,SO,106034,1,0,633,4064.1,LT-20260328-091741
2026-03-28 10:25:26.479,4,SO,106035,1,0,619,4064.7,LT-20260328-091741
2026-03-28 10:25:27.098,4,SO,106036,1,0,618,4065.3,LT-20260328-091741
2026-03-28 10:25:27.726,4,SO,106037,1,0,626,4066,LT-20260328-091741
2026-03-28 10:25:28.331,4,SO,106038,1,0,604,4066.6,LT-20260328-091741
2026-03-28 10:25:28.938,4,SO,106039,1,0,605,4067.2,LT-20260328-091741
2026-03-28 10:25:29.556,4,SO,106040,1,0,617,4067.8,LT-20260328-091741
2026-03-28 10:25:30.196,4,SO,106041,1,0,638,4068.4,LT-20260328-091741
2026-03-28 10:25:30.832,4,SO,106042,1,0,634,4069.1,LT-20260328-091741
2026-03-28 10:25:31.454,4,SO,106043,1,0,621,4069.7,LT-20260328-091741
2026-03-28 10:25:32.050,4,SO,106044,1,0,595,4070.3,LT-20260328-091741
2026-03-28 10:25:32.681,4,SO,106045,1,0,630,4070.9,LT-20260328-091741
2026-03-28 10:25:33.296,4,SO,106046,1,0,613,4071.5,LT-20260328-091741
2026-03-28 10:25:33.912,4,SO,106047,1,0,615,4072.2,LT-20260328-091741
2026-03-28 10:25:34.543,4,SO,106048,1,0,629,4072.8,LT-20260328-091741
2026-03-28 10:25:35.148,4,SO,106049,1,0,604,4073.4,LT-20260328-091741
2026-03-28 10:25:36.256,4,SO,106050,1,0,1106,4074.5,LT-20260328-091741
2026-03-28 10:25:37.071,4,SO,106051,1,0,814,4075.3,LT-20260328-091741
2026-03-28 10:25:37.891,4,SO,106052,1,0,818,4076.1,LT-20260328-091741
2026-03-28 10:25:38.726,4,SO,106053,1,0,832,4077,LT-20260328-091741
2026-03-28 10:25:39.918,4,SO,106054,1,0,1190,4078.2,LT-20260328-091741
2026-03-28 10:25:40.881,4,SO,106055,1,0,962,4079.1,LT-20260328-091741
2026-03-28 10:25:41.812,4,SO,106056,1,0,928,4080.1,LT-20260328-091741
2026-03-28 10:25:42.631,4,SO,106057,1,0,816,4080.9,LT-20260328-091741
2026-03-28 10:25:43.458,4,SO,106058,1,0,826,4081.7,LT-20260328-091741
2026-03-28 10:25:44.272,4,SO,106059,1,0,812,4082.5,LT-20260328-091741
2026-03-28 10:25:45.075,4,SO,106060,1,0,801,4083.3,LT-20260328-091741
2026-03-28 10:25:45.824,4,SO,106061,1,0,748,4084.1,LT-20260328-091741
2026-03-28 10:25:46.451,4,SO,106062,1,0,626,4084.7,LT-20260328-091741
2026-03-28 10:25:47.086,4,SO,106063,1,0,634,4085.3,LT-20260328-091741
2026-03-28 10:25:47.726,4,SO,106064,1,0,639,4086,LT-20260328-091741
2026-03-28 10:25:48.363,4,SO,106065,1,0,636,4086.6,LT-20260328-091741
2026-03-28 10:25:48.996,4,SO,106066,1,0,623,4087.2,LT-20260328-091741
2026-03-28 10:25:49.612,4,SO,106067,1,0,614,4087.9,LT-20260328-091741
2026-03-28 10:25:50.242,4,SO,106068,1,0,628,4088.5,LT-20260328-091741
2026-03-28 10:25:50.881,4,SO,106069,1,0,638,4089.1,LT-20260328-091741
2026-03-28 10:25:51.492,4,SO,106070,1,0,610,4089.7,LT-20260328-091741
2026-03-28 10:25:52.102,4,SO,106071,1,0,608,4090.3,LT-20260328-091741
2026-03-28 10:25:52.714,4,SO,106072,1,0,612,4091,LT-20260328-091741
2026-03-28 10:25:53.335,4,SO,106073,1,0,619,4091.6,LT-20260328-091741
2026-03-28 10:25:53.968,4,SO,106074,1,0,615,4092.2,LT-20260328-091741
2026-03-28 10:25:54.610,4,SO,106075,1,0,640,4092.9,LT-20260328-091741
2026-03-28 10:25:55.226,4,SO,106076,1,0,614,4093.5,LT-20260328-091741
2026-03-28 10:25:56.044,4,SO,106077,1,0,816,4094.3,LT-20260328-091741
2026-03-28 10:25:56.867,4,SO,106078,1,0,821,4095.1,LT-20260328-091741
2026-03-28 10:25:57.712,4,SO,106079,1,0,842,4096,LT-20260328-091741
2026-03-28 10:25:58.520,4,SO,106080,1,0,807,4096.8,LT-20260328-091741
2026-03-28 10:25:59.377,4,SO,106081,1,0,855,4097.6,LT-20260328-091741
2026-03-28 10:26:00.195,4,SO,106082,1,0,816,4098.4,LT-20260328-091741
2026-03-28 10:26:01.051,4,SO,106083,1,0,854,4099.3,LT-20260328-091741
2026-03-28 10:26:01.899,4,SO,106084,1,0,846,4100.1,LT-20260328-091741
2026-03-28 10:26:02.694,4,SO,106085,1,0,793,4100.9,LT-20260328-091741
2026-03-28 10:26:03.489,4,SO,106086,1,0,794,4101.7,LT-20260328-091741
2026-03-28 10:26:04.268,4,SO,106087,1,0,778,4102.5,LT-20260328-091741
2026-03-28 10:26:05.104,4,SO,106088,1,0,834,4103.3,LT-20260328-091741
2026-03-28 10:26:06.010,4,SO,106089,1,0,900,4104.3,LT-20260328-091741
2026-03-28 10:26:06.935,4,SO,106090,1,0,923,4105.2,LT-20260328-091741
2026-03-28 10:26:07.890,4,SO,106091,1,0,955,4106.1,LT-20260328-091741
2026-03-28 10:26:08.937,4,SO,106092,1,0,1045,4107.2,LT-20260328-091741
2026-03-28 10:26:10.066,4,SO,106093,1,0,1128,4108.3,LT-20260328-091741
2026-03-28 10:26:11.258,4,SO,106094,1,0,1191,4109.5,LT-20260328-091741
2026-03-28 10:26:12.735,4,SO,106095,1,0,1475,4111,LT-20260328-091741
2026-03-28 10:26:13.991,4,SO,106096,1,0,1255,4112.2,LT-20260328-091741
2026-03-28 10:26:15.087,4,SO,106097,1,0,1095,4113.3,LT-20260328-091741
2026-03-28 10:26:16.019,4,SO,106098,1,0,916,4114.3,LT-20260328-091741
2026-03-28 10:26:16.707,4,SO,106099,1,0,687,4115,LT-20260328-091741
2026-03-28 10:26:17.338,4,SO,106100,1,0,630,4115.6,LT-20260328-091741
2026-03-28 10:26:17.970,4,SO,106101,1,0,629,4116.2,LT-20260328-091741
2026-03-28 10:26:18.597,4,SO,106102,1,0,626,4116.8,LT-20260328-091741
2026-03-28 10:26:19.214,4,SO,106103,1,0,616,4117.5,LT-20260328-091741
2026-03-28 10:26:19.823,4,SO,106104,1,0,607,4118.1,LT-20260328-091741
2026-03-28 10:26:20.438,4,SO,106105,1,0,614,4118.7,LT-20260328-091741
2026-03-28 10:26:21.034,4,SO,106106,1,0,595,4119.3,LT-20260328-091741
2026-03-28 10:26:21.635,4,SO,106107,1,0,600,4119.9,LT-20260328-091741
2026-03-28 10:26:22.253,4,SO,106108,1,0,616,4120.5,LT-20260328-091741
2026-03-28 10:26:22.911,4,SO,106109,1,0,657,4121.2,LT-20260328-091741
2026-03-28 10:26:23.530,4,SO,106110,1,0,617,4121.8,LT-20260328-091741
2026-03-28 10:26:24.173,4,SO,106111,1,0,642,4122.4,LT-20260328-091741
2026-03-28 10:26:24.785,4,SO,106112,1,0,610,4123,LT-20260328-091741
2026-03-28 10:26:25.422,4,SO,106113,1,0,636,4123.7,LT-20260328-091741
2026-03-28 10:26:26.232,4,SO,106114,1,0,808,4124.5,LT-20260328-091741
2026-03-28 10:26:27.062,4,SO,106115,1,0,828,4125.3,LT-20260328-091741
2026-03-28 10:26:27.837,4,SO,106116,1,0,774,4126.1,LT-20260328-091741
2026-03-28 10:26:28.673,4,SO,106117,1,0,834,4126.9,LT-20260328-091741
2026-03-28 10:26:29.481,4,SO,106118,1,0,806,4127.7,LT-20260328-091741
2026-03-28 10:26:30.273,4,SO,106119,1,0,790,4128.5,LT-20260328-091741
2026-03-28 10:26:31.101,4,SO,106120,1,0,826,4129.3,LT-20260328-091741
2026-03-28 10:26:31.918,4,SO,106121,1,0,816,4130.2,LT-20260328-091741
2026-03-28 10:26:32.786,4,SO,106122,1,0,865,4131,LT-20260328-091741
2026-03-28 10:26:33.621,4,SO,106123,1,0,834,4131.9,LT-20260328-091741
2026-03-28 10:26:34.620,4,SO,106124,1,0,997,4132.9,LT-20260328-091741
2026-03-28 10:26:35.489,4,SO,106125,1,0,868,4133.7,LT-20260328-091741
2026-03-28 10:26:36.117,4,SO,106126,1,0,626,4134.4,LT-20260328-091741
2026-03-28 10:26:36.740,4,SO,106127,1,0,621,4135,LT-20260328-091741
2026-03-28 10:26:37.361,4,SO,106128,1,0,619,4135.6,LT-20260328-091741
2026-03-28 10:26:37.967,4,SO,106129,1,0,605,4136.2,LT-20260328-091741
2026-03-28 10:26:38.645,4,SO,106130,1,0,676,4136.9,LT-20260328-091741
2026-03-28 10:26:39.252,4,SO,106131,1,0,606,4137.5,LT-20260328-091741
2026-03-28 10:26:39.864,4,SO,106132,1,0,610,4138.1,LT-20260328-091741
2026-03-28 10:26:40.472,4,SO,106133,1,0,606,4138.7,LT-20260328-091741
2026-03-28 10:26:41.070,4,SO,106134,1,0,596,4139.3,LT-20260328-091741
2026-03-28 10:26:41.691,4,SO,106135,1,0,620,4139.9,LT-20260328-091741
2026-03-28 10:26:42.313,4,SO,106136,1,0,620,4140.6,LT-20260328-091741
2026-03-28 10:26:42.925,4,SO,106137,1,0,610,4141.2,LT-20260328-091741
2026-03-28 10:26:43.567,4,SO,106138,1,0,640,4141.8,LT-20260328-091741
2026-03-28 10:26:44.180,4,SO,106139,1,0,611,4142.4,LT-20260328-091741
2026-03-28 10:26:44.794,4,SO,106140,1,0,612,4143,LT-20260328-091741
2026-03-28 10:26:45.396,4,SO,106141,1,0,600,4143.6,LT-20260328-091741
2026-03-28 10:26:46.016,4,SO,106142,1,0,618,4144.3,LT-20260328-091741
2026-03-28 10:26:46.652,4,SO,106143,1,0,635,4144.9,LT-20260328-091741
2026-03-28 10:26:47.266,4,SO,106144,1,0,612,4145.5,LT-20260328-091741
2026-03-28 10:26:47.853,4,SO,106145,1,0,585,4146.1,LT-20260328-091741
2026-03-28 10:26:48.470,4,SO,106146,1,0,616,4146.7,LT-20260328-091741
2026-03-28 10:26:49.105,4,SO,106147,1,0,633,4147.3,LT-20260328-091741
2026-03-28 10:26:49.699,4,SO,106148,1,0,593,4147.9,LT-20260328-091741
2026-03-28 10:26:50.450,4,SO,106149,1,0,750,4148.7,LT-20260328-091741
2026-03-28 10:26:51.051,4,SO,106150,1,0,599,4149.3,LT-20260328-091741
2026-03-28 10:26:51.672,4,SO,106151,1,0,620,4149.9,LT-20260328-091741
2026-03-28 10:26:52.465,4,SO,106152,1,0,791,4150.7,LT-20260328-091741
2026-03-28 10:26:53.055,4,SO,106153,1,0,589,4151.3,LT-20260328-091741
2026-03-28 10:26:53.719,4,SO,106154,1,0,662,4152,LT-20260328-091741
2026-03-28 10:26:54.358,4,SO,106155,1,0,638,4152.6,LT-20260328-091741
2026-03-28 10:26:54.976,4,SO,106156,1,0,614,4153.2,LT-20260328-091741
2026-03-28 10:26:55.707,4,SO,106157,1,0,729,4154,LT-20260328-091741
2026-03-28 10:26:56.826,4,SO,106158,1,0,1118,4155.1,LT-20260328-091741
2026-03-28 10:26:57.866,4,SO,106159,1,0,1039,4156.1,LT-20260328-091741
2026-03-28 10:26:58.731,4,SO,106160,1,0,862,4157,LT-20260328-091741
2026-03-28 10:26:59.523,4,SO,106161,1,0,791,4157.8,LT-20260328-091741
2026-03-28 10:27:00.360,4,SO,106162,1,0,834,4158.6,LT-20260328-091741
2026-03-28 10:27:01.614,4,SO,106163,1,0,1251,4159.9,LT-20260328-091741
2026-03-28 10:27:02.482,4,SO,106164,1,0,866,4160.7,LT-20260328-091741
2026-03-28 10:27:03.287,4,SO,106165,1,0,804,4161.5,LT-20260328-091741
2026-03-28 10:27:04.096,4,SO,106166,1,0,808,4162.3,LT-20260328-091741
2026-03-28 10:27:04.947,4,SO,106167,1,0,849,4163.2,LT-20260328-091741
2026-03-28 10:27:05.641,4,SO,106168,1,0,693,4163.9,LT-20260328-091741
2026-03-28 10:27:06.239,4,SO,106169,1,0,595,4164.5,LT-20260328-091741
2026-03-28 10:27:06.869,4,SO,106170,1,0,629,4165.1,LT-20260328-091741
2026-03-28 10:27:07.499,4,SO,106171,1,0,629,4165.7,LT-20260328-091741
2026-03-28 10:27:08.152,4,SO,106172,1,0,651,4166.4,LT-20260328-091741
2026-03-28 10:27:08.937,4,SO,106173,1,0,784,4167.2,LT-20260328-091741
2026-03-28 10:27:09.580,4,SO,106174,1,0,641,4167.8,LT-20260328-091741
2026-03-28 10:27:10.177,4,SO,106175,1,0,596,4168.4,LT-20260328-091741
2026-03-28 10:27:10.768,4,SO,106176,1,0,589,4169,LT-20260328-091741
2026-03-28 10:27:11.379,4,SO,106177,1,0,610,4169.6,LT-20260328-091741
2026-03-28 10:27:11.988,4,SO,106178,1,0,608,4170.2,LT-20260328-091741
2026-03-28 10:27:12.626,4,SO,106179,1,0,635,4170.9,LT-20260328-091741
2026-03-28 10:27:13.270,4,SO,106180,1,0,642,4171.5,LT-20260328-091741
2026-03-28 10:27:13.914,4,SO,106181,1,0,643,4172.2,LT-20260328-091741
2026-03-28 10:27:14.546,4,SO,106182,1,0,631,4172.8,LT-20260328-091741
2026-03-28 10:27:15.173,4,SO,106183,1,0,624,4173.4,LT-20260328-091741
2026-03-28 10:27:15.785,4,SO,106184,1,0,610,4174,LT-20260328-091741
2026-03-28 10:27:16.434,4,SO,106185,1,0,646,4174.7,LT-20260328-091741
2026-03-28 10:27:17.038,4,SO,106186,1,0,602,4175.3,LT-20260328-091741
2026-03-28 10:27:17.646,4,SO,106187,1,0,606,4175.9,LT-20260328-091741
2026-03-28 10:27:18.335,4,SO,106188,1,0,688,4176.6,LT-20260328-091741
2026-03-28 10:27:18.922,4,SO,106189,1,0,585,4177.2,LT-20260328-091741
2026-03-28 10:27:19.521,4,SO,106190,1,0,597,4177.8,LT-20260328-091741
2026-03-28 10:27:20.146,4,SO,106191,1,0,623,4178.4,LT-20260328-091741
2026-03-28 10:27:20.776,4,SO,106192,1,0,629,4179,LT-20260328-091741
2026-03-28 10:27:21.383,4,SO,106193,1,0,606,4179.6,LT-20260328-091741
2026-03-28 10:27:22.018,4,SO,106194,1,0,632,4180.3,LT-20260328-091741
2026-03-28 10:27:22.617,4,SO,106195,1,0,597,4180.9,LT-20260328-091741
2026-03-28 10:27:23.312,4,SO,106196,1,0,693,4181.6,LT-20260328-091741
2026-03-28 10:27:23.971,4,SO,106197,1,0,658,4182.2,LT-20260328-091741
2026-03-28 10:27:24.581,4,SO,106198,1,0,609,4182.8,LT-20260328-091741
2026-03-28 10:27:25.173,4,SO,106199,1,0,590,4183.4,LT-20260328-091741
2026-03-28 10:27:25.996,4,SO,106200,1,0,822,4184.2,LT-20260328-091741
2026-03-28 10:27:26.725,4,SO,106201,1,0,727,4185,LT-20260328-091741
2026-03-28 10:27:27.352,4,SO,106202,1,0,624,4185.6,LT-20260328-091741
2026-03-28 10:27:27.969,4,SO,106203,1,0,616,4186.2,LT-20260328-091741
2026-03-28 10:27:28.570,4,SO,106204,1,0,599,4186.8,LT-20260328-091741
2026-03-28 10:27:29.188,4,SO,106205,1,0,616,4187.4,LT-20260328-091741
2026-03-28 10:27:29.811,4,SO,106206,1,0,621,4188.1,LT-20260328-091741
2026-03-28 10:27:30.443,4,SO,106207,1,0,630,4188.7,LT-20260328-091741
2026-03-28 10:27:31.040,4,SO,106208,1,0,594,4189.3,LT-20260328-091741
2026-03-28 10:27:31.672,4,SO,106209,1,0,631,4189.9,LT-20260328-091741
2026-03-28 10:27:32.277,4,SO,106210,1,0,603,4190.5,LT-20260328-091741
2026-03-28 10:27:32.877,4,SO,106211,1,0,597,4191.1,LT-20260328-091741
2026-03-28 10:27:33.493,4,SO,106212,1,0,614,4191.7,LT-20260328-091741
2026-03-28 10:27:34.122,4,SO,106213,1,0,627,4192.4,LT-20260328-091741
2026-03-28 10:27:34.733,4,SO,106214,1,0,610,4193,LT-20260328-091741
2026-03-28 10:27:35.359,4,SO,106215,1,0,624,4193.6,LT-20260328-091741
2026-03-28 10:27:35.993,4,SO,106216,1,0,634,4194.2,LT-20260328-091741
2026-03-28 10:27:36.673,4,SO,106217,1,0,678,4194.9,LT-20260328-091741
2026-03-28 10:27:37.485,4,SO,106218,1,0,809,4195.7,LT-20260328-091741
2026-03-28 10:27:38.297,4,SO,106219,1,0,811,4196.5,LT-20260328-091741
2026-03-28 10:27:39.110,4,SO,106220,1,0,812,4197.4,LT-20260328-091741
2026-03-28 10:27:39.911,4,SO,106221,1,0,798,4198.2,LT-20260328-091741
2026-03-28 10:27:40.767,4,SO,106222,1,0,855,4199,LT-20260328-091741
2026-03-28 10:27:41.602,4,SO,106223,1,0,833,4199.8,LT-20260328-091741
2026-03-28 10:27:42.411,4,SO,106224,1,0,807,4200.7,LT-20260328-091741
2026-03-28 10:27:43.232,4,SO,106225,1,0,820,4201.5,LT-20260328-091741
2026-03-28 10:27:44.146,4,PO,110567,1,0,911,4202.4,LT-20260328-091741
2026-03-28 10:27:44.806,4,PO,110568,1,0,659,4203.1,LT-20260328-091741
2026-03-28 10:27:45.488,4,PO,110569,1,0,681,4203.7,LT-20260328-091741
2026-03-28 10:27:46.149,4,PO,110570,1,0,659,4204.4,LT-20260328-091741
2026-03-28 10:27:46.690,4,PO,110571,1,0,540,4204.9,LT-20260328-091741
2026-03-28 10:27:47.166,4,PO,110572,1,0,474,4205.4,LT-20260328-091741
2026-03-28 10:27:47.636,4,PO,110573,1,0,468,4205.9,LT-20260328-091741
2026-03-28 10:27:48.122,4,PO,110574,1,0,484,4206.4,LT-20260328-091741
2026-03-28 10:27:48.600,4,PO,110575,1,0,476,4206.8,LT-20260328-091741
2026-03-28 10:27:49.091,4,PO,110576,1,0,490,4207.3,LT-20260328-091741
2026-03-28 10:27:49.805,4,PO,110577,1,0,709,4208.1,LT-20260328-091741
2026-03-28 10:27:50.288,4,PO,110578,1,0,481,4208.5,LT-20260328-091741
2026-03-28 10:27:50.753,4,PO,110579,1,0,463,4209,LT-20260328-091741
2026-03-28 10:27:51.243,4,PO,110580,1,0,488,4209.5,LT-20260328-091741
2026-03-28 10:27:51.760,4,PO,110581,1,0,512,4210,LT-20260328-091741
2026-03-28 10:27:52.233,4,PO,110582,1,0,471,4210.5,LT-20260328-091741
2026-03-28 10:27:52.698,4,PO,110583,1,0,464,4210.9,LT-20260328-091741
2026-03-28 10:27:53.191,4,PO,110584,1,0,491,4211.4,LT-20260328-091741
2026-03-28 10:27:53.713,4,PO,110585,1,0,519,4212,LT-20260328-091741
2026-03-28 10:27:54.204,4,PO,110586,1,0,488,4212.4,LT-20260328-091741
2026-03-28 10:27:54.686,4,PO,110587,1,0,481,4212.9,LT-20260328-091741
2026-03-28 10:27:55.191,4,PO,110588,1,0,504,4213.4,LT-20260328-091741
2026-03-28 10:27:55.684,4,PO,110589,1,0,490,4213.9,LT-20260328-091741
2026-03-28 10:27:56.169,4,PO,110590,1,0,483,4214.4,LT-20260328-091741
2026-03-28 10:27:56.811,4,PO,110591,1,0,640,4215.1,LT-20260328-091741
2026-03-28 10:27:57.477,4,PO,110592,1,0,664,4215.7,LT-20260328-091741
2026-03-28 10:27:58.139,4,PO,110593,1,0,661,4216.4,LT-20260328-091741
2026-03-28 10:27:58.808,4,PO,110594,1,0,667,4217.1,LT-20260328-091741
2026-03-28 10:27:59.493,4,PO,110595,1,0,684,4217.7,LT-20260328-091741
2026-03-28 10:28:00.197,4,PO,110596,1,0,702,4218.4,LT-20260328-091741
2026-03-28 10:28:00.865,4,PO,110597,1,0,667,4219.1,LT-20260328-091741
2026-03-28 10:28:01.562,4,PO,110598,1,0,695,4219.8,LT-20260328-091741
2026-03-28 10:28:02.245,4,PO,110599,1,0,680,4220.5,LT-20260328-091741
2026-03-28 10:28:02.916,4,PO,110600,1,0,670,4221.2,LT-20260328-091741
2026-03-28 10:28:03.604,4,PO,110601,1,0,687,4221.8,LT-20260328-091741
2026-03-28 10:28:04.284,4,PO,110602,1,0,679,4222.5,LT-20260328-091741
2026-03-28 10:28:04.986,4,PO,110603,1,0,701,4223.2,LT-20260328-091741
2026-03-28 10:28:05.671,4,PO,110604,1,0,683,4223.9,LT-20260328-091741
2026-03-28 10:28:06.500,4,PO,110605,1,0,827,4224.7,LT-20260328-091741
2026-03-28 10:28:07.234,4,PO,110606,1,0,732,4225.5,LT-20260328-091741
2026-03-28 10:28:07.948,4,PO,110607,1,0,714,4226.2,LT-20260328-091741
2026-03-28 10:28:08.623,4,PO,110608,1,0,672,4226.9,LT-20260328-091741
2026-03-28 10:28:09.315,4,PO,110609,1,0,691,4227.6,LT-20260328-091741
2026-03-28 10:28:10.026,4,PO,110610,1,0,709,4228.3,LT-20260328-091741
2026-03-28 10:28:10.712,4,PO,110611,1,0,684,4229,LT-20260328-091741
2026-03-28 10:28:11.383,4,PO,110612,1,0,670,4229.6,LT-20260328-091741
2026-03-28 10:28:12.032,4,PO,110613,1,0,647,4230.3,LT-20260328-091741
2026-03-28 10:28:12.687,4,PO,110614,1,0,654,4230.9,LT-20260328-091741
2026-03-28 10:28:13.355,4,PO,110615,1,0,666,4231.6,LT-20260328-091741
2026-03-28 10:28:14.002,4,PO,110616,1,0,645,4232.2,LT-20260328-091741
2026-03-28 10:28:14.654,4,PO,110617,1,0,651,4232.9,LT-20260328-091741
2026-03-28 10:28:15.422,4,PO,110618,1,0,767,4233.7,LT-20260328-091741
2026-03-28 10:28:16.102,4,PO,110619,1,0,679,4234.3,LT-20260328-091741
2026-03-28 10:28:16.804,4,PO,110620,1,0,700,4235,LT-20260328-091741
2026-03-28 10:28:17.460,4,PO,110621,1,0,654,4235.7,LT-20260328-091741
2026-03-28 10:28:18.147,4,PO,110622,1,0,685,4236.4,LT-20260328-091741
2026-03-28 10:28:18.808,4,PO,110623,1,0,660,4237.1,LT-20260328-091741
2026-03-28 10:28:19.461,4,PO,110624,1,0,651,4237.7,LT-20260328-091741
2026-03-28 10:28:20.119,4,PO,110625,1,0,657,4238.4,LT-20260328-091741
2026-03-28 10:28:20.797,4,PO,110626,1,0,676,4239,LT-20260328-091741
2026-03-28 10:28:21.438,4,PO,110627,1,0,640,4239.7,LT-20260328-091741
2026-03-28 10:28:22.105,4,PO,110628,1,0,666,4240.4,LT-20260328-091741
2026-03-28 10:28:22.771,4,PO,110629,1,0,663,4241,LT-20260328-091741
2026-03-28 10:28:23.421,4,PO,110630,1,0,648,4241.7,LT-20260328-091741
2026-03-28 10:28:24.084,4,PO,110631,1,0,662,4242.3,LT-20260328-091741
2026-03-28 10:28:24.748,4,PO,110632,1,0,664,4243,LT-20260328-091741
2026-03-28 10:28:25.395,4,PO,110633,1,0,645,4243.6,LT-20260328-091741
2026-03-28 10:28:26.202,4,PO,110634,1,0,805,4244.4,LT-20260328-091741
2026-03-28 10:28:26.860,4,PO,110635,1,0,657,4245.1,LT-20260328-091741
2026-03-28 10:28:27.538,4,PO,110636,1,0,676,4245.8,LT-20260328-091741
2026-03-28 10:28:28.200,4,PO,110637,1,0,661,4246.4,LT-20260328-091741
2026-03-28 10:28:28.849,4,PO,110638,1,0,647,4247.1,LT-20260328-091741
2026-03-28 10:28:29.520,4,PO,110639,1,0,669,4247.8,LT-20260328-091741
2026-03-28 10:28:30.185,4,PO,110640,1,0,663,4248.4,LT-20260328-091741
2026-03-28 10:28:30.860,4,PO,110641,1,0,674,4249.1,LT-20260328-091741
2026-03-28 10:28:31.598,4,PO,110642,1,0,737,4249.8,LT-20260328-091741
2026-03-28 10:28:32.260,4,PO,110643,1,0,660,4250.5,LT-20260328-091741
2026-03-28 10:28:32.920,4,PO,110644,1,0,659,4251.2,LT-20260328-091741
2026-03-28 10:28:33.576,4,PO,110645,1,0,654,4251.8,LT-20260328-091741
2026-03-28 10:28:34.231,4,PO,110646,1,0,655,4252.5,LT-20260328-091741
2026-03-28 10:28:34.887,4,PO,110647,1,0,655,4253.1,LT-20260328-091741
2026-03-28 10:28:35.634,4,PO,110648,1,0,746,4253.9,LT-20260328-091741
2026-03-28 10:28:36.350,4,PO,110649,1,0,713,4254.6,LT-20260328-091741
2026-03-28 10:28:37.045,4,PO,110650,1,0,693,4255.3,LT-20260328-091741
2026-03-28 10:28:37.745,4,PO,110651,1,0,698,4256,LT-20260328-091741
2026-03-28 10:28:38.425,4,PO,110652,1,0,679,4256.7,LT-20260328-091741
2026-03-28 10:28:39.069,4,PO,110653,1,0,642,4257.3,LT-20260328-091741
2026-03-28 10:28:39.719,4,PO,110654,1,0,649,4258,LT-20260328-091741
2026-03-28 10:28:40.942,4,PO,110655,1,0,1222,4259.2,LT-20260328-091741
2026-03-28 10:28:41.777,4,PO,110656,1,0,833,4260,LT-20260328-091741
2026-03-28 10:28:42.547,4,PO,110657,1,0,769,4260.8,LT-20260328-091741
2026-03-28 10:28:43.210,4,PO,110658,1,0,661,4261.5,LT-20260328-091741
2026-03-28 10:28:43.876,4,PO,110659,1,0,665,4262.1,LT-20260328-091741
2026-03-28 10:28:44.672,4,PO,110660,1,0,794,4262.9,LT-20260328-091741
2026-03-28 10:28:45.333,4,PO,110661,1,0,659,4263.6,LT-20260328-091741
2026-03-28 10:28:45.994,4,PO,110662,1,0,660,4264.2,LT-20260328-091741
2026-03-28 10:28:46.703,4,PO,110663,1,0,708,4264.9,LT-20260328-091741
2026-03-28 10:28:47.349,4,PO,110664,1,0,644,4265.6,LT-20260328-091741
2026-03-28 10:28:48.045,4,PO,110665,1,0,695,4266.3,LT-20260328-091741
2026-03-28 10:28:48.751,4,PO,110666,1,0,705,4267,LT-20260328-091741
2026-03-28 10:28:49.660,4,PO,110667,1,0,908,4267.9,LT-20260328-091741
2026-03-28 10:28:50.326,4,PO,110668,1,0,664,4268.6,LT-20260328-091741
2026-03-28 10:28:50.873,4,PO,110669,1,0,545,4269.1,LT-20260328-091741
2026-03-28 10:28:51.387,4,PO,110670,1,0,512,4269.6,LT-20260328-091741
2026-03-28 10:28:51.877,4,PO,110671,1,0,489,4270.1,LT-20260328-091741
2026-03-28 10:28:52.393,4,PO,110672,1,0,515,4270.6,LT-20260328-091741
2026-03-28 10:28:52.882,4,PO,110673,1,0,488,4271.1,LT-20260328-091741
2026-03-28 10:28:53.414,4,PO,110674,1,0,530,4271.7,LT-20260328-091741
2026-03-28 10:28:53.899,4,PO,110675,1,0,483,4272.1,LT-20260328-091741
2026-03-28 10:28:54.386,4,PO,110676,1,0,485,4272.6,LT-20260328-091741
2026-03-28 10:28:54.858,4,PO,110677,1,0,471,4273.1,LT-20260328-091741
2026-03-28 10:28:55.323,4,PO,110678,1,0,463,4273.6,LT-20260328-091741
2026-03-28 10:28:55.799,4,PO,110679,1,0,474,4274,LT-20260328-091741
2026-03-28 10:28:56.313,4,PO,110680,1,0,513,4274.6,LT-20260328-091741
2026-03-28 10:28:56.793,4,PO,110681,1,0,478,4275,LT-20260328-091741
2026-03-28 10:28:57.295,4,PO,110682,1,0,501,4275.5,LT-20260328-091741
2026-03-28 10:28:57.983,4,PO,110683,1,0,687,4276.2,LT-20260328-091741
2026-03-28 10:28:58.658,4,PO,110684,1,0,673,4276.9,LT-20260328-091741
2026-03-28 10:28:59.407,4,PO,110685,1,0,747,4277.7,LT-20260328-091741
2026-03-28 10:29:00.087,4,PO,110686,1,0,678,4278.3,LT-20260328-091741
2026-03-28 10:29:00.765,4,PO,110687,1,0,676,4279,LT-20260328-091741
2026-03-28 10:29:01.451,4,PO,110688,1,0,685,4279.7,LT-20260328-091741
2026-03-28 10:29:02.128,4,PO,110689,1,0,676,4280.4,LT-20260328-091741
2026-03-28 10:29:02.780,4,PO,110690,1,0,651,4281,LT-20260328-091741
2026-03-28 10:29:03.444,4,PO,110691,1,0,662,4281.7,LT-20260328-091741
2026-03-28 10:29:04.109,4,PO,110692,1,0,663,4282.4,LT-20260328-091741
2026-03-28 10:29:04.765,4,PO,110693,1,0,655,4283,LT-20260328-091741
2026-03-28 10:29:05.455,4,PO,110694,1,0,688,4283.7,LT-20260328-091741
2026-03-28 10:29:06.107,4,PO,110695,1,0,651,4284.4,LT-20260328-091741
2026-03-28 10:29:06.784,4,PO,110696,1,0,675,4285,LT-20260328-091741
2026-03-28 10:29:07.461,4,PO,110697,1,0,676,4285.7,LT-20260328-091741
2026-03-28 10:29:07.960,4,PO,110698,1,0,497,4286.2,LT-20260328-091741
2026-03-28 10:29:08.419,4,PO,110699,1,0,456,4286.7,LT-20260328-091741
2026-03-28 10:29:08.926,4,PO,110700,1,0,506,4287.2,LT-20260328-091741
2026-03-28 10:29:09.393,4,PO,110701,1,0,465,4287.6,LT-20260328-091741
2026-03-28 10:29:09.891,4,PO,110702,1,0,497,4288.1,LT-20260328-091741
2026-03-28 10:29:10.353,4,PO,110703,1,0,461,4288.6,LT-20260328-091741
2026-03-28 10:29:10.837,4,PO,110704,1,0,483,4289.1,LT-20260328-091741
2026-03-28 10:29:11.370,4,PO,110705,1,0,531,4289.6,LT-20260328-091741
2026-03-28 10:29:11.836,4,PO,110706,1,0,464,4290.1,LT-20260328-091741
2026-03-28 10:29:12.296,4,PO,110707,1,0,458,4290.5,LT-20260328-091741
2026-03-28 10:29:12.796,4,PO,110708,1,0,499,4291,LT-20260328-091741
2026-03-28 10:29:13.269,4,PO,110709,1,0,471,4291.5,LT-20260328-091741
2026-03-28 10:29:13.761,4,PO,110710,1,0,491,4292,LT-20260328-091741
2026-03-28 10:29:14.240,4,PO,110711,1,0,477,4292.5,LT-20260328-091741
2026-03-28 10:29:14.727,4,PO,110712,1,0,485,4293,LT-20260328-091741
2026-03-28 10:29:15.197,4,PO,110713,1,0,469,4293.4,LT-20260328-091741
2026-03-28 10:29:15.655,4,PO,110714,1,0,456,4293.9,LT-20260328-091741
2026-03-28 10:29:16.419,4,PO,110715,1,0,763,4294.7,LT-20260328-091741
2026-03-28 10:29:16.923,4,PO,110716,1,0,494,4295.2,LT-20260328-091741
2026-03-28 10:29:17.423,4,PO,110717,1,0,497,4295.7,LT-20260328-091741
2026-03-28 10:29:17.906,4,PO,110718,1,0,480,4296.2,LT-20260328-091741
2026-03-28 10:29:18.391,4,PO,110719,1,0,483,4296.6,LT-20260328-091741
2026-03-28 10:29:18.878,4,PO,110720,1,0,486,4297.1,LT-20260328-091741
2026-03-28 10:29:19.342,4,PO,110721,1,0,463,4297.6,LT-20260328-091741
2026-03-28 10:29:19.803,4,PO,110722,1,0,460,4298,LT-20260328-091741
2026-03-28 10:29:20.290,4,PO,110723,1,0,486,4298.5,LT-20260328-091741
2026-03-28 10:29:20.780,4,PO,110724,1,0,488,4299,LT-20260328-091741
2026-03-28 10:29:21.258,4,PO,110725,1,0,476,4299.5,LT-20260328-091741
2026-03-28 10:29:21.787,4,PO,110726,1,0,527,4300,LT-20260328-091741
2026-03-28 10:29:22.276,4,PO,110727,1,0,488,4300.5,LT-20260328-091741
2026-03-28 10:29:22.786,4,PO,110728,1,0,508,4301,LT-20260328-091741
2026-03-28 10:29:23.289,4,PO,110729,1,0,501,4301.5,LT-20260328-091741
2026-03-28 10:29:23.801,4,PO,110730,1,0,511,4302,LT-20260328-091741
2026-03-28 10:29:24.271,4,PO,110731,1,0,468,4302.5,LT-20260328-091741
2026-03-28 10:29:24.739,4,PO,110732,1,0,466,4303,LT-20260328-091741
2026-03-28 10:29:25.217,4,PO,110733,1,0,476,4303.5,LT-20260328-091741
2026-03-28 10:29:25.685,4,PO,110734,1,0,466,4303.9,LT-20260328-091741
2026-03-28 10:29:26.161,4,PO,110735,1,0,475,4304.4,LT-20260328-091741
2026-03-28 10:29:26.645,4,PO,110736,1,0,482,4304.9,LT-20260328-091741
2026-03-28 10:29:27.093,4,PO,110737,1,0,447,4305.3,LT-20260328-091741
2026-03-28 10:29:27.584,4,PO,110738,1,0,490,4305.8,LT-20260328-091741
2026-03-28 10:29:28.059,4,PO,110739,1,0,474,4306.3,LT-20260328-091741
2026-03-28 10:29:28.530,4,PO,110740,1,0,469,4306.8,LT-20260328-091741
2026-03-28 10:29:29.016,4,PO,110741,1,0,484,4307.3,LT-20260328-091741
2026-03-28 10:29:29.498,4,PO,110742,1,0,479,4307.7,LT-20260328-091741
2026-03-28 10:29:29.966,4,PO,110743,1,0,466,4308.2,LT-20260328-091741
2026-03-28 10:29:30.443,4,PO,110744,1,0,475,4308.7,LT-20260328-091741
2026-03-28 10:29:30.931,4,PO,110745,1,0,487,4309.2,LT-20260328-091741
2026-03-28 10:29:31.415,4,PO,110746,1,0,482,4309.7,LT-20260328-091741
2026-03-28 10:29:31.906,4,PO,110747,1,0,490,4310.2,LT-20260328-091741
2026-03-28 10:29:32.387,4,PO,110748,1,0,479,4310.6,LT-20260328-091741
2026-03-28 10:29:32.860,4,PO,110749,1,0,472,4311.1,LT-20260328-091741
2026-03-28 10:29:33.340,4,PO,110750,1,0,478,4311.6,LT-20260328-091741
2026-03-28 10:29:33.837,4,PO,110751,1,0,494,4312.1,LT-20260328-091741
2026-03-28 10:29:34.330,4,PO,110752,1,0,492,4312.6,LT-20260328-091741
2026-03-28 10:29:34.825,4,PO,110753,1,0,493,4313.1,LT-20260328-091741
2026-03-28 10:29:35.302,4,PO,110754,1,0,475,4313.5,LT-20260328-091741
2026-03-28 10:29:35.806,4,PO,110755,1,0,500,4314.1,LT-20260328-091741
2026-03-28 10:29:36.314,4,PO,110756,1,0,507,4314.6,LT-20260328-091741
2026-03-28 10:29:36.792,4,PO,110757,1,0,476,4315,LT-20260328-091741
2026-03-28 10:29:37.278,4,PO,110758,1,0,483,4315.5,LT-20260328-091741
2026-03-28 10:29:37.756,4,PO,110759,1,0,477,4316,LT-20260328-091741
2026-03-28 10:29:38.234,4,PO,110760,1,0,475,4316.5,LT-20260328-091741
2026-03-28 10:29:38.711,4,PO,110761,1,0,476,4317,LT-20260328-091741
2026-03-28 10:29:39.191,4,PO,110762,1,0,478,4317.4,LT-20260328-091741
2026-03-28 10:29:39.667,4,PO,110763,1,0,474,4317.9,LT-20260328-091741
2026-03-28 10:29:40.146,4,PO,110764,1,0,477,4318.4,LT-20260328-091741
2026-03-28 10:29:40.617,4,PO,110765,1,0,468,4318.9,LT-20260328-091741
2026-03-28 10:29:41.099,4,PO,110766,1,0,480,4319.3,LT-20260328-091741
2026-03-28 10:29:41.574,4,PO,110767,1,0,473,4319.8,LT-20260328-091741
2026-03-28 10:29:42.055,4,PO,110768,1,0,478,4320.3,LT-20260328-091741
2026-03-28 10:29:42.537,4,PO,110769,1,0,480,4320.8,LT-20260328-091741
2026-03-28 10:29:43.044,4,PO,110770,1,0,504,4321.3,LT-20260328-091741
2026-03-28 10:29:43.534,4,PO,110771,1,0,488,4321.8,LT-20260328-091741
2026-03-28 10:29:44.037,4,PO,110772,1,0,502,4322.3,LT-20260328-091741
2026-03-28 10:29:44.514,4,PO,110773,1,0,475,4322.8,LT-20260328-091741
2026-03-28 10:29:45.003,4,PO,110774,1,0,488,4323.2,LT-20260328-091741
2026-03-28 10:29:45.491,4,PO,110775,1,0,484,4323.7,LT-20260328-091741
2026-03-28 10:29:45.950,4,PO,110776,1,0,458,4324.2,LT-20260328-091741
2026-03-28 10:29:46.452,4,PO,110777,1,0,500,4324.7,LT-20260328-091741
2026-03-28 10:29:46.938,4,PO,110778,1,0,484,4325.2,LT-20260328-091741
2026-03-28 10:29:47.427,4,PO,110779,1,0,487,4325.7,LT-20260328-091741
2026-03-28 10:29:47.908,4,PO,110780,1,0,479,4326.2,LT-20260328-091741
2026-03-28 10:29:48.391,4,PO,110781,1,0,481,4326.6,LT-20260328-091741
2026-03-28 10:29:48.865,4,PO,110782,1,0,471,4327.1,LT-20260328-091741
2026-03-28 10:29:49.337,4,PO,110783,1,0,471,4327.6,LT-20260328-091741
2026-03-28 10:29:49.815,4,PO,110784,1,0,475,4328.1,LT-20260328-091741
2026-03-28 10:29:50.301,4,PO,110785,1,0,485,4328.5,LT-20260328-091741
2026-03-28 10:29:50.787,4,PO,110786,1,0,482,4329,LT-20260328-091741
2026-03-28 10:29:51.253,4,PO,110787,1,0,464,4329.5,LT-20260328-091741
2026-03-28 10:29:51.763,4,PO,110788,1,0,508,4330,LT-20260328-091741
2026-03-28 10:29:52.263,4,PO,110789,1,0,498,4330.5,LT-20260328-091741
2026-03-28 10:29:52.773,4,PO,110790,1,0,508,4331,LT-20260328-091741
2026-03-28 10:29:53.237,4,PO,110791,1,0,463,4331.5,LT-20260328-091741
2026-03-28 10:29:53.731,4,PO,110792,1,0,491,4332,LT-20260328-091741
2026-03-28 10:29:54.214,4,PO,110793,1,0,481,4332.5,LT-20260328-091741
2026-03-28 10:29:54.708,4,PO,110794,1,0,492,4333,LT-20260328-091741
2026-03-28 10:29:55.218,4,PO,110795,1,0,508,4333.5,LT-20260328-091741
2026-03-28 10:29:55.729,4,PO,110796,1,0,509,4334,LT-20260328-091741
2026-03-28 10:29:56.207,4,PO,110797,1,0,476,4334.5,LT-20260328-091741
2026-03-28 10:29:56.689,4,PO,110798,1,0,480,4334.9,LT-20260328-091741
2026-03-28 10:29:57.172,4,PO,110799,1,0,481,4335.4,LT-20260328-091741
2026-03-28 10:29:57.645,4,PO,110800,1,0,471,4335.9,LT-20260328-091741
2026-03-28 10:29:58.112,4,PO,110801,1,0,465,4336.4,LT-20260328-091741
2026-03-28 10:29:58.607,4,PO,110802,1,0,493,4336.9,LT-20260328-091741
2026-03-28 10:29:59.107,4,PO,110803,1,0,498,4337.4,LT-20260328-091741
2026-03-28 10:29:59.610,4,PO,110804,1,0,501,4337.9,LT-20260328-091741
2026-03-28 10:30:00.118,4,PO,110805,1,0,506,4338.4,LT-20260328-091741
2026-03-28 10:30:00.620,4,PO,110806,1,0,501,4338.9,LT-20260328-091741
2026-03-28 10:30:01.167,4,PO,110807,1,0,546,4339.4,LT-20260328-091741
2026-03-28 10:30:01.656,4,PO,110808,1,0,487,4339.9,LT-20260328-091741
2026-03-28 10:30:02.148,4,PO,110809,1,0,490,4340.4,LT-20260328-091741
2026-03-28 10:30:02.677,4,PO,110810,1,0,527,4340.9,LT-20260328-091741
2026-03-28 10:30:03.171,4,PO,110811,1,0,493,4341.4,LT-20260328-091741
2026-03-28 10:30:03.652,4,PO,110812,1,0,479,4341.9,LT-20260328-091741
2026-03-28 10:30:04.152,4,PO,110813,1,0,498,4342.4,LT-20260328-091741
2026-03-28 10:30:04.630,4,PO,110814,1,0,476,4342.9,LT-20260328-091741
2026-03-28 10:30:05.118,4,PO,110815,1,0,487,4343.4,LT-20260328-091741
2026-03-28 10:30:05.606,4,PO,110816,1,0,486,4343.9,LT-20260328-091741
2026-03-28 10:30:06.088,4,PO,110817,1,0,481,4344.3,LT-20260328-091741
2026-03-28 10:30:06.570,4,PO,110818,1,0,481,4344.8,LT-20260328-091741
2026-03-28 10:30:07.064,4,PO,110819,1,0,492,4345.3,LT-20260328-091741
2026-03-28 10:30:07.552,4,PO,110820,1,0,486,4345.8,LT-20260328-091741
2026-03-28 10:30:08.073,4,PO,110821,1,0,518,4346.3,LT-20260328-091741
2026-03-28 10:30:08.558,4,PO,110822,1,0,483,4346.8,LT-20260328-091741
2026-03-28 10:30:09.036,4,PO,110823,1,0,476,4347.3,LT-20260328-091741
2026-03-28 10:30:09.509,4,PO,110824,1,0,471,4347.8,LT-20260328-091741
2026-03-28 10:30:09.995,4,PO,110825,1,0,483,4348.2,LT-20260328-091741
2026-03-28 10:30:10.466,4,PO,110826,1,0,469,4348.7,LT-20260328-091741
2026-03-28 10:30:10.949,4,PO,110827,1,0,481,4349.2,LT-20260328-091741
2026-03-28 10:30:11.428,4,PO,110828,1,0,476,4349.7,LT-20260328-091741
2026-03-28 10:30:11.910,4,PO,110829,1,0,480,4350.2,LT-20260328-091741
2026-03-28 10:30:12.405,4,PO,110830,1,0,493,4350.6,LT-20260328-091741
2026-03-28 10:30:12.895,4,PO,110831,1,0,487,4351.1,LT-20260328-091741
2026-03-28 10:30:13.389,4,PO,110832,1,0,493,4351.6,LT-20260328-091741
2026-03-28 10:30:13.866,4,PO,110833,1,0,474,4352.1,LT-20260328-091741
2026-03-28 10:30:14.346,4,PO,110834,1,0,477,4352.6,LT-20260328-091741
2026-03-28 10:30:14.822,4,PO,110835,1,0,475,4353.1,LT-20260328-091741
2026-03-28 10:30:15.312,4,PO,110836,1,0,487,4353.6,LT-20260328-091741
2026-03-28 10:30:15.787,4,PO,110837,1,0,474,4354,LT-20260328-091741
2026-03-28 10:30:16.283,4,PO,110838,1,0,493,4354.5,LT-20260328-091741
2026-03-28 10:30:17.238,4,PO,110839,1,0,952,4355.5,LT-20260328-091741
2026-03-28 10:30:18.075,4,PO,110840,1,0,835,4356.3,LT-20260328-091741
2026-03-28 10:30:18.931,4,PO,110841,1,0,854,4357.2,LT-20260328-091741
2026-03-28 10:30:19.985,4,PO,110842,1,0,1052,4358.2,LT-20260328-091741
2026-03-28 10:30:21.199,4,PO,110843,1,0,1211,4359.4,LT-20260328-091741
2026-03-28 10:30:22.290,4,PO,110844,1,0,1089,4360.5,LT-20260328-091741
2026-03-28 10:30:23.373,4,PO,110845,1,0,1081,4361.6,LT-20260328-091741
2026-03-28 10:30:24.202,4,PO,110846,1,0,827,4362.4,LT-20260328-091741
2026-03-28 10:30:25.066,4,PO,110847,1,0,862,4363.3,LT-20260328-091741
2026-03-28 10:30:25.761,4,PO,110848,1,0,694,4364,LT-20260328-091741
2026-03-28 10:30:26.623,4,PO,110849,1,0,859,4364.9,LT-20260328-091741
2026-03-28 10:30:27.367,4,PO,110850,1,0,742,4365.6,LT-20260328-091741
2026-03-28 10:30:28.066,4,PO,110851,1,0,698,4366.3,LT-20260328-091741
2026-03-28 10:30:28.745,4,PO,110852,1,0,676,4367,LT-20260328-091741
2026-03-28 10:30:29.417,4,PO,110853,1,0,670,4367.7,LT-20260328-091741
2026-03-28 10:30:30.087,4,PO,110854,1,0,668,4368.3,LT-20260328-091741
2026-03-28 10:30:30.761,4,PO,110855,1,0,672,4369,LT-20260328-091741
2026-03-28 10:30:31.442,4,PO,110856,1,0,679,4369.7,LT-20260328-091741
2026-03-28 10:30:32.123,4,PO,110857,1,0,678,4370.4,LT-20260328-091741
2026-03-28 10:30:32.800,4,PO,110858,1,0,676,4371,LT-20260328-091741
2026-03-28 10:30:33.489,4,PO,110859,1,0,686,4371.7,LT-20260328-091741
2026-03-28 10:30:34.157,4,PO,110860,1,0,666,4372.4,LT-20260328-091741
2026-03-28 10:30:34.851,4,PO,110861,1,0,693,4373.1,LT-20260328-091741
2026-03-28 10:30:35.536,4,PO,110862,1,0,683,4373.8,LT-20260328-091741
2026-03-28 10:30:36.195,4,PO,110863,1,0,657,4374.4,LT-20260328-091741
2026-03-28 10:30:36.735,4,PO,110864,1,0,538,4375,LT-20260328-091741
2026-03-28 10:30:37.209,4,PO,110865,1,0,472,4375.5,LT-20260328-091741
2026-03-28 10:30:37.692,4,PO,110866,1,0,481,4375.9,LT-20260328-091741
2026-03-28 10:30:38.174,4,PO,110867,1,0,480,4376.4,LT-20260328-091741
2026-03-28 10:30:38.644,4,PO,110868,1,0,469,4376.9,LT-20260328-091741
2026-03-28 10:30:39.114,4,PO,110869,1,0,468,4377.4,LT-20260328-091741
2026-03-28 10:30:39.586,4,PO,110870,1,0,470,4377.8,LT-20260328-091741
2026-03-28 10:30:40.069,4,PO,110871,1,0,480,4378.3,LT-20260328-091741
2026-03-28 10:30:40.550,4,PO,110872,1,0,479,4378.8,LT-20260328-091741
2026-03-28 10:30:41.035,4,PO,110873,1,0,483,4379.3,LT-20260328-091741
2026-03-28 10:30:41.521,4,PO,110874,1,0,483,4379.8,LT-20260328-091741
2026-03-28 10:30:41.994,4,PO,110875,1,0,471,4380.2,LT-20260328-091741
2026-03-28 10:30:42.483,4,PO,110876,1,0,488,4380.7,LT-20260328-091741
2026-03-28 10:30:42.961,4,PO,110877,1,0,476,4381.2,LT-20260328-091741
2026-03-28 10:30:43.434,4,PO,110878,1,0,470,4381.7,LT-20260328-091741
2026-03-28 10:30:43.917,4,PO,110879,1,0,480,4382.2,LT-20260328-091741
2026-03-28 10:30:44.405,4,PO,110880,1,0,486,4382.6,LT-20260328-091741
2026-03-28 10:30:44.890,4,PO,110881,1,0,483,4383.1,LT-20260328-091741
2026-03-28 10:30:45.359,4,PO,110882,1,0,467,4383.6,LT-20260328-091741
2026-03-28 10:30:45.836,4,PO,110883,1,0,475,4384.1,LT-20260328-091741
2026-03-28 10:30:46.321,4,PO,110884,1,0,483,4384.6,LT-20260328-091741
2026-03-28 10:30:46.833,4,PO,110885,1,0,510,4385.1,LT-20260328-091741
2026-03-28 10:30:47.326,4,PO,110886,1,0,491,4385.6,LT-20260328-091741
2026-03-28 10:30:47.836,4,PO,110887,1,0,508,4386.1,LT-20260328-091741
2026-03-28 10:30:48.331,4,PO,110888,1,0,492,4386.6,LT-20260328-091741
2026-03-28 10:30:48.794,4,PO,110889,1,0,460,4387,LT-20260328-091741
2026-03-28 10:30:49.288,4,PO,110890,1,0,492,4387.5,LT-20260328-091741
2026-03-28 10:30:49.767,4,PO,110891,1,0,478,4388,LT-20260328-091741
2026-03-28 10:30:50.238,4,PO,110892,1,0,468,4388.5,LT-20260328-091741
2026-03-28 10:30:50.716,4,PO,110893,1,0,476,4389,LT-20260328-091741
2026-03-28 10:30:51.196,4,PO,110894,1,0,478,4389.4,LT-20260328-091741
2026-03-28 10:30:51.670,4,PO,110895,1,0,472,4389.9,LT-20260328-091741
2026-03-28 10:30:52.186,4,PO,110896,1,0,513,4390.4,LT-20260328-091741
2026-03-28 10:30:52.672,4,PO,110897,1,0,483,4390.9,LT-20260328-091741
2026-03-28 10:30:53.162,4,PO,110898,1,0,488,4391.4,LT-20260328-091741
2026-03-28 10:30:53.659,4,PO,110899,1,0,494,4391.9,LT-20260328-091741
2026-03-28 10:30:54.165,4,PO,110900,1,0,504,4392.4,LT-20260328-091741
2026-03-28 10:30:54.682,4,PO,110901,1,0,515,4392.9,LT-20260328-091741
2026-03-28 10:30:55.193,4,PO,110902,1,0,509,4393.4,LT-20260328-091741
2026-03-28 10:30:55.729,4,PO,110903,1,0,534,4394,LT-20260328-091741
2026-03-28 10:30:56.228,4,PO,110904,1,0,497,4394.5,LT-20260328-091741
2026-03-28 10:30:56.727,4,PO,110905,1,0,497,4395,LT-20260328-091741
2026-03-28 10:30:57.216,4,PO,110906,1,0,487,4395.5,LT-20260328-091741
2026-03-28 10:30:57.728,4,PO,110907,1,0,510,4396,LT-20260328-091741
2026-03-28 10:30:58.241,4,PO,110908,1,0,511,4396.5,LT-20260328-091741
2026-03-28 10:30:58.723,4,PO,110909,1,0,480,4397,LT-20260328-091741
2026-03-28 10:30:59.207,4,PO,110910,1,0,482,4397.5,LT-20260328-091741
2026-03-28 10:30:59.702,4,PO,110911,1,0,492,4397.9,LT-20260328-091741
2026-03-28 10:31:00.286,4,PO,110912,1,0,581,4398.5,LT-20260328-091741
2026-03-28 10:31:00.777,4,PO,110913,1,0,489,4399,LT-20260328-091741
2026-03-28 10:31:01.307,4,PO,110914,1,0,527,4399.6,LT-20260328-091741
2026-03-28 10:31:01.828,4,PO,110915,1,0,517,4400.1,LT-20260328-091741
2026-03-28 10:31:02.336,4,PO,110916,1,0,506,4400.6,LT-20260328-091741
2026-03-28 10:31:02.835,4,PO,110917,1,0,497,4401.1,LT-20260328-091741
2026-03-28 10:31:03.323,4,PO,110918,1,0,485,4401.6,LT-20260328-091741
2026-03-28 10:31:03.839,4,PO,110919,1,0,515,4402.1,LT-20260328-091741
2026-03-28 10:31:04.313,4,PO,110920,1,0,473,4402.6,LT-20260328-091741
2026-03-28 10:31:04.842,4,PO,110921,1,0,527,4403.1,LT-20260328-091741
2026-03-28 10:31:05.335,4,PO,110922,1,0,490,4403.6,LT-20260328-091741
2026-03-28 10:31:05.840,4,PO,110923,1,0,502,4404.1,LT-20260328-091741
2026-03-28 10:31:06.349,4,PO,110924,1,0,507,4404.6,LT-20260328-091741
2026-03-28 10:31:07.047,4,PO,110925,1,0,696,4405.3,LT-20260328-091741
2026-03-28 10:31:07.745,4,PO,110926,1,0,696,4406,LT-20260328-091741
2026-03-28 10:31:08.437,4,PO,110927,1,0,690,4406.7,LT-20260328-091741
2026-03-28 10:31:09.123,4,PO,110928,1,0,683,4407.4,LT-20260328-091741
2026-03-28 10:31:09.794,4,PO,110929,1,0,669,4408,LT-20260328-091741
2026-03-28 10:31:10.460,4,PO,110930,1,0,664,4408.7,LT-20260328-091741
2026-03-28 10:31:11.140,4,PO,110931,1,0,678,4409.4,LT-20260328-091741
2026-03-28 10:31:11.816,4,PO,110932,1,0,675,4410.1,LT-20260328-091741
2026-03-28 10:31:12.470,4,PO,110933,1,0,651,4410.7,LT-20260328-091741
2026-03-28 10:31:13.132,4,PO,110934,1,0,661,4411.4,LT-20260328-091741
2026-03-28 10:31:13.815,4,PO,110935,1,0,682,4412.1,LT-20260328-091741
2026-03-28 10:31:14.513,4,PO,110936,1,0,696,4412.8,LT-20260328-091741
2026-03-28 10:31:15.182,4,PO,110937,1,0,666,4413.4,LT-20260328-091741
2026-03-28 10:31:15.879,4,PO,110938,1,0,696,4414.1,LT-20260328-091741
2026-03-28 10:31:16.594,4,PO,110939,1,0,713,4414.8,LT-20260328-091741
2026-03-28 10:31:17.298,4,PO,110940,1,0,701,4415.5,LT-20260328-091741
2026-03-28 10:31:17.974,4,PO,110941,1,0,675,4416.2,LT-20260328-091741
2026-03-28 10:31:18.665,4,PO,110942,1,0,687,4416.9,LT-20260328-091741
2026-03-28 10:31:19.364,4,PO,110943,1,0,697,4417.6,LT-20260328-091741
2026-03-28 10:31:20.069,4,PO,110944,1,0,703,4418.3,LT-20260328-091741
2026-03-28 10:31:20.738,4,PO,110945,1,0,667,4419,LT-20260328-091741
2026-03-28 10:31:21.407,4,PO,110946,1,0,667,4419.7,LT-20260328-091741
2026-03-28 10:31:22.087,4,PO,110947,1,0,678,4420.3,LT-20260328-091741
2026-03-28 10:31:22.793,4,PO,110948,1,0,703,4421,LT-20260328-091741
2026-03-28 10:31:23.515,4,PO,110949,1,0,721,4421.8,LT-20260328-091741
2026-03-28 10:31:24.201,4,PO,110950,1,0,684,4422.4,LT-20260328-091741
2026-03-28 10:31:24.964,4,PO,110951,1,0,761,4423.2,LT-20260328-091741
2026-03-28 10:31:25.647,4,PO,110952,1,0,681,4423.9,LT-20260328-091741
2026-03-28 10:31:26.351,4,PO,110953,1,0,701,4424.6,LT-20260328-091741
2026-03-28 10:31:27.041,4,PO,110954,1,0,686,4425.3,LT-20260328-091741
2026-03-28 10:31:27.628,4,PO,110955,1,0,585,4425.9,LT-20260328-091741
2026-03-28 10:31:28.116,4,PO,110956,1,0,486,4426.4,LT-20260328-091741
2026-03-28 10:31:28.640,4,PO,110957,1,0,519,4426.9,LT-20260328-091741
2026-03-28 10:31:29.142,4,PO,110958,1,0,501,4427.4,LT-20260328-091741
2026-03-28 10:31:29.641,4,PO,110959,1,0,497,4427.9,LT-20260328-091741
2026-03-28 10:31:30.146,4,PO,110960,1,0,503,4428.4,LT-20260328-091741
2026-03-28 10:31:30.651,4,PO,110961,1,0,502,4428.9,LT-20260328-091741
2026-03-28 10:31:31.180,4,PO,110962,1,0,526,4429.4,LT-20260328-091741
2026-03-28 10:31:31.664,4,PO,110963,1,0,482,4429.9,LT-20260328-091741
2026-03-28 10:31:32.158,4,PO,110964,1,0,492,4430.4,LT-20260328-091741
2026-03-28 10:31:32.683,4,PO,110965,1,0,524,4430.9,LT-20260328-091741
2026-03-28 10:31:33.165,4,PO,110966,1,0,479,4431.4,LT-20260328-091741
2026-03-28 10:31:33.643,4,PO,110967,1,0,476,4431.9,LT-20260328-091741
2026-03-28 10:31:34.134,4,PO,110968,1,0,490,4432.4,LT-20260328-091741
2026-03-28 10:31:34.625,4,PO,110969,1,0,488,4432.9,LT-20260328-091741
2026-03-28 10:31:35.124,4,PO,110970,1,0,498,4433.4,LT-20260328-091741
2026-03-28 10:31:35.632,4,PO,110971,1,0,505,4433.9,LT-20260328-091741
2026-03-28 10:31:36.099,4,PO,110972,1,0,466,4434.3,LT-20260328-091741
2026-03-28 10:31:36.591,4,PO,110973,1,0,490,4434.8,LT-20260328-091741
2026-03-28 10:31:37.088,4,PO,110974,1,0,494,4435.3,LT-20260328-091741
2026-03-28 10:31:37.590,4,PO,110975,1,0,499,4435.8,LT-20260328-091741
2026-03-28 10:31:38.098,4,PO,110976,1,0,506,4436.3,LT-20260328-091741
2026-03-28 10:31:38.599,4,PO,110977,1,0,496,4436.8,LT-20260328-091741
2026-03-28 10:31:39.179,4,PO,110978,1,0,578,4437.4,LT-20260328-091741
2026-03-28 10:31:39.675,4,PO,110979,1,0,493,4437.9,LT-20260328-091741
2026-03-28 10:31:40.187,4,PO,110980,1,0,510,4438.4,LT-20260328-091741
2026-03-28 10:31:40.698,4,PO,110981,1,0,506,4438.9,LT-20260328-091741
2026-03-28 10:31:41.216,4,PO,110982,1,0,514,4439.5,LT-20260328-091741
2026-03-28 10:31:41.750,4,PO,110983,1,0,531,4440,LT-20260328-091741
2026-03-28 10:31:42.273,4,PO,110984,1,0,518,4440.5,LT-20260328-091741
2026-03-28 10:31:42.825,4,PO,110985,1,0,548,4441.1,LT-20260328-091741
2026-03-28 10:31:43.356,4,PO,110986,1,0,527,4441.6,LT-20260328-091741
2026-03-28 10:31:43.903,4,PO,110987,1,0,543,4442.1,LT-20260328-091741
2026-03-28 10:31:44.433,4,PO,110988,1,0,519,4442.7,LT-20260328-091741
2026-03-28 10:31:44.941,4,PO,110989,1,0,503,4443.2,LT-20260328-091741
2026-03-28 10:31:45.446,4,PO,110990,1,0,502,4443.7,LT-20260328-091741
2026-03-28 10:31:45.937,4,PO,110991,1,0,489,4444.2,LT-20260328-091741
2026-03-28 10:31:46.462,4,PO,110992,1,0,521,4444.7,LT-20260328-091741
2026-03-28 10:31:46.987,4,PO,110993,1,0,521,4445.2,LT-20260328-091741
2026-03-28 10:31:47.565,4,PO,110994,1,0,574,4445.8,LT-20260328-091741
2026-03-28 10:31:48.269,4,PO,110995,1,0,701,4446.5,LT-20260328-091741
2026-03-28 10:31:49.000,4,PO,110996,1,0,727,4447.2,LT-20260328-091741
2026-03-28 10:31:49.700,4,PO,110997,1,0,697,4447.9,LT-20260328-091741
2026-03-28 10:31:50.394,4,PO,110998,1,0,691,4448.6,LT-20260328-091741
2026-03-28 10:31:51.126,4,PO,110999,1,0,727,4449.4,LT-20260328-091741
2026-03-28 10:31:51.830,4,PO,111000,1,0,700,4450.1,LT-20260328-091741
2026-03-28 10:31:52.553,4,PO,111001,1,0,719,4450.8,LT-20260328-091741
2026-03-28 10:31:53.288,4,PO,111002,1,0,732,4451.5,LT-20260328-091741
2026-03-28 10:31:53.975,4,PO,111003,1,0,682,4452.2,LT-20260328-091741
2026-03-28 10:31:54.711,4,PO,111004,1,0,733,4453,LT-20260328-091741
2026-03-28 10:31:55.397,4,PO,111005,1,0,682,4453.6,LT-20260328-091741
2026-03-28 10:31:56.079,4,PO,111006,1,0,681,4454.3,LT-20260328-091741
2026-03-28 10:31:56.781,4,PO,111007,1,0,701,4455,LT-20260328-091741
2026-03-28 10:31:57.512,4,PO,111008,1,0,729,4455.8,LT-20260328-091741
2026-03-28 10:31:58.025,4,PO,111009,1,0,510,4456.3,LT-20260328-091741
2026-03-28 10:31:58.523,4,PO,111010,1,0,495,4456.8,LT-20260328-091741
2026-03-28 10:31:59.062,4,PO,111011,1,0,536,4457.3,LT-20260328-091741
2026-03-28 10:31:59.603,4,PO,111012,1,0,537,4457.8,LT-20260328-091741
2026-03-28 10:32:00.138,4,PO,111013,1,0,530,4458.4,LT-20260328-091741
2026-03-28 10:32:00.686,4,PO,111014,1,0,545,4458.9,LT-20260328-091741
2026-03-28 10:32:01.245,4,PO,111015,1,0,555,4459.5,LT-20260328-091741
2026-03-28 10:32:01.760,4,PO,111016,1,0,511,4460,LT-20260328-091741
2026-03-28 10:32:02.292,4,PO,111017,1,0,529,4460.5,LT-20260328-091741
2026-03-28 10:32:02.817,4,PO,111018,1,0,521,4461.1,LT-20260328-091741
2026-03-28 10:32:03.341,4,PO,111019,1,0,520,4461.6,LT-20260328-091741
2026-03-28 10:32:03.840,4,PO,111020,1,0,496,4462.1,LT-20260328-091741
2026-03-28 10:32:04.340,4,PO,111021,1,0,498,4462.6,LT-20260328-091741
2026-03-28 10:32:04.871,4,PO,111022,1,0,528,4463.1,LT-20260328-091741
2026-03-28 10:32:05.400,4,PO,111023,1,0,527,4463.6,LT-20260328-091741
2026-03-28 10:32:05.899,4,PO,111024,1,0,496,4464.1,LT-20260328-091741
2026-03-28 10:32:06.430,4,PO,111025,1,0,529,4464.7,LT-20260328-091741
2026-03-28 10:32:06.920,4,PO,111026,1,0,489,4465.2,LT-20260328-091741
2026-03-28 10:32:07.518,4,PO,111027,1,0,596,4465.8,LT-20260328-091741
2026-03-28 10:32:08.273,4,PO,111028,1,0,752,4466.5,LT-20260328-091741
2026-03-28 10:32:08.942,4,PO,111029,1,0,668,4467.2,LT-20260328-091741
2026-03-28 10:32:09.653,4,PO,111030,1,0,708,4467.9,LT-20260328-091741
2026-03-28 10:32:10.351,4,PO,111031,1,0,695,4468.6,LT-20260328-091741
2026-03-28 10:32:11.030,4,PO,111032,1,0,677,4469.3,LT-20260328-091741
2026-03-28 10:32:11.731,4,PO,111033,1,0,699,4470,LT-20260328-091741
2026-03-28 10:32:12.448,4,PO,111034,1,0,714,4470.7,LT-20260328-091741
2026-03-28 10:32:13.176,4,PO,111035,1,0,725,4471.4,LT-20260328-091741
2026-03-28 10:32:13.865,4,PO,111036,1,0,685,4472.1,LT-20260328-091741
2026-03-28 10:32:14.564,4,PO,111037,1,0,698,4472.8,LT-20260328-091741
2026-03-28 10:32:15.247,4,PO,111038,1,0,681,4473.5,LT-20260328-091741
2026-03-28 10:32:15.935,4,PO,111039,1,0,685,4474.2,LT-20260328-091741
2026-03-28 10:32:16.614,4,PO,111040,1,0,677,4474.9,LT-20260328-091741
2026-03-28 10:32:17.290,4,PO,111041,1,0,674,4475.5,LT-20260328-091741
2026-03-28 10:32:17.847,4,PO,111042,1,0,555,4476.1,LT-20260328-091741
2026-03-28 10:32:18.353,4,PO,111043,1,0,504,4476.6,LT-20260328-091741
2026-03-28 10:32:18.814,4,PO,111044,1,0,460,4477.1,LT-20260328-091741
2026-03-28 10:32:19.304,4,PO,111045,1,0,488,4477.5,LT-20260328-091741
2026-03-28 10:32:19.814,4,PO,111046,1,0,506,4478.1,LT-20260328-091741
2026-03-28 10:32:20.324,4,PO,111047,1,0,507,4478.6,LT-20260328-091741
2026-03-28 10:32:20.872,4,PO,111048,1,0,544,4479.1,LT-20260328-091741
2026-03-28 10:32:21.358,4,PO,111049,1,0,481,4479.6,LT-20260328-091741
2026-03-28 10:32:21.862,4,PO,111050,1,0,502,4480.1,LT-20260328-091741
2026-03-28 10:32:22.333,4,PO,111051,1,0,469,4480.6,LT-20260328-091741
2026-03-28 10:32:22.823,4,PO,111052,1,0,489,4481.1,LT-20260328-091741
2026-03-28 10:32:23.314,4,PO,111053,1,0,489,4481.6,LT-20260328-091741
2026-03-28 10:32:23.811,4,PO,111054,1,0,493,4482.1,LT-20260328-091741
2026-03-28 10:32:24.289,4,PO,111055,1,0,476,4482.5,LT-20260328-091741
2026-03-28 10:32:24.782,4,PO,111056,1,0,491,4483,LT-20260328-091741
2026-03-28 10:32:25.250,4,PO,111057,1,0,466,4483.5,LT-20260328-091741
2026-03-28 10:32:25.741,4,PO,111058,1,0,487,4484,LT-20260328-091741
2026-03-28 10:32:26.253,4,PO,111059,1,0,511,4484.5,LT-20260328-091741
2026-03-28 10:32:26.759,4,PO,111060,1,0,503,4485,LT-20260328-091741
2026-03-28 10:32:27.299,4,PO,111061,1,0,537,4485.5,LT-20260328-091741
2026-03-28 10:32:27.816,4,PO,111062,1,0,514,4486.1,LT-20260328-091741
2026-03-28 10:32:28.330,4,PO,111063,1,0,511,4486.6,LT-20260328-091741
2026-03-28 10:32:28.855,4,PO,111064,1,0,522,4487.1,LT-20260328-091741
2026-03-28 10:32:29.351,4,PO,111065,1,0,493,4487.6,LT-20260328-091741
2026-03-28 10:32:29.856,4,PO,111066,1,0,501,4488.1,LT-20260328-091741
2026-03-28 10:32:30.356,4,PO,111067,1,0,497,4488.6,LT-20260328-091741
2026-03-28 10:32:30.869,4,PO,111068,1,0,509,4489.1,LT-20260328-091741
2026-03-28 10:32:31.349,4,PO,111069,1,0,478,4489.6,LT-20260328-091741
2026-03-28 10:32:31.837,4,PO,111070,1,0,486,4490.1,LT-20260328-091741
2026-03-28 10:32:32.325,4,PO,111071,1,0,485,4490.6,LT-20260328-091741
2026-03-28 10:32:32.838,4,PO,111072,1,0,511,4491.1,LT-20260328-091741
2026-03-28 10:32:33.324,4,PO,111073,1,0,483,4491.6,LT-20260328-091741
2026-03-28 10:32:33.791,4,PO,111074,1,0,465,4492,LT-20260328-091741
2026-03-28 10:32:34.268,4,PO,111075,1,0,475,4492.5,LT-20260328-091741
2026-03-28 10:32:34.773,4,PO,111076,1,0,503,4493,LT-20260328-091741
2026-03-28 10:32:35.300,4,PO,111077,1,0,523,4493.5,LT-20260328-091741
2026-03-28 10:32:35.808,4,PO,111078,1,0,504,4494.1,LT-20260328-091741
2026-03-28 10:32:36.477,4,PO,111079,1,0,665,4494.7,LT-20260328-091741
2026-03-28 10:32:36.978,4,PO,111080,1,0,497,4495.2,LT-20260328-091741
2026-03-28 10:32:37.600,4,PO,111081,1,0,619,4495.8,LT-20260328-091741
2026-03-28 10:32:38.315,4,PO,111082,1,0,713,4496.6,LT-20260328-091741
2026-03-28 10:32:39.030,4,PO,111083,1,0,710,4497.3,LT-20260328-091741
2026-03-28 10:32:39.746,4,PO,111084,1,0,713,4498,LT-20260328-091741
2026-03-28 10:32:40.520,4,PO,111085,1,0,771,4498.8,LT-20260328-091741
2026-03-28 10:32:41.222,4,PO,111086,1,0,699,4499.5,LT-20260328-091741
2026-03-28 10:32:41.918,4,PO,111087,1,0,692,4500.2,LT-20260328-091741
2026-03-28 10:32:42.599,4,PO,111088,1,0,678,4500.8,LT-20260328-091741
2026-03-28 10:32:43.300,4,PO,111089,1,0,698,4501.5,LT-20260328-091741
2026-03-28 10:32:43.984,4,PO,111090,1,0,681,4502.2,LT-20260328-091741
2026-03-28 10:32:44.695,4,PO,111091,1,0,710,4502.9,LT-20260328-091741
2026-03-28 10:32:45.503,4,PO,111092,1,0,806,4503.7,LT-20260328-091741
2026-03-28 10:32:46.458,4,PO,111093,1,0,953,4504.7,LT-20260328-091741
2026-03-28 10:32:47.705,4,PO,111094,1,0,1244,4505.9,LT-20260328-091741
2026-03-28 10:32:48.392,4,PO,111095,1,0,684,4506.6,LT-20260328-091741
2026-03-28 10:32:49.327,4,PO,111096,1,0,932,4507.6,LT-20260328-091741
2026-03-28 10:32:50.011,4,PO,111097,1,0,682,4508.3,LT-20260328-091741
2026-03-28 10:32:50.504,4,PO,111098,1,0,492,4508.7,LT-20260328-091741
2026-03-28 10:32:50.998,4,PO,111099,1,0,492,4509.2,LT-20260328-091741
2026-03-28 10:32:51.520,4,PO,111100,1,0,520,4509.8,LT-20260328-091741
2026-03-28 10:32:52.048,4,PO,111101,1,0,525,4510.3,LT-20260328-091741
2026-03-28 10:32:52.564,4,PO,111102,1,0,514,4510.8,LT-20260328-091741
2026-03-28 10:32:53.155,4,PO,111103,1,0,588,4511.4,LT-20260328-091741
2026-03-28 10:32:53.720,4,PO,111104,1,0,564,4512,LT-20260328-091741
2026-03-28 10:32:54.206,4,PO,111105,1,0,484,4512.5,LT-20260328-091741
2026-03-28 10:32:54.727,4,PO,111106,1,0,519,4513,LT-20260328-091741
2026-03-28 10:32:55.198,4,PO,111107,1,0,470,4513.4,LT-20260328-091741
2026-03-28 10:32:55.735,4,PO,111108,1,0,535,4514,LT-20260328-091741
2026-03-28 10:32:56.244,4,PO,111109,1,0,507,4514.5,LT-20260328-091741
2026-03-28 10:32:56.751,4,PO,111110,1,0,506,4515,LT-20260328-091741
2026-03-28 10:32:57.231,4,PO,111111,1,0,477,4515.5,LT-20260328-091741
2026-03-28 10:32:57.891,4,PO,111112,1,0,657,4516.1,LT-20260328-091741
2026-03-28 10:32:58.570,4,PO,111113,1,0,676,4516.8,LT-20260328-091741
2026-03-28 10:32:59.266,4,PO,111114,1,0,694,4517.5,LT-20260328-091741
2026-03-28 10:32:59.943,4,PO,111115,1,0,674,4518.2,LT-20260328-091741
2026-03-28 10:33:00.607,4,PO,111116,1,0,662,4518.9,LT-20260328-091741
2026-03-28 10:33:01.288,4,PO,111117,1,0,680,4519.5,LT-20260328-091741
2026-03-28 10:33:01.978,4,PO,111118,1,0,687,4520.2,LT-20260328-091741
2026-03-28 10:33:02.663,4,PO,111119,1,0,682,4520.9,LT-20260328-091741
2026-03-28 10:33:03.351,4,PO,111120,1,0,685,4521.6,LT-20260328-091741
2026-03-28 10:33:04.034,4,PO,111121,1,0,681,4522.3,LT-20260328-091741
2026-03-28 10:33:04.739,4,PO,111122,1,0,703,4523,LT-20260328-091741
2026-03-28 10:33:05.428,4,PO,111123,1,0,686,4523.7,LT-20260328-091741
2026-03-28 10:33:06.143,4,PO,111124,1,0,712,4524.4,LT-20260328-091741
2026-03-28 10:33:06.896,4,PO,111125,1,0,751,4525.1,LT-20260328-091741
2026-03-28 10:33:07.586,4,PO,111126,1,0,688,4525.8,LT-20260328-091741
2026-03-28 10:33:08.306,4,PO,111127,1,0,718,4526.6,LT-20260328-091741
2026-03-28 10:33:08.994,4,PO,111128,1,0,687,4527.2,LT-20260328-091741
2026-03-28 10:33:09.681,4,PO,111129,1,0,686,4527.9,LT-20260328-091741
2026-03-28 10:33:10.376,4,PO,111130,1,0,692,4528.6,LT-20260328-091741
2026-03-28 10:33:11.063,4,PO,111131,1,0,686,4529.3,LT-20260328-091741
2026-03-28 10:33:11.753,4,PO,111132,1,0,687,4530,LT-20260328-091741
2026-03-28 10:33:12.448,4,PO,111133,1,0,694,4530.7,LT-20260328-091741
2026-03-28 10:33:13.138,4,PO,111134,1,0,687,4531.4,LT-20260328-091741
2026-03-28 10:33:13.839,4,PO,111135,1,0,699,4532.1,LT-20260328-091741
2026-03-28 10:33:14.567,4,PO,111136,1,0,726,4532.8,LT-20260328-091741
2026-03-28 10:33:15.232,4,PO,111137,1,0,662,4533.5,LT-20260328-091741
2026-03-28 10:33:15.900,4,PO,111138,1,0,666,4534.1,LT-20260328-091741
2026-03-28 10:33:16.617,4,PO,111139,1,0,716,4534.9,LT-20260328-091741
2026-03-28 10:33:17.309,4,PO,111140,1,0,690,4535.6,LT-20260328-091741
2026-03-28 10:33:17.982,4,PO,111141,1,0,672,4536.2,LT-20260328-091741
2026-03-28 10:33:18.689,4,PO,111142,1,0,705,4536.9,LT-20260328-091741
2026-03-28 10:33:19.377,4,PO,111143,1,0,686,4537.6,LT-20260328-091741
2026-03-28 10:33:20.052,4,PO,111144,1,0,673,4538.3,LT-20260328-091741
2026-03-28 10:33:20.726,4,PO,111145,1,0,673,4539,LT-20260328-091741
2026-03-28 10:33:21.432,4,PO,111146,1,0,704,4539.7,LT-20260328-091741
2026-03-28 10:33:22.113,4,PO,111147,1,0,679,4540.4,LT-20260328-091741
2026-03-28 10:33:22.798,4,PO,111148,1,0,683,4541,LT-20260328-091741
2026-03-28 10:33:23.482,4,PO,111149,1,0,680,4541.7,LT-20260328-091741
2026-03-28 10:33:24.325,4,PO,111150,1,0,841,4542.6,LT-20260328-091741
2026-03-28 10:33:25.033,4,PO,111151,1,0,706,4543.3,LT-20260328-091741
2026-03-28 10:33:25.730,4,PO,111152,1,0,695,4544,LT-20260328-091741
2026-03-28 10:33:26.389,4,PO,111153,1,0,657,4544.6,LT-20260328-091741
2026-03-28 10:33:27.073,4,PO,111154,1,0,682,4545.3,LT-20260328-091741
2026-03-28 10:33:27.601,4,PO,111155,1,0,527,4545.8,LT-20260328-091741
2026-03-28 10:33:28.689,4,PO,111156,1,0,1086,4546.9,LT-20260328-091741
2026-03-28 10:33:29.162,4,PO,111157,1,0,472,4547.4,LT-20260328-091741
2026-03-28 10:33:29.638,4,PO,111158,1,0,473,4547.9,LT-20260328-091741
2026-03-28 10:33:30.132,4,PO,111159,1,0,492,4548.4,LT-20260328-091741
2026-03-28 10:33:30.622,4,PO,111160,1,0,487,4548.9,LT-20260328-091741
2026-03-28 10:33:31.119,4,PO,111161,1,0,495,4549.4,LT-20260328-091741
2026-03-28 10:33:31.597,4,PO,111162,1,0,477,4549.8,LT-20260328-091741
2026-03-28 10:33:32.101,4,PO,111163,1,0,501,4550.3,LT-20260328-091741
2026-03-28 10:33:32.608,4,PO,111164,1,0,505,4550.9,LT-20260328-091741
2026-03-28 10:33:33.113,4,PO,111165,1,0,503,4551.4,LT-20260328-091741
2026-03-28 10:33:33.622,4,PO,111166,1,0,508,4551.9,LT-20260328-091741
2026-03-28 10:33:34.103,4,PO,111167,1,0,479,4552.3,LT-20260328-091741
2026-03-28 10:33:34.632,4,PO,111168,1,0,526,4552.9,LT-20260328-091741
2026-03-28 10:33:35.171,4,PO,111169,1,0,537,4553.4,LT-20260328-091741
2026-03-28 10:33:35.636,4,PO,111170,1,0,463,4553.9,LT-20260328-091741
2026-03-28 10:33:36.136,4,PO,111171,1,0,499,4554.4,LT-20260328-091741
2026-03-28 10:33:36.639,4,PO,111172,1,0,502,4554.9,LT-20260328-091741
2026-03-28 10:33:37.134,4,PO,111173,1,0,493,4555.4,LT-20260328-091741
2026-03-28 10:33:37.619,4,PO,111174,1,0,483,4555.9,LT-20260328-091741
2026-03-28 10:33:38.124,4,PO,111175,1,0,504,4556.4,LT-20260328-091741
2026-03-28 10:33:38.598,4,PO,111176,1,0,473,4556.8,LT-20260328-091741
2026-03-28 10:33:39.105,4,PO,111177,1,0,505,4557.3,LT-20260328-091741
2026-03-28 10:33:39.594,4,PO,111178,1,0,488,4557.8,LT-20260328-091741
2026-03-28 10:33:40.068,4,PO,111179,1,0,474,4558.3,LT-20260328-091741
2026-03-28 10:33:40.583,4,PO,111180,1,0,513,4558.8,LT-20260328-091741
2026-03-28 10:33:41.057,4,PO,111181,1,0,473,4559.3,LT-20260328-091741
2026-03-28 10:33:41.526,4,PO,111182,1,0,467,4559.8,LT-20260328-091741
2026-03-28 10:33:42.018,4,PO,111183,1,0,491,4560.3,LT-20260328-091741
2026-03-28 10:33:42.497,4,PO,111184,1,0,477,4560.7,LT-20260328-091741
2026-03-28 10:33:42.974,4,PO,111185,1,0,475,4561.2,LT-20260328-091741
2026-03-28 10:33:43.462,4,PO,111186,1,0,487,4561.7,LT-20260328-091741
2026-03-28 10:33:43.939,4,PO,111187,1,0,475,4562.2,LT-20260328-091741
2026-03-28 10:33:44.417,4,PO,111188,1,0,476,4562.7,LT-20260328-091741
2026-03-28 10:33:44.895,4,PO,111189,1,0,476,4563.1,LT-20260328-091741
2026-03-28 10:33:45.359,4,PO,111190,1,0,462,4563.6,LT-20260328-091741
2026-03-28 10:33:45.858,4,PO,111191,1,0,498,4564.1,LT-20260328-091741
2026-03-28 10:33:46.370,4,PO,111192,1,0,510,4564.6,LT-20260328-091741
2026-03-28 10:33:46.852,4,PO,111193,1,0,481,4565.1,LT-20260328-091741
2026-03-28 10:33:47.369,4,PO,111194,1,0,516,4565.6,LT-20260328-091741
2026-03-28 10:33:48.100,4,PO,111195,1,0,730,4566.3,LT-20260328-091741
2026-03-28 10:33:48.803,4,PO,111196,1,0,701,4567,LT-20260328-091741
2026-03-28 10:33:49.489,4,PO,111197,1,0,684,4567.7,LT-20260328-091741
2026-03-28 10:33:50.173,4,PO,111198,1,0,682,4568.4,LT-20260328-091741
2026-03-28 10:33:50.864,4,PO,111199,1,0,690,4569.1,LT-20260328-091741
2026-03-28 10:33:51.520,4,PO,111200,1,0,655,4569.8,LT-20260328-091741
2026-03-28 10:33:52.219,4,PO,111201,1,0,698,4570.5,LT-20260328-091741
2026-03-28 10:33:52.894,4,PO,111202,1,0,673,4571.1,LT-20260328-091741
2026-03-28 10:33:53.616,4,PO,111203,1,0,720,4571.9,LT-20260328-091741
2026-03-28 10:33:54.330,4,PO,111204,1,0,711,4572.6,LT-20260328-091741
2026-03-28 10:33:55.019,4,PO,111205,1,0,687,4573.3,LT-20260328-091741
2026-03-28 10:33:55.689,4,PO,111206,1,0,669,4573.9,LT-20260328-091741
2026-03-28 10:33:56.362,4,PO,111207,1,0,672,4574.6,LT-20260328-091741
2026-03-28 10:33:57.051,4,PO,111208,1,0,688,4575.3,LT-20260328-091741
2026-03-28 10:33:57.594,4,PO,111209,1,0,541,4575.8,LT-20260328-091741
2026-03-28 10:33:58.102,4,PO,111210,1,0,507,4576.3,LT-20260328-091741
2026-03-28 10:33:58.570,4,PO,111211,1,0,465,4576.8,LT-20260328-091741
2026-03-28 10:33:59.042,4,PO,111212,1,0,471,4577.3,LT-20260328-091741
2026-03-28 10:33:59.530,4,PO,111213,1,0,487,4577.8,LT-20260328-091741
2026-03-28 10:34:00.016,4,PO,111214,1,0,485,4578.3,LT-20260328-091741
2026-03-28 10:34:00.489,4,PO,111215,1,0,470,4578.7,LT-20260328-091741
2026-03-28 10:34:00.952,4,PO,111216,1,0,461,4579.2,LT-20260328-091741
2026-03-28 10:34:01.447,4,PO,111217,1,0,493,4579.7,LT-20260328-091741
2026-03-28 10:34:01.982,4,PO,111218,1,0,535,4580.2,LT-20260328-091741
2026-03-28 10:34:02.454,4,PO,111219,1,0,470,4580.7,LT-20260328-091741
2026-03-28 10:34:02.948,4,PO,111220,1,0,493,4581.2,LT-20260328-091741
2026-03-28 10:34:03.454,4,PO,111221,1,0,504,4581.7,LT-20260328-091741
2026-03-28 10:34:03.929,4,PO,111222,1,0,474,4582.2,LT-20260328-091741
2026-03-28 10:34:04.411,4,PO,111223,1,0,479,4582.7,LT-20260328-091741
2026-03-28 10:34:04.946,4,PO,111224,1,0,533,4583.2,LT-20260328-091741
2026-03-28 10:34:05.422,4,PO,111225,1,0,475,4583.7,LT-20260328-091741
2026-03-28 10:34:05.922,4,PO,111226,1,0,498,4584.2,LT-20260328-091741
2026-03-28 10:34:06.444,4,PO,111227,1,0,521,4584.7,LT-20260328-091741
2026-03-28 10:34:06.916,4,PO,111228,1,0,471,4585.2,LT-20260328-091741
2026-03-28 10:34:07.523,4,PO,111229,1,0,604,4585.8,LT-20260328-091741
2026-03-28 10:34:08.196,4,PO,111230,1,0,672,4586.4,LT-20260328-091741
2026-03-28 10:34:08.861,4,PO,111231,1,0,664,4587.1,LT-20260328-091741
2026-03-28 10:34:09.595,4,PO,111232,1,0,731,4587.8,LT-20260328-091741
2026-03-28 10:34:10.293,4,PO,111233,1,0,695,4588.5,LT-20260328-091741
2026-03-28 10:34:10.966,4,PO,111234,1,0,669,4589.2,LT-20260328-091741
2026-03-28 10:34:11.643,4,PO,111235,1,0,675,4589.9,LT-20260328-091741
2026-03-28 10:34:12.313,4,PO,111236,1,0,668,4590.6,LT-20260328-091741
2026-03-28 10:34:13.039,4,PO,111237,1,0,724,4591.3,LT-20260328-091741
2026-03-28 10:34:13.720,4,PO,111238,1,0,679,4592,LT-20260328-091741
2026-03-28 10:34:15.435,4,PO,111239,1,0,1714,4593.7,LT-20260328-091741
2026-03-28 10:34:16.094,4,PO,111240,1,0,658,4594.3,LT-20260328-091741
2026-03-28 10:34:16.794,4,PO,111241,1,0,698,4595,LT-20260328-091741
2026-03-28 10:34:17.433,4,PO,111242,1,0,636,4595.7,LT-20260328-091741
2026-03-28 10:34:17.924,4,PO,111243,1,0,489,4596.2,LT-20260328-091741
2026-03-28 10:34:18.572,4,PO,111244,1,0,647,4596.8,LT-20260328-091741
2026-03-28 10:34:19.062,4,PO,111245,1,0,488,4597.3,LT-20260328-091741
2026-03-28 10:34:19.561,4,PO,111246,1,0,498,4597.8,LT-20260328-091741
2026-03-28 10:34:20.072,4,PO,111247,1,0,510,4598.3,LT-20260328-091741
2026-03-28 10:34:20.552,4,PO,111248,1,0,478,4598.8,LT-20260328-091741
2026-03-28 10:34:21.031,4,PO,111249,1,0,477,4599.3,LT-20260328-091741
2026-03-28 10:34:21.513,4,PO,111250,1,0,481,4599.8,LT-20260328-091741
2026-03-28 10:34:22.004,4,PO,111251,1,0,488,4600.2,LT-20260328-091741
2026-03-28 10:34:22.499,4,PO,111252,1,0,494,4600.7,LT-20260328-091741
2026-03-28 10:34:22.967,4,PO,111253,1,0,466,4601.2,LT-20260328-091741
2026-03-28 10:34:23.444,4,PO,111254,1,0,475,4601.7,LT-20260328-091741
2026-03-28 10:34:23.928,4,PO,111255,1,0,482,4602.2,LT-20260328-091741
2026-03-28 10:34:24.399,4,PO,111256,1,0,470,4602.6,LT-20260328-091741
2026-03-28 10:34:24.902,4,PO,111257,1,0,500,4603.1,LT-20260328-091741
2026-03-28 10:34:25.397,4,PO,111258,1,0,494,4603.6,LT-20260328-091741
2026-03-28 10:34:25.879,4,PO,111259,1,0,479,4604.1,LT-20260328-091741
2026-03-28 10:34:26.373,4,PO,111260,1,0,493,4604.6,LT-20260328-091741
2026-03-28 10:34:26.854,4,PO,111261,1,0,480,4605.1,LT-20260328-091741
2026-03-28 10:34:27.367,4,PO,111262,1,0,511,4605.6,LT-20260328-091741
2026-03-28 10:34:27.850,4,PO,111263,1,0,481,4606.1,LT-20260328-091741
2026-03-28 10:34:28.355,4,PO,111264,1,0,503,4606.6,LT-20260328-091741
2026-03-28 10:34:28.818,4,PO,111265,1,0,461,4607.1,LT-20260328-091741
2026-03-28 10:34:29.384,4,PO,111266,1,0,565,4607.6,LT-20260328-091741
2026-03-28 10:34:29.868,4,PO,111267,1,0,482,4608.1,LT-20260328-091741
2026-03-28 10:34:30.391,4,PO,111268,1,0,521,4608.6,LT-20260328-091741
2026-03-28 10:34:30.884,4,PO,111269,1,0,491,4609.1,LT-20260328-091741
2026-03-28 10:34:31.362,4,PO,111270,1,0,476,4609.6,LT-20260328-091741
2026-03-28 10:34:31.854,4,PO,111271,1,0,491,4610.1,LT-20260328-091741
2026-03-28 10:34:32.400,4,PO,111272,1,0,543,4610.6,LT-20260328-091741
2026-03-28 10:34:32.915,4,PO,111273,1,0,513,4611.2,LT-20260328-091741
2026-03-28 10:34:33.426,4,PO,111274,1,0,508,4611.7,LT-20260328-091741
2026-03-28 10:34:33.944,4,PO,111275,1,0,517,4612.2,LT-20260328-091741
2026-03-28 10:34:34.446,4,PO,111276,1,0,500,4612.7,LT-20260328-091741
2026-03-28 10:34:34.928,4,PO,111277,1,0,480,4613.2,LT-20260328-091741
2026-03-28 10:34:35.416,4,PO,111278,1,0,486,4613.7,LT-20260328-091741
2026-03-28 10:34:36.227,4,PO,111279,1,0,808,4614.5,LT-20260328-091741
2026-03-28 10:34:36.727,4,PO,111280,1,0,499,4615,LT-20260328-091741
2026-03-28 10:34:37.207,4,PO,111281,1,0,479,4615.5,LT-20260328-091741
2026-03-28 10:34:37.719,4,PO,111282,1,0,510,4616,LT-20260328-091741
2026-03-28 10:34:38.221,4,PO,111283,1,0,500,4616.5,LT-20260328-091741
2026-03-28 10:34:38.699,4,PO,111284,1,0,477,4616.9,LT-20260328-091741
2026-03-28 10:34:39.176,4,PO,111285,1,0,475,4617.4,LT-20260328-091741
2026-03-28 10:34:39.643,4,PO,111286,1,0,466,4617.9,LT-20260328-091741
2026-03-28 10:34:40.120,4,PO,111287,1,0,476,4618.4,LT-20260328-091741
2026-03-28 10:34:40.610,4,PO,111288,1,0,489,4618.9,LT-20260328-091741
2026-03-28 10:34:41.114,4,PO,111289,1,0,502,4619.4,LT-20260328-091741
2026-03-28 10:34:41.614,4,PO,111290,1,0,498,4619.9,LT-20260328-091741
2026-03-28 10:34:42.073,4,PO,111291,1,0,457,4620.3,LT-20260328-091741
2026-03-28 10:34:42.545,4,PO,111292,1,0,469,4620.8,LT-20260328-091741
2026-03-28 10:34:43.043,4,PO,111293,1,0,497,4621.3,LT-20260328-091741
2026-03-28 10:34:43.515,4,PO,111294,1,0,470,4621.8,LT-20260328-091741
2026-03-28 10:34:43.983,4,PO,111295,1,0,467,4622.2,LT-20260328-091741
2026-03-28 10:34:44.470,4,PO,111296,1,0,486,4622.7,LT-20260328-091741
2026-03-28 10:34:44.991,4,PO,111297,1,0,520,4623.2,LT-20260328-091741
2026-03-28 10:34:45.489,4,PO,111298,1,0,496,4623.7,LT-20260328-091741
2026-03-28 10:34:46.016,4,PO,111299,1,0,525,4624.3,LT-20260328-091741
2026-03-28 10:34:46.523,4,PO,111300,1,0,506,4624.8,LT-20260328-091741
2026-03-28 10:34:47.026,4,PO,111301,1,0,501,4625.3,LT-20260328-091741
2026-03-28 10:34:47.525,4,PO,111302,1,0,497,4625.8,LT-20260328-091741
2026-03-28 10:34:48.012,4,PO,111303,1,0,485,4626.3,LT-20260328-091741
2026-03-28 10:34:48.501,4,PO,111304,1,0,488,4626.7,LT-20260328-091741
2026-03-28 10:34:48.992,4,PO,111305,1,0,489,4627.2,LT-20260328-091741
2026-03-28 10:34:49.473,4,PO,111306,1,0,480,4627.7,LT-20260328-091741
2026-03-28 10:34:49.963,4,PO,111307,1,0,488,4628.2,LT-20260328-091741
2026-03-28 10:34:50.449,4,PO,111308,1,0,483,4628.7,LT-20260328-091741
2026-03-28 10:34:51.015,4,PO,111309,1,0,565,4629.3,LT-20260328-091741
2026-03-28 10:34:51.505,4,PO,111310,1,0,488,4629.7,LT-20260328-091741
2026-03-28 10:34:52.001,4,PO,111311,1,0,495,4630.2,LT-20260328-091741
2026-03-28 10:34:52.478,4,PO,111312,1,0,475,4630.7,LT-20260328-091741
2026-03-28 10:34:52.965,4,PO,111313,1,0,486,4631.2,LT-20260328-091741
2026-03-28 10:34:53.474,4,PO,111314,1,0,508,4631.7,LT-20260328-091741
2026-03-28 10:34:54.075,4,PO,111315,1,0,598,4632.3,LT-20260328-091741
2026-03-28 10:34:54.655,4,PO,111316,1,0,580,4632.9,LT-20260328-091741
2026-03-28 10:34:55.175,4,PO,111317,1,0,519,4633.4,LT-20260328-091741
2026-03-28 10:34:55.643,4,PO,111318,1,0,466,4633.9,LT-20260328-091741
2026-03-28 10:34:56.127,4,PO,111319,1,0,483,4634.4,LT-20260328-091741
2026-03-28 10:34:56.808,4,PO,111320,1,0,680,4635.1,LT-20260328-091741
2026-03-28 10:34:57.484,4,PO,111321,1,0,675,4635.7,LT-20260328-091741
2026-03-28 10:34:58.153,4,PO,111322,1,0,667,4636.4,LT-20260328-091741
2026-03-28 10:34:58.811,4,PO,111323,1,0,657,4637.1,LT-20260328-091741
2026-03-28 10:34:59.475,4,PO,111324,1,0,663,4637.7,LT-20260328-091741
2026-03-28 10:35:00.176,4,PO,111325,1,0,699,4638.4,LT-20260328-091741
2026-03-28 10:35:00.833,4,PO,111326,1,0,655,4639.1,LT-20260328-091741
2026-03-28 10:35:01.518,4,PO,111327,1,0,684,4639.8,LT-20260328-091741
2026-03-28 10:35:02.203,4,PO,111328,1,0,684,4640.4,LT-20260328-091741
2026-03-28 10:35:02.879,4,PO,111329,1,0,674,4641.1,LT-20260328-091741
2026-03-28 10:35:03.565,4,PO,111330,1,0,684,4641.8,LT-20260328-091741
2026-03-28 10:35:04.232,4,PO,111331,1,0,665,4642.5,LT-20260328-091741
2026-03-28 10:35:04.937,4,PO,111332,1,0,704,4643.2,LT-20260328-091741
2026-03-28 10:35:05.617,4,PO,111333,1,0,678,4643.9,LT-20260328-091741
2026-03-28 10:35:06.297,4,PO,111334,1,0,678,4644.5,LT-20260328-091741
2026-03-28 10:35:06.955,4,PO,111335,1,0,656,4645.2,LT-20260328-091741
2026-03-28 10:35:07.682,4,PO,111336,1,0,725,4645.9,LT-20260328-091741
2026-03-28 10:35:08.350,4,PO,111337,1,0,667,4646.6,LT-20260328-091741
2026-03-28 10:35:09.017,4,PO,111338,1,0,666,4647.3,LT-20260328-091741
2026-03-28 10:35:09.686,4,PO,111339,1,0,667,4647.9,LT-20260328-091741
2026-03-28 10:35:10.351,4,PO,111340,1,0,664,4648.6,LT-20260328-091741
2026-03-28 10:35:11.005,4,PO,111341,1,0,652,4649.3,LT-20260328-091741
2026-03-28 10:35:11.668,4,PO,111342,1,0,662,4649.9,LT-20260328-091741
2026-03-28 10:35:12.325,4,PO,111343,1,0,655,4650.6,LT-20260328-091741
2026-03-28 10:35:12.994,4,PO,111344,1,0,666,4651.2,LT-20260328-091741
2026-03-28 10:35:13.685,4,PO,111345,1,0,690,4651.9,LT-20260328-091741
2026-03-28 10:35:14.370,4,PO,111346,1,0,683,4652.6,LT-20260328-091741
2026-03-28 10:35:15.032,4,PO,111347,1,0,661,4653.3,LT-20260328-091741
2026-03-28 10:35:15.765,4,PO,111348,1,0,732,4654,LT-20260328-091741
2026-03-28 10:35:16.446,4,PO,111349,1,0,678,4654.7,LT-20260328-091741
2026-03-28 10:35:17.122,4,PO,111350,1,0,674,4655.4,LT-20260328-091741
2026-03-28 10:35:17.806,4,PO,111351,1,0,682,4656.1,LT-20260328-091741
2026-03-28 10:35:18.480,4,PO,111352,1,0,672,4656.7,LT-20260328-091741
2026-03-28 10:35:19.147,4,PO,111353,1,0,664,4657.4,LT-20260328-091741
2026-03-28 10:35:19.816,4,PO,111354,1,0,667,4658.1,LT-20260328-091741
2026-03-28 10:35:20.495,4,PO,111355,1,0,678,4658.7,LT-20260328-091741
2026-03-28 10:35:21.167,4,PO,111356,1,0,670,4659.4,LT-20260328-091741
2026-03-28 10:35:21.834,4,PO,111357,1,0,666,4660.1,LT-20260328-091741
2026-03-28 10:35:22.559,4,PO,111358,1,0,723,4660.8,LT-20260328-091741
2026-03-28 10:35:23.243,4,PO,111359,1,0,681,4661.5,LT-20260328-091741
2026-03-28 10:35:23.921,4,PO,111360,1,0,676,4662.2,LT-20260328-091741
2026-03-28 10:35:24.594,4,PO,111361,1,0,671,4662.8,LT-20260328-091741
2026-03-28 10:35:25.269,4,PO,111362,1,0,672,4663.5,LT-20260328-091741
2026-03-28 10:35:25.955,4,PO,111363,1,0,684,4664.2,LT-20260328-091741
2026-03-28 10:35:26.514,4,PO,111364,1,0,557,4664.8,LT-20260328-091741
2026-03-28 10:35:27.172,4,PO,111365,1,0,656,4665.4,LT-20260328-091741
2026-03-28 10:35:27.690,4,PO,111366,1,0,517,4665.9,LT-20260328-091741
2026-03-28 10:35:28.170,4,PO,111367,1,0,479,4666.4,LT-20260328-091741
2026-03-28 10:35:28.644,4,PO,111368,1,0,473,4666.9,LT-20260328-091741
2026-03-28 10:35:29.110,4,PO,111369,1,0,464,4667.4,LT-20260328-091741
2026-03-28 10:35:29.583,4,PO,111370,1,0,471,4667.8,LT-20260328-091741
2026-03-28 10:35:30.087,4,PO,111371,1,0,503,4668.3,LT-20260328-091741
2026-03-28 10:35:30.610,4,PO,111372,1,0,521,4668.9,LT-20260328-091741
2026-03-28 10:35:31.102,4,PO,111373,1,0,490,4669.3,LT-20260328-091741
2026-03-28 10:35:31.594,4,PO,111374,1,0,490,4669.8,LT-20260328-091741
2026-03-28 10:35:32.105,4,PO,111375,1,0,509,4670.3,LT-20260328-091741
2026-03-28 10:35:32.602,4,PO,111376,1,0,496,4670.8,LT-20260328-091741
2026-03-28 10:35:33.089,4,PO,111377,1,0,486,4671.3,LT-20260328-091741
2026-03-28 10:35:33.624,4,PO,111378,1,0,534,4671.9,LT-20260328-091741
2026-03-28 10:35:34.107,4,PO,111379,1,0,480,4672.4,LT-20260328-091741
2026-03-28 10:35:34.587,4,PO,111380,1,0,479,4672.8,LT-20260328-091741
2026-03-28 10:35:35.077,4,PO,111381,1,0,489,4673.3,LT-20260328-091741
2026-03-28 10:35:35.590,4,PO,111382,1,0,510,4673.8,LT-20260328-091741
2026-03-28 10:35:36.158,4,PO,111383,1,0,566,4674.4,LT-20260328-091741
2026-03-28 10:35:36.706,4,PO,111384,1,0,546,4675,LT-20260328-091741
2026-03-28 10:35:37.173,4,PO,111385,1,0,465,4675.4,LT-20260328-091741
2026-03-28 10:35:37.644,4,PO,111386,1,0,469,4675.9,LT-20260328-091741
2026-03-28 10:35:38.117,4,PO,111387,1,0,472,4676.4,LT-20260328-091741
2026-03-28 10:35:38.603,4,PO,111388,1,0,485,4676.8,LT-20260328-091741
2026-03-28 10:35:39.085,4,PO,111389,1,0,480,4677.3,LT-20260328-091741
2026-03-28 10:35:39.599,4,PO,111390,1,0,512,4677.8,LT-20260328-091741
2026-03-28 10:35:40.138,4,PO,111391,1,0,538,4678.4,LT-20260328-091741
2026-03-28 10:35:40.705,4,PO,111392,1,0,565,4678.9,LT-20260328-091741
2026-03-28 10:35:41.186,4,PO,111393,1,0,480,4679.4,LT-20260328-091741
2026-03-28 10:35:41.691,4,PO,111394,1,0,503,4679.9,LT-20260328-091741
2026-03-28 10:35:42.164,4,PO,111395,1,0,472,4680.4,LT-20260328-091741
2026-03-28 10:35:42.634,4,PO,111396,1,0,468,4680.9,LT-20260328-091741
2026-03-28 10:35:43.085,4,PO,111397,1,0,449,4681.3,LT-20260328-091741
2026-03-28 10:35:43.547,4,PO,111398,1,0,461,4681.8,LT-20260328-091741
2026-03-28 10:35:44.062,4,PO,111399,1,0,514,4682.3,LT-20260328-091741
2026-03-28 10:35:44.543,4,PO,111400,1,0,479,4682.8,LT-20260328-091741
2026-03-28 10:35:45.018,4,PO,111401,1,0,473,4683.3,LT-20260328-091741
2026-03-28 10:35:45.515,4,PO,111402,1,0,495,4683.8,LT-20260328-091741
2026-03-28 10:35:46.024,4,PO,111403,1,0,507,4684.3,LT-20260328-091741
2026-03-28 10:35:46.511,4,PO,111404,1,0,485,4684.8,LT-20260328-091741
2026-03-28 10:35:46.985,4,PO,111405,1,0,473,4685.2,LT-20260328-091741
2026-03-28 10:35:47.447,4,PO,111406,1,0,461,4685.7,LT-20260328-091741
2026-03-28 10:35:47.914,4,PO,111407,1,0,465,4686.2,LT-20260328-091741
2026-03-28 10:35:48.388,4,PO,111408,1,0,473,4686.6,LT-20260328-091741
2026-03-28 10:35:48.886,4,PO,111409,1,0,497,4687.1,LT-20260328-091741
2026-03-28 10:35:49.355,4,PO,111410,1,0,467,4687.6,LT-20260328-091741
2026-03-28 10:35:49.831,4,PO,111411,1,0,475,4688.1,LT-20260328-091741
2026-03-28 10:35:50.320,4,PO,111412,1,0,488,4688.6,LT-20260328-091741
2026-03-28 10:35:50.824,4,PO,111413,1,0,503,4689.1,LT-20260328-091741
2026-03-28 10:35:51.295,4,PO,111414,1,0,470,4689.5,LT-20260328-091741
2026-03-28 10:35:51.771,4,PO,111415,1,0,475,4690,LT-20260328-091741
2026-03-28 10:35:52.231,4,PO,111416,1,0,459,4690.5,LT-20260328-091741
2026-03-28 10:35:52.745,4,PO,111417,1,0,513,4691,LT-20260328-091741
2026-03-28 10:35:53.221,4,PO,111418,1,0,473,4691.5,LT-20260328-091741
2026-03-28 10:35:53.685,4,PO,111419,1,0,463,4691.9,LT-20260328-091741
2026-03-28 10:35:54.216,4,PO,111420,1,0,529,4692.5,LT-20260328-091741
2026-03-28 10:35:54.700,4,PO,111421,1,0,482,4692.9,LT-20260328-091741
2026-03-28 10:35:55.189,4,PO,111422,1,0,488,4693.4,LT-20260328-091741
2026-03-28 10:35:55.667,4,PO,111423,1,0,476,4693.9,LT-20260328-091741
2026-03-28 10:35:56.133,4,PO,111424,1,0,464,4694.4,LT-20260328-091741
2026-03-28 10:35:57.055,4,PO,111425,1,0,919,4695.3,LT-20260328-091741
2026-03-28 10:35:57.722,4,PO,111426,1,0,666,4696,LT-20260328-091741
2026-03-28 10:35:58.387,4,PO,111427,1,0,664,4696.6,LT-20260328-091741
2026-03-28 10:35:59.109,4,PO,111428,1,0,720,4697.4,LT-20260328-091741
2026-03-28 10:35:59.781,4,PO,111429,1,0,671,4698,LT-20260328-091741
2026-03-28 10:36:00.451,4,PO,111430,1,0,668,4698.7,LT-20260328-091741
2026-03-28 10:36:01.216,4,PO,111431,1,0,764,4699.5,LT-20260328-091741
2026-03-28 10:36:01.925,4,PO,111432,1,0,706,4700.2,LT-20260328-091741
2026-03-28 10:36:02.634,4,PO,111433,1,0,708,4700.9,LT-20260328-091741
2026-03-28 10:36:03.326,4,PO,111434,1,0,690,4701.6,LT-20260328-091741
2026-03-28 10:36:04.018,4,PO,111435,1,0,691,4702.3,LT-20260328-091741
2026-03-28 10:36:04.728,4,PO,111436,1,0,708,4703,LT-20260328-091741
2026-03-28 10:36:05.418,4,PO,111437,1,0,688,4703.7,LT-20260328-091741
2026-03-28 10:36:06.112,4,PO,111438,1,0,693,4704.4,LT-20260328-091741
2026-03-28 10:36:06.788,4,PO,111439,1,0,672,4705,LT-20260328-091741
2026-03-28 10:36:07.499,4,PO,111440,1,0,709,4705.7,LT-20260328-091741
2026-03-28 10:36:08.188,4,PO,111441,1,0,688,4706.4,LT-20260328-091741
2026-03-28 10:36:08.921,4,PO,111442,1,0,732,4707.2,LT-20260328-091741
2026-03-28 10:36:09.627,4,PO,111443,1,0,705,4707.9,LT-20260328-091741
2026-03-28 10:36:10.307,4,PO,111444,1,0,677,4708.6,LT-20260328-091741
2026-03-28 10:36:10.989,4,PO,111445,1,0,679,4709.2,LT-20260328-091741
2026-03-28 10:36:11.668,4,PO,111446,1,0,678,4709.9,LT-20260328-091741
2026-03-28 10:36:12.378,4,PO,111447,1,0,709,4710.6,LT-20260328-091741
2026-03-28 10:36:13.061,4,PO,111448,1,0,681,4711.3,LT-20260328-091741
2026-03-28 10:36:13.749,4,PO,111449,1,0,686,4712,LT-20260328-091741
2026-03-28 10:36:14.468,4,PO,111450,1,0,718,4712.7,LT-20260328-091741
2026-03-28 10:36:15.167,4,PO,111451,1,0,697,4713.4,LT-20260328-091741
2026-03-28 10:36:15.845,4,PO,111452,1,0,677,4714.1,LT-20260328-091741
2026-03-28 10:36:16.577,4,PO,111453,1,0,729,4714.8,LT-20260328-091741
2026-03-28 10:36:17.263,4,PO,111454,1,0,684,4715.5,LT-20260328-091741
2026-03-28 10:36:17.938,4,PO,111455,1,0,673,4716.2,LT-20260328-091741
2026-03-28 10:36:18.627,4,PO,111456,1,0,687,4716.9,LT-20260328-091741
2026-03-28 10:36:19.295,4,PO,111457,1,0,666,4717.5,LT-20260328-091741
2026-03-28 10:36:19.978,4,PO,111458,1,0,681,4718.2,LT-20260328-091741
2026-03-28 10:36:20.632,4,PO,111459,1,0,652,4718.9,LT-20260328-091741
2026-03-28 10:36:21.319,4,PO,111460,1,0,685,4719.6,LT-20260328-091741
2026-03-28 10:36:21.987,4,PO,111461,1,0,665,4720.2,LT-20260328-091741
2026-03-28 10:36:22.660,4,PO,111462,1,0,671,4720.9,LT-20260328-091741
2026-03-28 10:36:23.353,4,PO,111463,1,0,692,4721.6,LT-20260328-091741
2026-03-28 10:36:24.055,4,PO,111464,1,0,701,4722.3,LT-20260328-091741
2026-03-28 10:36:24.866,4,PO,111465,1,0,809,4723.1,LT-20260328-091741
2026-03-28 10:36:25.533,4,PO,111466,1,0,665,4723.8,LT-20260328-091741
2026-03-28 10:36:26.221,4,PO,111467,1,0,687,4724.5,LT-20260328-091741
2026-03-28 10:36:26.916,4,PO,111468,1,0,694,4725.2,LT-20260328-091741
2026-03-28 10:36:27.596,4,PO,111469,1,0,677,4725.8,LT-20260328-091741
2026-03-28 10:36:28.263,4,PO,111470,1,0,666,4726.5,LT-20260328-091741
2026-03-28 10:36:28.954,4,PO,111471,1,0,689,4727.2,LT-20260328-091741
2026-03-28 10:36:29.638,4,PO,111472,1,0,682,4727.9,LT-20260328-091741
2026-03-28 10:36:30.332,4,PO,111473,1,0,693,4728.6,LT-20260328-091741
2026-03-28 10:36:31.004,4,PO,111474,1,0,670,4729.2,LT-20260328-091741
2026-03-28 10:36:31.711,4,PO,111475,1,0,705,4730,LT-20260328-091741
2026-03-28 10:36:32.383,4,PO,111476,1,0,670,4730.6,LT-20260328-091741
2026-03-28 10:36:33.072,4,PO,111477,1,0,688,4731.3,LT-20260328-091741
2026-03-28 10:36:33.819,4,PO,111478,1,0,744,4732.1,LT-20260328-091741
2026-03-28 10:36:34.505,4,PO,111479,1,0,684,4732.7,LT-20260328-091741
2026-03-28 10:36:35.168,4,PO,111480,1,0,662,4733.4,LT-20260328-091741
2026-03-28 10:36:35.860,4,PO,111481,1,0,691,4734.1,LT-20260328-091741
2026-03-28 10:36:36.528,4,PO,111482,1,0,666,4734.8,LT-20260328-091741
2026-03-28 10:36:37.192,4,PO,111483,1,0,662,4735.4,LT-20260328-091741
2026-03-28 10:36:37.877,4,PO,111484,1,0,682,4736.1,LT-20260328-091741
2026-03-28 10:36:38.564,4,PO,111485,1,0,686,4736.8,LT-20260328-091741
2026-03-28 10:36:39.238,4,PO,111486,1,0,673,4737.5,LT-20260328-091741
2026-03-28 10:36:39.913,4,PO,111487,1,0,673,4738.2,LT-20260328-091741
2026-03-28 10:36:40.579,4,PO,111488,1,0,665,4738.8,LT-20260328-091741
2026-03-28 10:36:41.239,4,PO,111489,1,0,658,4739.5,LT-20260328-091741
2026-03-28 10:36:41.934,4,PO,111490,1,0,693,4740.2,LT-20260328-091741
2026-03-28 10:36:42.982,4,PO,111491,1,0,1047,4741.2,LT-20260328-091741
2026-03-28 10:36:43.691,4,PO,111492,1,0,706,4741.9,LT-20260328-091741
2026-03-28 10:36:44.393,4,PO,111493,1,0,700,4742.6,LT-20260328-091741
2026-03-28 10:36:45.112,4,PO,111494,1,0,715,4743.4,LT-20260328-091741
2026-03-28 10:36:45.802,4,PO,111495,1,0,687,4744,LT-20260328-091741
2026-03-28 10:36:46.525,4,PO,111496,1,0,719,4744.8,LT-20260328-091741
2026-03-28 10:36:47.219,4,PO,111497,1,0,691,4745.5,LT-20260328-091741
2026-03-28 10:36:47.953,4,PO,111498,1,0,731,4746.2,LT-20260328-091741
2026-03-28 10:36:48.665,4,PO,111499,1,0,710,4746.9,LT-20260328-091741
2026-03-28 10:36:49.376,4,PO,111500,1,0,708,4747.6,LT-20260328-091741
2026-03-28 10:36:50.086,4,PO,111501,1,0,707,4748.3,LT-20260328-091741
2026-03-28 10:36:50.801,4,PO,111502,1,0,712,4749,LT-20260328-091741
2026-03-28 10:36:51.477,4,PO,111503,1,0,674,4749.7,LT-20260328-091741
2026-03-28 10:36:52.153,4,PO,111504,1,0,675,4750.4,LT-20260328-091741
2026-03-28 10:36:52.899,4,PO,111505,1,0,743,4751.1,LT-20260328-091741
2026-03-28 10:36:53.586,4,PO,111506,1,0,685,4751.8,LT-20260328-091741
2026-03-28 10:36:54.258,4,PO,111507,1,0,671,4752.5,LT-20260328-091741
2026-03-28 10:36:54.942,4,PO,111508,1,0,682,4753.2,LT-20260328-091741
2026-03-28 10:36:55.618,4,PO,111509,1,0,673,4753.9,LT-20260328-091741
2026-03-28 10:36:56.293,4,PO,111510,1,0,674,4754.5,LT-20260328-091741
2026-03-28 10:36:57.000,4,PO,111511,1,0,704,4755.2,LT-20260328-091741
2026-03-28 10:36:57.736,4,PO,111512,1,0,733,4756,LT-20260328-091741
2026-03-28 10:36:58.401,4,PO,111513,1,0,664,4756.6,LT-20260328-091741
2026-03-28 10:36:59.075,4,PO,111514,1,0,671,4757.3,LT-20260328-091741
2026-03-28 10:36:59.791,4,PO,111515,1,0,715,4758,LT-20260328-091741
2026-03-28 10:37:00.505,4,PO,111516,1,0,709,4758.7,LT-20260328-091741
2026-03-28 10:37:01.225,4,PO,111517,1,0,718,4759.5,LT-20260328-091741
2026-03-28 10:37:01.899,4,PO,111518,1,0,672,4760.1,LT-20260328-091741
2026-03-28 10:37:02.599,4,PO,111519,1,0,699,4760.8,LT-20260328-091741
2026-03-28 10:37:03.315,4,PO,111520,1,0,714,4761.6,LT-20260328-091741
2026-03-28 10:37:03.992,4,PO,111521,1,0,675,4762.2,LT-20260328-091741
2026-03-28 10:37:04.667,4,PO,111522,1,0,673,4762.9,LT-20260328-091741
2026-03-28 10:37:05.386,4,PO,111523,1,0,716,4763.6,LT-20260328-091741
2026-03-28 10:37:06.118,4,PO,111524,1,0,728,4764.4,LT-20260328-091741
2026-03-28 10:37:06.812,4,PO,111525,1,0,693,4765.1,LT-20260328-091741
2026-03-28 10:37:07.515,4,PO,111526,1,0,701,4765.8,LT-20260328-091741
2026-03-28 10:37:08.211,4,PO,111527,1,0,692,4766.5,LT-20260328-091741
2026-03-28 10:37:08.890,4,PO,111528,1,0,677,4767.1,LT-20260328-091741
2026-03-28 10:37:09.594,4,PO,111529,1,0,702,4767.8,LT-20260328-091741
2026-03-28 10:37:10.294,4,PO,111530,1,0,697,4768.5,LT-20260328-091741
2026-03-28 10:37:11.006,4,PO,111531,1,0,707,4769.3,LT-20260328-091741
2026-03-28 10:37:11.789,4,PO,111532,1,0,779,4770,LT-20260328-091741
2026-03-28 10:37:12.485,4,PO,111533,1,0,691,4770.7,LT-20260328-091741
2026-03-28 10:37:13.200,4,PO,111534,1,0,712,4771.4,LT-20260328-091741
2026-03-28 10:37:13.919,4,PO,111535,1,0,714,4772.2,LT-20260328-091741
2026-03-28 10:37:14.602,4,PO,111536,1,0,680,4772.8,LT-20260328-091741
2026-03-28 10:37:15.289,4,PO,111537,1,0,684,4773.5,LT-20260328-091741
2026-03-28 10:37:15.973,4,PO,111538,1,0,682,4774.2,LT-20260328-091741
2026-03-28 10:37:16.701,4,PO,111539,1,0,723,4774.9,LT-20260328-091741
2026-03-28 10:37:17.405,4,PO,111540,1,0,701,4775.6,LT-20260328-091741
2026-03-28 10:37:18.115,4,PO,111541,1,0,707,4776.4,LT-20260328-091741
2026-03-28 10:37:18.812,4,PO,111542,1,0,694,4777.1,LT-20260328-091741
2026-03-28 10:37:19.497,4,PO,111543,1,0,683,4777.7,LT-20260328-091741
2026-03-28 10:37:20.238,4,PO,111544,1,0,737,4778.5,LT-20260328-091741
2026-03-28 10:37:20.931,4,PO,111545,1,0,690,4779.2,LT-20260328-091741
2026-03-28 10:37:21.647,4,PO,111546,1,0,713,4779.9,LT-20260328-091741
2026-03-28 10:37:22.352,4,PO,111547,1,0,702,4780.6,LT-20260328-091741
2026-03-28 10:37:23.035,4,PO,111548,1,0,681,4781.3,LT-20260328-091741
2026-03-28 10:37:23.746,4,PO,111549,1,0,708,4782,LT-20260328-091741
2026-03-28 10:37:24.483,4,PO,111550,1,0,735,4782.7,LT-20260328-091741
2026-03-28 10:37:25.190,4,PO,111551,1,0,702,4783.4,LT-20260328-091741
2026-03-28 10:37:25.962,4,PO,111552,1,0,769,4784.2,LT-20260328-091741
2026-03-28 10:37:26.700,4,PO,111553,1,0,734,4784.9,LT-20260328-091741
2026-03-28 10:37:27.420,4,PO,111554,1,0,718,4785.7,LT-20260328-091741
2026-03-28 10:37:28.092,4,PO,111555,1,0,669,4786.3,LT-20260328-091741
2026-03-28 10:37:28.778,4,PO,111556,1,0,683,4787,LT-20260328-091741
2026-03-28 10:37:29.474,4,PO,111557,1,0,693,4787.7,LT-20260328-091741
2026-03-28 10:37:30.165,4,PO,111558,1,0,690,4788.4,LT-20260328-091741
2026-03-28 10:37:30.833,4,PO,111559,1,0,665,4789.1,LT-20260328-091741
2026-03-28 10:37:31.498,4,PO,111560,1,0,664,4789.7,LT-20260328-091741
2026-03-28 10:37:32.178,4,PO,111561,1,0,676,4790.4,LT-20260328-091741
2026-03-28 10:37:32.874,4,PO,111562,1,0,694,4791.1,LT-20260328-091741
2026-03-28 10:37:33.556,4,PO,111563,1,0,678,4791.8,LT-20260328-091741
2026-03-28 10:37:34.221,4,PO,111564,1,0,663,4792.5,LT-20260328-091741
2026-03-28 10:37:34.884,4,PO,111565,1,0,662,4793.1,LT-20260328-091741
2026-03-28 10:37:35.579,4,PO,111566,1,0,693,4793.8,LT-20260328-091741
2026-03-28 10:37:36.263,4,PO,111567,1,0,683,4794.5,LT-20260328-091741
2026-03-28 10:37:36.953,4,PO,111568,1,0,689,4795.2,LT-20260328-091741
2026-03-28 10:37:37.652,4,PO,111569,1,0,697,4795.9,LT-20260328-091741
2026-03-28 10:37:38.310,4,PO,111570,1,0,655,4796.6,LT-20260328-091741
2026-03-28 10:37:38.981,4,PO,111571,1,0,669,4797.2,LT-20260328-091741
2026-03-28 10:37:39.683,4,PO,111572,1,0,701,4797.9,LT-20260328-091741
2026-03-28 10:37:40.402,4,PO,111573,1,0,716,4798.6,LT-20260328-091741
2026-03-28 10:37:41.130,4,PO,111574,1,0,726,4799.4,LT-20260328-091741
2026-03-28 10:37:41.813,4,PO,111575,1,0,681,4800.1,LT-20260328-091741
2026-03-28 10:37:42.481,4,PO,111576,1,0,667,4800.7,LT-20260328-091741
2026-03-28 10:37:43.159,4,PO,111577,1,0,675,4801.4,LT-20260328-091741
2026-03-28 10:37:43.846,4,PO,111578,1,0,686,4802.1,LT-20260328-091741
2026-03-28 10:37:45.069,5,SO,106226,1,0,1217,4803.3,LT-20260328-091741
2026-03-28 10:37:45.942,5,SO,106227,1,0,872,4804.2,LT-20260328-091741
2026-03-28 10:37:46.877,5,SO,106228,1,0,934,4805.1,LT-20260328-091741
2026-03-28 10:37:47.644,5,SO,106229,1,0,764,4805.9,LT-20260328-091741
2026-03-28 10:37:48.336,5,SO,106230,1,0,690,4806.6,LT-20260328-091741
2026-03-28 10:37:49.007,5,SO,106231,1,0,670,4807.3,LT-20260328-091741
2026-03-28 10:37:49.726,5,SO,106232,1,0,718,4808,LT-20260328-091741
2026-03-28 10:37:50.343,5,SO,106233,1,0,615,4808.6,LT-20260328-091741
2026-03-28 10:37:50.974,5,SO,106234,1,0,629,4809.2,LT-20260328-091741
2026-03-28 10:37:51.720,5,SO,106235,1,0,744,4810,LT-20260328-091741
2026-03-28 10:37:52.354,5,SO,106236,1,0,633,4810.6,LT-20260328-091741
2026-03-28 10:37:52.979,5,SO,106237,1,0,623,4811.2,LT-20260328-091741
2026-03-28 10:37:53.607,5,SO,106238,1,0,626,4811.9,LT-20260328-091741
2026-03-28 10:37:54.232,5,SO,106239,1,0,622,4812.5,LT-20260328-091741
2026-03-28 10:37:54.874,5,SO,106240,1,0,641,4813.1,LT-20260328-091741
2026-03-28 10:37:55.497,5,SO,106241,1,0,622,4813.7,LT-20260328-091741
2026-03-28 10:37:56.119,5,SO,106242,1,0,620,4814.4,LT-20260328-091741
2026-03-28 10:37:56.845,5,SO,106243,1,0,725,4815.1,LT-20260328-091741
2026-03-28 10:37:57.642,5,SO,106244,1,0,796,4815.9,LT-20260328-091741
2026-03-28 10:37:58.490,5,SO,106245,1,0,845,4816.7,LT-20260328-091741
2026-03-28 10:37:59.300,5,SO,106246,1,0,809,4817.5,LT-20260328-091741
2026-03-28 10:38:00.110,5,SO,106247,1,0,809,4818.4,LT-20260328-091741
2026-03-28 10:38:00.928,5,SO,106248,1,0,814,4819.2,LT-20260328-091741
2026-03-28 10:38:01.748,5,SO,106249,1,0,818,4820,LT-20260328-091741
2026-03-28 10:38:02.554,5,SO,106250,1,0,805,4820.8,LT-20260328-091741
2026-03-28 10:38:03.390,5,SO,106251,1,0,834,4821.6,LT-20260328-091741
2026-03-28 10:38:04.209,5,SO,106252,1,0,818,4822.5,LT-20260328-091741
2026-03-28 10:38:05.026,5,SO,106253,1,0,814,4823.3,LT-20260328-091741
2026-03-28 10:38:05.831,5,SO,106254,1,0,802,4824.1,LT-20260328-091741
2026-03-28 10:38:06.671,5,SO,106255,1,0,838,4824.9,LT-20260328-091741
2026-03-28 10:38:07.341,5,SO,106256,1,0,668,4825.6,LT-20260328-091741
2026-03-28 10:38:07.946,5,SO,106257,1,0,604,4826.2,LT-20260328-091741
2026-03-28 10:38:08.581,5,SO,106258,1,0,633,4826.8,LT-20260328-091741
2026-03-28 10:38:09.259,5,SO,106259,1,0,675,4827.5,LT-20260328-091741
2026-03-28 10:38:09.941,5,SO,106260,1,0,679,4828.2,LT-20260328-091741
2026-03-28 10:38:10.570,5,SO,106261,1,0,627,4828.8,LT-20260328-091741
2026-03-28 10:38:11.231,5,SO,106262,1,0,659,4829.5,LT-20260328-091741
2026-03-28 10:38:11.904,5,SO,106263,1,0,671,4830.1,LT-20260328-091741
2026-03-28 10:38:12.601,5,SO,106264,1,0,696,4830.8,LT-20260328-091741
2026-03-28 10:38:13.200,5,SO,106265,1,0,596,4831.4,LT-20260328-091741
2026-03-28 10:38:13.794,5,SO,106266,1,0,593,4832,LT-20260328-091741
2026-03-28 10:38:14.426,5,SO,106267,1,0,630,4832.7,LT-20260328-091741
2026-03-28 10:38:15.050,5,SO,106268,1,0,622,4833.3,LT-20260328-091741
2026-03-28 10:38:15.702,5,SO,106269,1,0,651,4833.9,LT-20260328-091741
2026-03-28 10:38:16.383,5,SO,106270,1,0,679,4834.6,LT-20260328-091741
2026-03-28 10:38:17.209,5,SO,106271,1,0,825,4835.5,LT-20260328-091741
2026-03-28 10:38:18.020,5,SO,106272,1,0,809,4836.3,LT-20260328-091741
2026-03-28 10:38:18.929,5,SO,106273,1,0,907,4837.2,LT-20260328-091741
2026-03-28 10:38:19.747,5,SO,106274,1,0,816,4838,LT-20260328-091741
2026-03-28 10:38:20.557,5,SO,106275,1,0,808,4838.8,LT-20260328-091741
2026-03-28 10:38:21.372,5,SO,106276,1,0,813,4839.6,LT-20260328-091741
2026-03-28 10:38:22.181,5,SO,106277,1,0,807,4840.4,LT-20260328-091741
2026-03-28 10:38:23.020,5,SO,106278,1,0,838,4841.3,LT-20260328-091741
2026-03-28 10:38:23.839,5,SO,106279,1,0,817,4842.1,LT-20260328-091741
2026-03-28 10:38:24.654,5,SO,106280,1,0,814,4842.9,LT-20260328-091741
2026-03-28 10:38:25.506,5,SO,106281,1,0,849,4843.8,LT-20260328-091741
2026-03-28 10:38:26.531,5,SO,106282,1,0,1023,4844.8,LT-20260328-091741
2026-03-28 10:38:27.372,5,SO,106283,1,0,839,4845.6,LT-20260328-091741
2026-03-28 10:38:28.201,5,SO,106284,1,0,827,4846.4,LT-20260328-091741
2026-03-28 10:38:29.041,5,SO,106285,1,0,838,4847.3,LT-20260328-091741
2026-03-28 10:38:29.841,5,SO,106286,1,0,798,4848.1,LT-20260328-091741
2026-03-28 10:38:30.645,5,SO,106287,1,0,802,4848.9,LT-20260328-091741
2026-03-28 10:38:31.471,5,SO,106288,1,0,824,4849.7,LT-20260328-091741
2026-03-28 10:38:32.298,5,SO,106289,1,0,825,4850.5,LT-20260328-091741
2026-03-28 10:38:33.119,5,SO,106290,1,0,820,4851.4,LT-20260328-091741
2026-03-28 10:38:33.939,5,SO,106291,1,0,819,4852.2,LT-20260328-091741
2026-03-28 10:38:34.753,5,SO,106292,1,0,813,4853,LT-20260328-091741
2026-03-28 10:38:35.607,5,SO,106293,1,0,853,4853.9,LT-20260328-091741
2026-03-28 10:38:36.462,5,SO,106294,1,0,853,4854.7,LT-20260328-091741
2026-03-28 10:38:37.287,5,SO,106295,1,0,823,4855.5,LT-20260328-091741
2026-03-28 10:38:38.285,5,SO,106296,1,0,997,4856.5,LT-20260328-091741
2026-03-28 10:38:39.110,5,SO,106297,1,0,823,4857.4,LT-20260328-091741
2026-03-28 10:38:39.899,5,SO,106298,1,0,786,4858.1,LT-20260328-091741
2026-03-28 10:38:40.701,5,SO,106299,1,0,800,4858.9,LT-20260328-091741
2026-03-28 10:38:41.522,5,SO,106300,1,0,818,4859.8,LT-20260328-091741
2026-03-28 10:38:42.358,5,SO,106301,1,0,834,4860.6,LT-20260328-091741
2026-03-28 10:38:43.177,5,SO,106302,1,0,818,4861.4,LT-20260328-091741
2026-03-28 10:38:44.111,5,SO,106303,1,0,932,4862.4,LT-20260328-091741
2026-03-28 10:38:45.035,5,SO,106304,1,0,922,4863.3,LT-20260328-091741
2026-03-28 10:38:45.965,5,SO,106305,1,0,929,4864.2,LT-20260328-091741
2026-03-28 10:38:46.893,5,SO,106306,1,0,926,4865.1,LT-20260328-091741
2026-03-28 10:38:47.691,5,SO,106307,1,0,797,4865.9,LT-20260328-091741
2026-03-28 10:38:48.657,5,SO,106308,1,0,964,4866.9,LT-20260328-091741
2026-03-28 10:38:49.468,5,SO,106309,1,0,810,4867.7,LT-20260328-091741
2026-03-28 10:38:50.275,5,SO,106310,1,0,805,4868.5,LT-20260328-091741
2026-03-28 10:38:51.301,5,SO,106311,1,0,1024,4869.5,LT-20260328-091741
2026-03-28 10:38:52.106,5,SO,106312,1,0,804,4870.4,LT-20260328-091741
2026-03-28 10:38:52.961,5,SO,106313,1,0,853,4871.2,LT-20260328-091741
2026-03-28 10:38:53.830,5,SO,106314,1,0,868,4872.1,LT-20260328-091741
2026-03-28 10:38:54.649,5,SO,106315,1,0,817,4872.9,LT-20260328-091741
2026-03-28 10:38:55.481,5,SO,106316,1,0,831,4873.7,LT-20260328-091741
2026-03-28 10:38:56.303,5,SO,106317,1,0,819,4874.5,LT-20260328-091741
2026-03-28 10:38:57.149,5,SO,106318,1,0,845,4875.4,LT-20260328-091741
2026-03-28 10:38:57.983,5,SO,106319,1,0,831,4876.2,LT-20260328-091741
2026-03-28 10:38:58.792,5,SO,106320,1,0,807,4877,LT-20260328-091741
2026-03-28 10:38:59.615,5,SO,106321,1,0,820,4877.9,LT-20260328-091741
2026-03-28 10:39:00.478,5,SO,106322,1,0,861,4878.7,LT-20260328-091741
2026-03-28 10:39:01.276,5,SO,106323,1,0,796,4879.5,LT-20260328-091741
2026-03-28 10:39:02.088,5,SO,106324,1,0,810,4880.3,LT-20260328-091741
2026-03-28 10:39:02.918,5,SO,106325,1,0,828,4881.2,LT-20260328-091741
2026-03-28 10:39:03.737,5,SO,106326,1,0,818,4882,LT-20260328-091741
2026-03-28 10:39:04.568,5,SO,106327,1,0,830,4882.8,LT-20260328-091741
2026-03-28 10:39:05.459,5,SO,106328,1,0,890,4883.7,LT-20260328-091741
2026-03-28 10:39:06.281,5,SO,106329,1,0,821,4884.5,LT-20260328-091741
2026-03-28 10:39:07.121,5,SO,106330,1,0,838,4885.4,LT-20260328-091741
2026-03-28 10:39:07.972,5,SO,106331,1,0,846,4886.2,LT-20260328-091741
2026-03-28 10:39:08.800,5,SO,106332,1,0,825,4887,LT-20260328-091741
2026-03-28 10:39:09.621,5,SO,106333,1,0,817,4887.9,LT-20260328-091741
2026-03-28 10:39:10.457,5,SO,106334,1,0,831,4888.7,LT-20260328-091741
2026-03-28 10:39:11.333,5,SO,106335,1,0,873,4889.6,LT-20260328-091741
2026-03-28 10:39:12.194,5,SO,106336,1,0,858,4890.4,LT-20260328-091741
2026-03-28 10:39:13.017,5,SO,106337,1,0,822,4891.3,LT-20260328-091741
2026-03-28 10:39:13.868,5,SO,106338,1,0,847,4892.1,LT-20260328-091741
2026-03-28 10:39:14.697,5,SO,106339,1,0,825,4892.9,LT-20260328-091741
2026-03-28 10:39:15.583,5,SO,106340,1,0,884,4893.8,LT-20260328-091741
2026-03-28 10:39:16.504,5,SO,106341,1,0,919,4894.7,LT-20260328-091741
2026-03-28 10:39:17.447,5,SO,106342,1,0,942,4895.7,LT-20260328-091741
2026-03-28 10:39:18.246,5,SO,106343,1,0,797,4896.5,LT-20260328-091741
2026-03-28 10:39:19.162,5,SO,106344,1,0,913,4897.4,LT-20260328-091741
2026-03-28 10:39:19.870,5,SO,106345,1,0,707,4898.1,LT-20260328-091741
2026-03-28 10:39:20.518,5,SO,106346,1,0,646,4898.8,LT-20260328-091741
2026-03-28 10:39:21.173,5,SO,106347,1,0,653,4899.4,LT-20260328-091741
2026-03-28 10:39:21.945,5,SO,106348,1,0,769,4900.2,LT-20260328-091741
2026-03-28 10:39:22.642,5,SO,106349,1,0,695,4900.9,LT-20260328-091741
2026-03-28 10:39:23.269,5,SO,106350,1,0,625,4901.5,LT-20260328-091741
2026-03-28 10:39:23.902,5,SO,106351,1,0,631,4902.1,LT-20260328-091741
2026-03-28 10:39:24.548,5,SO,106352,1,0,645,4902.8,LT-20260328-091741
2026-03-28 10:39:25.274,5,SO,106353,1,0,725,4903.5,LT-20260328-091741
2026-03-28 10:39:25.911,5,SO,106354,1,0,635,4904.2,LT-20260328-091741
2026-03-28 10:39:26.591,5,SO,106355,1,0,678,4904.8,LT-20260328-091741
2026-03-28 10:39:27.197,5,SO,106356,1,0,604,4905.4,LT-20260328-091741
2026-03-28 10:39:27.850,5,SO,106357,1,0,651,4906.1,LT-20260328-091741
2026-03-28 10:39:28.461,5,SO,106358,1,0,610,4906.7,LT-20260328-091741
2026-03-28 10:39:29.058,5,SO,106359,1,0,596,4907.3,LT-20260328-091741
2026-03-28 10:39:29.668,5,SO,106360,1,0,608,4907.9,LT-20260328-091741
2026-03-28 10:39:30.283,5,SO,106361,1,0,613,4908.5,LT-20260328-091741
2026-03-28 10:39:30.890,5,SO,106362,1,0,605,4909.1,LT-20260328-091741
2026-03-28 10:39:31.525,5,SO,106363,1,0,634,4909.8,LT-20260328-091741
2026-03-28 10:39:32.159,5,SO,106364,1,0,632,4910.4,LT-20260328-091741
2026-03-28 10:39:32.757,5,SO,106365,1,0,597,4911,LT-20260328-091741
2026-03-28 10:39:33.395,5,SO,106366,1,0,636,4911.6,LT-20260328-091741
2026-03-28 10:39:34.025,5,SO,106367,1,0,629,4912.3,LT-20260328-091741
2026-03-28 10:39:34.646,5,SO,106368,1,0,618,4912.9,LT-20260328-091741
2026-03-28 10:39:35.257,5,SO,106369,1,0,610,4913.5,LT-20260328-091741
2026-03-28 10:39:35.882,5,SO,106370,1,0,623,4914.1,LT-20260328-091741
2026-03-28 10:39:36.588,5,SO,106371,1,0,705,4914.8,LT-20260328-091741
2026-03-28 10:39:37.394,5,SO,106372,1,0,804,4915.6,LT-20260328-091741
2026-03-28 10:39:38.210,5,SO,106373,1,0,815,4916.5,LT-20260328-091741
2026-03-28 10:39:39.007,5,SO,106374,1,0,794,4917.3,LT-20260328-091741
2026-03-28 10:39:39.834,5,SO,106375,1,0,826,4918.1,LT-20260328-091741
2026-03-28 10:39:40.683,5,SO,106376,1,0,847,4918.9,LT-20260328-091741
2026-03-28 10:39:41.507,5,SO,106377,1,0,823,4919.8,LT-20260328-091741
2026-03-28 10:39:42.315,5,SO,106378,1,0,807,4920.6,LT-20260328-091741
2026-03-28 10:39:43.120,5,SO,106379,1,0,803,4921.4,LT-20260328-091741
2026-03-28 10:39:43.920,5,SO,106380,1,0,799,4922.2,LT-20260328-091741
2026-03-28 10:39:44.749,5,SO,106381,1,0,827,4923,LT-20260328-091741
2026-03-28 10:39:45.559,5,SO,106382,1,0,808,4923.8,LT-20260328-091741
2026-03-28 10:39:46.389,5,SO,106383,1,0,829,4924.6,LT-20260328-091741
2026-03-28 10:39:47.188,5,SO,106384,1,0,798,4925.4,LT-20260328-091741
2026-03-28 10:39:48.101,5,SO,106385,1,0,911,4926.3,LT-20260328-091741
2026-03-28 10:39:49.017,5,SO,106386,1,0,834,4927.3,LT-20260328-091741
2026-03-28 10:39:49.847,5,SO,106387,1,0,828,4928.1,LT-20260328-091741
2026-03-28 10:39:50.659,5,SO,106388,1,0,809,4928.9,LT-20260328-091741
2026-03-28 10:39:51.500,5,SO,106389,1,0,838,4929.7,LT-20260328-091741
2026-03-28 10:39:52.334,5,SO,106390,1,0,832,4930.6,LT-20260328-091741
2026-03-28 10:39:53.160,5,SO,106391,1,0,824,4931.4,LT-20260328-091741
2026-03-28 10:39:53.996,5,SO,106392,1,0,834,4932.2,LT-20260328-091741
2026-03-28 10:39:54.798,5,SO,106393,1,0,800,4933,LT-20260328-091741
2026-03-28 10:39:55.623,5,SO,106394,1,0,822,4933.9,LT-20260328-091741
2026-03-28 10:39:56.472,5,SO,106395,1,0,846,4934.7,LT-20260328-091741
2026-03-28 10:39:57.415,5,SO,106396,1,0,941,4935.7,LT-20260328-091741
2026-03-28 10:39:58.253,5,SO,106397,1,0,836,4936.5,LT-20260328-091741
2026-03-28 10:39:59.121,5,SO,106398,1,0,865,4937.4,LT-20260328-091741
2026-03-28 10:39:59.944,5,SO,106399,1,0,821,4938.2,LT-20260328-091741
2026-03-28 10:40:00.778,5,SO,106400,1,0,832,4939,LT-20260328-091741
2026-03-28 10:40:01.628,5,SO,106401,1,0,848,4939.9,LT-20260328-091741
2026-03-28 10:40:02.472,5,SO,106402,1,0,842,4940.7,LT-20260328-091741
2026-03-28 10:40:03.294,5,SO,106403,1,0,820,4941.5,LT-20260328-091741
2026-03-28 10:40:04.137,5,SO,106404,1,0,841,4942.4,LT-20260328-091741
2026-03-28 10:40:04.952,5,SO,106405,1,0,813,4943.2,LT-20260328-091741
2026-03-28 10:40:05.762,5,SO,106406,1,0,807,4944,LT-20260328-091741
2026-03-28 10:40:06.631,5,SO,106407,1,0,866,4944.9,LT-20260328-091741
2026-03-28 10:40:07.486,5,SO,106408,1,0,854,4945.7,LT-20260328-091741
2026-03-28 10:40:08.346,5,SO,106409,1,0,858,4946.6,LT-20260328-091741
2026-03-28 10:40:09.185,5,SO,106410,1,0,837,4947.4,LT-20260328-091741
2026-03-28 10:40:10.038,5,SO,106411,1,0,851,4948.3,LT-20260328-091741
2026-03-28 10:40:10.888,5,SO,106412,1,0,847,4949.1,LT-20260328-091741
2026-03-28 10:40:11.766,5,SO,106413,1,0,876,4950,LT-20260328-091741
2026-03-28 10:40:12.797,5,SO,106414,1,0,1029,4951,LT-20260328-091741
2026-03-28 10:40:13.647,5,SO,106415,1,0,848,4951.9,LT-20260328-091741
2026-03-28 10:40:14.498,5,SO,106416,1,0,849,4952.7,LT-20260328-091741
2026-03-28 10:40:15.305,5,SO,106417,1,0,805,4953.5,LT-20260328-091741
2026-03-28 10:40:16.145,5,SO,106418,1,0,838,4954.4,LT-20260328-091741
2026-03-28 10:40:16.803,5,SO,106419,1,0,655,4955,LT-20260328-091741
2026-03-28 10:40:17.581,5,SO,106420,1,0,776,4955.8,LT-20260328-091741
2026-03-28 10:40:18.230,5,SO,106421,1,0,647,4956.5,LT-20260328-091741
2026-03-28 10:40:18.871,5,SO,106422,1,0,639,4957.1,LT-20260328-091741
2026-03-28 10:40:19.520,5,SO,106423,1,0,646,4957.8,LT-20260328-091741
2026-03-28 10:40:20.190,5,SO,106424,1,0,667,4958.4,LT-20260328-091741
2026-03-28 10:40:20.824,5,SO,106425,1,0,632,4959.1,LT-20260328-091741
2026-03-28 10:40:21.443,5,SO,106426,1,0,617,4959.7,LT-20260328-091741
2026-03-28 10:40:22.049,5,SO,106427,1,0,604,4960.3,LT-20260328-091741
2026-03-28 10:40:22.679,5,SO,106428,1,0,627,4960.9,LT-20260328-091741
2026-03-28 10:40:23.317,5,SO,106429,1,0,637,4961.6,LT-20260328-091741
2026-03-28 10:40:24.177,5,SO,106430,1,0,858,4962.4,LT-20260328-091741
2026-03-28 10:40:24.988,5,SO,106431,1,0,807,4963.2,LT-20260328-091741
2026-03-28 10:40:25.871,5,SO,106432,1,0,881,4964.1,LT-20260328-091741
2026-03-28 10:40:26.973,5,SO,106433,1,0,1099,4965.2,LT-20260328-091741
2026-03-28 10:40:27.997,5,SO,106434,1,0,1021,4966.2,LT-20260328-091741
2026-03-28 10:40:28.865,5,SO,106435,1,0,864,4967.1,LT-20260328-091741
2026-03-28 10:40:29.834,5,SO,106436,1,0,965,4968.1,LT-20260328-091741
2026-03-28 10:40:30.681,5,SO,106437,1,0,844,4968.9,LT-20260328-091741
2026-03-28 10:40:31.552,5,SO,106438,1,0,869,4969.8,LT-20260328-091741
2026-03-28 10:40:32.504,5,SO,106439,1,0,948,4970.7,LT-20260328-091741
2026-03-28 10:40:33.326,5,SO,106440,1,0,821,4971.6,LT-20260328-091741
2026-03-28 10:40:34.255,5,SO,106441,1,0,927,4972.5,LT-20260328-091741
2026-03-28 10:40:35.064,5,SO,106442,1,0,807,4973.3,LT-20260328-091741
2026-03-28 10:40:36.006,5,SO,106443,1,0,940,4974.3,LT-20260328-091741
2026-03-28 10:40:36.706,5,SO,106444,1,0,696,4975,LT-20260328-091741
2026-03-28 10:40:37.441,5,SO,106445,1,0,732,4975.7,LT-20260328-091741
2026-03-28 10:40:38.086,5,SO,106446,1,0,643,4976.3,LT-20260328-091741
2026-03-28 10:40:38.769,5,SO,106447,1,0,680,4977,LT-20260328-091741
2026-03-28 10:40:39.455,5,SO,106448,1,0,684,4977.7,LT-20260328-091741
2026-03-28 10:40:40.354,5,SO,106449,1,0,897,4978.6,LT-20260328-091741
2026-03-28 10:40:41.020,5,SO,106450,1,0,663,4979.3,LT-20260328-091741
2026-03-28 10:40:41.689,5,SO,106451,1,0,668,4979.9,LT-20260328-091741
2026-03-28 10:40:42.345,5,SO,106452,1,0,653,4980.6,LT-20260328-091741
2026-03-28 10:40:43.311,5,SO,106453,1,0,965,4981.6,LT-20260328-091741
2026-03-28 10:40:43.986,5,SO,106454,1,0,672,4982.2,LT-20260328-091741
2026-03-28 10:40:44.670,5,SO,106455,1,0,681,4982.9,LT-20260328-091741
2026-03-28 10:40:45.318,5,SO,106456,1,0,642,4983.6,LT-20260328-091741
2026-03-28 10:40:45.959,5,SO,106457,1,0,638,4984.2,LT-20260328-091741
2026-03-28 10:40:46.709,5,SO,106458,1,0,747,4985,LT-20260328-091741
2026-03-28 10:40:47.566,5,SO,106459,1,0,856,4985.8,LT-20260328-091741
2026-03-28 10:40:48.404,5,SO,106460,1,0,835,4986.6,LT-20260328-091741
2026-03-28 10:40:49.336,5,SO,106461,1,0,928,4987.6,LT-20260328-091741
2026-03-28 10:40:50.174,5,SO,106462,1,0,836,4988.4,LT-20260328-091741
2026-03-28 10:40:50.998,5,SO,106463,1,0,822,4989.2,LT-20260328-091741
2026-03-28 10:40:51.871,5,SO,106464,1,0,871,4990.1,LT-20260328-091741
2026-03-28 10:40:52.830,5,SO,106465,1,0,956,4991.1,LT-20260328-091741
2026-03-28 10:40:53.839,5,SO,106466,1,0,1006,4992.1,LT-20260328-091741
2026-03-28 10:40:54.665,5,SO,106467,1,0,823,4992.9,LT-20260328-091741
2026-03-28 10:40:56.575,5,SO,106468,1,0,1907,4994.8,LT-20260328-091741
2026-03-28 10:40:57.460,5,SO,106469,1,0,882,4995.7,LT-20260328-091741
2026-03-28 10:40:58.407,5,SO,106470,1,0,946,4996.7,LT-20260328-091741
2026-03-28 10:40:59.345,5,SO,106471,1,0,934,4997.6,LT-20260328-091741
2026-03-28 10:41:00.415,5,SO,106472,1,0,1066,4998.7,LT-20260328-091741
2026-03-28 10:41:01.289,5,SO,106473,1,0,869,4999.5,LT-20260328-091741
2026-03-28 10:41:02.175,5,SO,106474,1,0,883,5000.4,LT-20260328-091741
2026-03-28 10:41:03.036,5,SO,106475,1,0,858,5001.3,LT-20260328-091741
2026-03-28 10:41:03.903,5,SO,106476,1,0,865,5002.1,LT-20260328-091741
2026-03-28 10:41:04.772,5,SO,106477,1,0,867,5003,LT-20260328-091741
2026-03-28 10:41:05.625,5,SO,106478,1,0,851,5003.9,LT-20260328-091741
2026-03-28 10:41:06.537,5,SO,106479,1,0,908,5004.8,LT-20260328-091741
2026-03-28 10:41:07.466,5,SO,106480,1,0,925,5005.7,LT-20260328-091741
2026-03-28 10:41:08.319,5,SO,106481,1,0,851,5006.6,LT-20260328-091741
2026-03-28 10:41:09.256,5,SO,106482,1,0,933,5007.5,LT-20260328-091741
2026-03-28 10:41:10.119,5,SO,106483,1,0,858,5008.4,LT-20260328-091741
2026-03-28 10:41:10.954,5,SO,106484,1,0,832,5009.2,LT-20260328-091741
2026-03-28 10:41:11.824,5,SO,106485,1,0,867,5010.1,LT-20260328-091741
2026-03-28 10:41:12.668,5,SO,106486,1,0,841,5010.9,LT-20260328-091741
2026-03-28 10:41:13.524,5,SO,106487,1,0,854,5011.8,LT-20260328-091741
2026-03-28 10:41:14.350,5,SO,106488,1,0,823,5012.6,LT-20260328-091741
2026-03-28 10:41:15.173,5,SO,106489,1,0,821,5013.4,LT-20260328-091741
2026-03-28 10:41:16.008,5,SO,106490,1,0,832,5014.3,LT-20260328-091741
2026-03-28 10:41:16.867,5,SO,106491,1,0,856,5015.1,LT-20260328-091741
2026-03-28 10:41:17.739,5,SO,106492,1,0,867,5016,LT-20260328-091741
2026-03-28 10:41:18.610,5,SO,106493,1,0,867,5016.9,LT-20260328-091741
2026-03-28 10:41:19.477,5,SO,106494,1,0,864,5017.7,LT-20260328-091741
2026-03-28 10:41:20.320,5,SO,106495,1,0,839,5018.6,LT-20260328-091741
2026-03-28 10:41:21.235,5,SO,106496,1,0,902,5019.5,LT-20260328-091741
2026-03-28 10:41:22.080,5,SO,106497,1,0,842,5020.3,LT-20260328-091741
2026-03-28 10:41:23.040,5,SO,106498,1,0,955,5021.3,LT-20260328-091741
2026-03-28 10:41:23.971,5,SO,106499,1,0,927,5022.2,LT-20260328-091741
2026-03-28 10:41:24.913,5,SO,106500,1,0,940,5023.2,LT-20260328-091741
2026-03-28 10:41:25.789,5,SO,106501,1,0,872,5024,LT-20260328-091741
2026-03-28 10:41:27.208,5,SO,106502,1,0,1416,5025.5,LT-20260328-091741
2026-03-28 10:41:27.874,5,SO,106503,1,0,660,5026.1,LT-20260328-091741
2026-03-28 10:41:28.530,5,SO,106504,1,0,653,5026.8,LT-20260328-091741
2026-03-28 10:41:29.199,5,SO,106505,1,0,667,5027.4,LT-20260328-091741
2026-03-28 10:41:29.947,5,SO,106506,1,0,744,5028.2,LT-20260328-091741
2026-03-28 10:41:30.673,5,SO,106507,1,0,722,5028.9,LT-20260328-091741
2026-03-28 10:41:31.344,5,SO,106508,1,0,666,5029.6,LT-20260328-091741
2026-03-28 10:41:32.014,5,SO,106509,1,0,666,5030.3,LT-20260328-091741
2026-03-28 10:41:32.663,5,SO,106510,1,0,645,5030.9,LT-20260328-091741
2026-03-28 10:41:33.319,5,SO,106511,1,0,653,5031.6,LT-20260328-091741
2026-03-28 10:41:33.966,5,SO,106512,1,0,644,5032.2,LT-20260328-091741
2026-03-28 10:41:34.634,5,SO,106513,1,0,665,5032.9,LT-20260328-091741
2026-03-28 10:41:35.307,5,SO,106514,1,0,670,5033.6,LT-20260328-091741
2026-03-28 10:41:35.978,5,SO,106515,1,0,668,5034.2,LT-20260328-091741
2026-03-28 10:41:36.627,5,SO,106516,1,0,647,5034.9,LT-20260328-091741
2026-03-28 10:41:37.317,5,SO,106517,1,0,686,5035.6,LT-20260328-091741
2026-03-28 10:41:38.057,5,SO,106518,1,0,735,5036.3,LT-20260328-091741
2026-03-28 10:41:38.758,5,SO,106519,1,0,698,5037,LT-20260328-091741
2026-03-28 10:41:39.441,5,SO,106520,1,0,676,5037.7,LT-20260328-091741
2026-03-28 10:41:40.115,5,SO,106521,1,0,670,5038.4,LT-20260328-091741
2026-03-28 10:41:40.778,5,SO,106522,1,0,660,5039,LT-20260328-091741
2026-03-28 10:41:41.477,5,SO,106523,1,0,692,5039.7,LT-20260328-091741
2026-03-28 10:41:42.150,5,SO,106524,1,0,666,5040.4,LT-20260328-091741
2026-03-28 10:41:42.814,5,SO,106525,1,0,660,5041.1,LT-20260328-091741
2026-03-28 10:41:43.454,5,SO,106526,1,0,637,5041.7,LT-20260328-091741
2026-03-28 10:41:44.115,5,SO,106527,1,0,657,5042.4,LT-20260328-091741
2026-03-28 10:41:44.783,5,SO,106528,1,0,664,5043,LT-20260328-091741
2026-03-28 10:41:45.451,5,SO,106529,1,0,665,5043.7,LT-20260328-091741
2026-03-28 10:41:46.114,5,SO,106530,1,0,660,5044.4,LT-20260328-091741
2026-03-28 10:41:46.780,5,SO,106531,1,0,662,5045,LT-20260328-091741
2026-03-28 10:41:47.456,5,SO,106532,1,0,672,5045.7,LT-20260328-091741
2026-03-28 10:41:48.144,5,SO,106533,1,0,685,5046.4,LT-20260328-091741
2026-03-28 10:41:48.810,5,SO,106534,1,0,662,5047.1,LT-20260328-091741
2026-03-28 10:41:49.463,5,SO,106535,1,0,646,5047.7,LT-20260328-091741
2026-03-28 10:41:50.119,5,SO,106536,1,0,648,5048.4,LT-20260328-091741
2026-03-28 10:41:50.771,5,SO,106537,1,0,647,5049,LT-20260328-091741
2026-03-28 10:41:51.439,5,SO,106538,1,0,665,5049.7,LT-20260328-091741
2026-03-28 10:41:52.109,5,SO,106539,1,0,665,5050.4,LT-20260328-091741
2026-03-28 10:41:52.781,5,SO,106540,1,0,667,5051,LT-20260328-091741
2026-03-28 10:41:53.464,5,SO,106541,1,0,680,5051.7,LT-20260328-091741
2026-03-28 10:41:54.164,5,SO,106542,1,0,695,5052.4,LT-20260328-091741
2026-03-28 10:41:54.836,5,SO,106543,1,0,668,5053.1,LT-20260328-091741
2026-03-28 10:41:55.526,5,SO,106544,1,0,682,5053.8,LT-20260328-091741
2026-03-28 10:41:56.191,5,SO,106545,1,0,658,5054.4,LT-20260328-091741
2026-03-28 10:41:57.020,5,SO,106546,1,0,825,5055.3,LT-20260328-091741
2026-03-28 10:41:57.866,5,SO,106547,1,0,843,5056.1,LT-20260328-091741
2026-03-28 10:41:58.718,5,SO,106548,1,0,847,5057,LT-20260328-091741
2026-03-28 10:41:59.571,5,SO,106549,1,0,850,5057.8,LT-20260328-091741
2026-03-28 10:42:00.563,5,SO,106550,1,0,986,5058.8,LT-20260328-091741
2026-03-28 10:42:01.423,5,SO,106551,1,0,856,5059.7,LT-20260328-091741
2026-03-28 10:42:02.268,5,SO,106552,1,0,842,5060.5,LT-20260328-091741
2026-03-28 10:42:03.179,5,SO,106553,1,0,901,5061.4,LT-20260328-091741
2026-03-28 10:42:04.023,5,SO,106554,1,0,840,5062.3,LT-20260328-091741
2026-03-28 10:42:04.948,5,SO,106555,1,0,921,5063.2,LT-20260328-091741
2026-03-28 10:42:05.782,5,SO,106556,1,0,831,5064,LT-20260328-091741
2026-03-28 10:42:06.636,5,SO,106557,1,0,848,5064.9,LT-20260328-091741
2026-03-28 10:42:07.514,5,SO,106558,1,0,875,5065.8,LT-20260328-091741
2026-03-28 10:42:08.453,5,SO,106559,1,0,931,5066.7,LT-20260328-091741
2026-03-28 10:42:09.343,5,SO,106560,1,0,887,5067.6,LT-20260328-091741
2026-03-28 10:42:10.186,5,SO,106561,1,0,840,5068.4,LT-20260328-091741
2026-03-28 10:42:11.046,5,SO,106562,1,0,855,5069.3,LT-20260328-091741
2026-03-28 10:42:11.903,5,SO,106563,1,0,855,5070.1,LT-20260328-091741
2026-03-28 10:42:12.785,5,SO,106564,1,0,879,5071,LT-20260328-091741
2026-03-28 10:42:13.658,5,SO,106565,1,0,869,5071.9,LT-20260328-091741
2026-03-28 10:42:14.497,5,SO,106566,1,0,835,5072.7,LT-20260328-091741
2026-03-28 10:42:15.340,5,SO,106567,1,0,841,5073.6,LT-20260328-091741
2026-03-28 10:42:16.228,5,SO,106568,1,0,885,5074.5,LT-20260328-091741
2026-03-28 10:42:17.093,5,SO,106569,1,0,861,5075.3,LT-20260328-091741
2026-03-28 10:42:17.971,5,SO,106570,1,0,869,5076.2,LT-20260328-091741
2026-03-28 10:42:18.818,5,SO,106571,1,0,842,5077.1,LT-20260328-091741
2026-03-28 10:42:19.660,5,SO,106572,1,0,836,5077.9,LT-20260328-091741
2026-03-28 10:42:20.510,5,SO,106573,1,0,846,5078.8,LT-20260328-091741
2026-03-28 10:42:21.397,5,SO,106574,1,0,883,5079.6,LT-20260328-091741
2026-03-28 10:42:22.254,5,SO,106575,1,0,853,5080.5,LT-20260328-091741
2026-03-28 10:42:23.133,5,SO,106576,1,0,874,5081.4,LT-20260328-091741
2026-03-28 10:42:23.989,5,SO,106577,1,0,853,5082.2,LT-20260328-091741
2026-03-28 10:42:24.866,5,SO,106578,1,0,872,5083.1,LT-20260328-091741
2026-03-28 10:42:25.764,5,SO,106579,1,0,894,5084,LT-20260328-091741
2026-03-28 10:42:26.639,5,SO,106580,1,0,871,5084.9,LT-20260328-091741
2026-03-28 10:42:27.496,5,SO,106581,1,0,853,5085.7,LT-20260328-091741
2026-03-28 10:42:28.363,5,SO,106582,1,0,863,5086.6,LT-20260328-091741
2026-03-28 10:42:29.213,5,SO,106583,1,0,846,5087.5,LT-20260328-091741
2026-03-28 10:42:30.056,5,SO,106584,1,0,841,5088.3,LT-20260328-091741
2026-03-28 10:42:30.991,5,SO,106585,1,0,930,5089.2,LT-20260328-091741
2026-03-28 10:42:31.859,5,SO,106586,1,0,863,5090.1,LT-20260328-091741
2026-03-28 10:42:32.718,5,SO,106587,1,0,855,5091,LT-20260328-091741
2026-03-28 10:42:33.562,5,SO,106588,1,0,841,5091.8,LT-20260328-091741
2026-03-28 10:42:34.416,5,SO,106589,1,0,850,5092.7,LT-20260328-091741
2026-03-28 10:42:35.267,5,SO,106590,1,0,847,5093.5,LT-20260328-091741
2026-03-28 10:42:36.189,5,SO,106591,1,0,918,5094.4,LT-20260328-091741
2026-03-28 10:42:36.941,5,SO,106592,1,0,747,5095.2,LT-20260328-091741
2026-03-28 10:42:37.622,5,SO,106593,1,0,674,5095.9,LT-20260328-091741
2026-03-28 10:42:38.280,5,SO,106594,1,0,654,5096.5,LT-20260328-091741
2026-03-28 10:42:38.930,5,SO,106595,1,0,647,5097.2,LT-20260328-091741
2026-03-28 10:42:39.582,5,SO,106596,1,0,649,5097.8,LT-20260328-091741
2026-03-28 10:42:40.233,5,SO,106597,1,0,644,5098.5,LT-20260328-091741
2026-03-28 10:42:40.882,5,SO,106598,1,0,644,5099.1,LT-20260328-091741
2026-03-28 10:42:41.544,5,SO,106599,1,0,656,5099.8,LT-20260328-091741
2026-03-28 10:42:42.221,5,SO,106600,1,0,674,5100.5,LT-20260328-091741
2026-03-28 10:42:42.908,5,SO,106601,1,0,683,5101.2,LT-20260328-091741
2026-03-28 10:42:43.581,5,SO,106602,1,0,669,5101.8,LT-20260328-091741
2026-03-28 10:42:44.247,5,SO,106603,1,0,662,5102.5,LT-20260328-091741
2026-03-28 10:42:44.904,5,SO,106604,1,0,654,5103.1,LT-20260328-091741
2026-03-28 10:42:45.562,5,SO,106605,1,0,653,5103.8,LT-20260328-091741
2026-03-28 10:42:46.208,5,SO,106606,1,0,641,5104.5,LT-20260328-091741
2026-03-28 10:42:47.059,5,SO,106607,1,0,847,5105.3,LT-20260328-091741
2026-03-28 10:42:47.918,5,SO,106608,1,0,855,5106.2,LT-20260328-091741
2026-03-28 10:42:48.781,5,SO,106609,1,0,859,5107,LT-20260328-091741
2026-03-28 10:42:49.656,5,SO,106610,1,0,870,5107.9,LT-20260328-091741
2026-03-28 10:42:50.480,5,SO,106611,1,0,821,5108.7,LT-20260328-091741
2026-03-28 10:42:51.333,5,SO,106612,1,0,849,5109.6,LT-20260328-091741
2026-03-28 10:42:52.259,5,SO,106613,1,0,922,5110.5,LT-20260328-091741
2026-03-28 10:42:53.108,5,SO,106614,1,0,845,5111.4,LT-20260328-091741
2026-03-28 10:42:53.965,5,SO,106615,1,0,852,5112.2,LT-20260328-091741
2026-03-28 10:42:54.809,5,SO,106616,1,0,841,5113.1,LT-20260328-091741
2026-03-28 10:42:55.639,5,SO,106617,1,0,825,5113.9,LT-20260328-091741
2026-03-28 10:42:56.509,5,SO,106618,1,0,866,5114.8,LT-20260328-091741
2026-03-28 10:42:57.381,5,SO,106619,1,0,868,5115.6,LT-20260328-091741
2026-03-28 10:42:58.257,5,SO,106620,1,0,871,5116.5,LT-20260328-091741
2026-03-28 10:42:59.109,5,SO,106621,1,0,849,5117.4,LT-20260328-091741
2026-03-28 10:42:59.963,5,SO,106622,1,0,851,5118.2,LT-20260328-091741
2026-03-28 10:43:00.805,5,SO,106623,1,0,838,5119,LT-20260328-091741
2026-03-28 10:43:01.651,5,SO,106624,1,0,840,5119.9,LT-20260328-091741
2026-03-28 10:43:02.613,5,SO,106625,1,0,959,5120.9,LT-20260328-091741
2026-03-28 10:43:03.454,5,SO,106626,1,0,837,5121.7,LT-20260328-091741
2026-03-28 10:43:04.311,5,SO,106627,1,0,854,5122.6,LT-20260328-091741
2026-03-28 10:43:05.195,5,SO,106628,1,0,877,5123.4,LT-20260328-091741
2026-03-28 10:43:06.045,5,SO,106629,1,0,847,5124.3,LT-20260328-091741
2026-03-28 10:43:06.745,5,SO,106630,1,0,696,5125,LT-20260328-091741
2026-03-28 10:43:07.435,5,SO,106631,1,0,687,5125.7,LT-20260328-091741
2026-03-28 10:43:08.100,5,SO,106632,1,0,661,5126.3,LT-20260328-091741
2026-03-28 10:43:08.794,5,SO,106633,1,0,686,5127,LT-20260328-091741
2026-03-28 10:43:09.463,5,SO,106634,1,0,666,5127.7,LT-20260328-091741
2026-03-28 10:43:10.185,5,SO,106635,1,0,719,5128.4,LT-20260328-091741
2026-03-28 10:43:10.839,5,SO,106636,1,0,650,5129.1,LT-20260328-091741
2026-03-28 10:43:11.542,5,SO,106637,1,0,700,5129.8,LT-20260328-091741
2026-03-28 10:43:12.471,5,SO,106638,1,0,923,5130.7,LT-20260328-091741
2026-03-28 10:43:13.312,5,SO,106639,1,0,838,5131.6,LT-20260328-091741
2026-03-28 10:43:14.044,5,SO,106640,1,0,728,5132.3,LT-20260328-091741
2026-03-28 10:43:14.688,5,SO,106641,1,0,640,5132.9,LT-20260328-091741
2026-03-28 10:43:15.368,5,SO,106642,1,0,676,5133.6,LT-20260328-091741
2026-03-28 10:43:16.021,5,SO,106643,1,0,649,5134.3,LT-20260328-091741
2026-03-28 10:43:17.000,5,SO,106644,1,0,976,5135.2,LT-20260328-091741
2026-03-28 10:43:18.519,5,SO,106645,1,0,1512,5136.8,LT-20260328-091741
2026-03-28 10:43:19.451,5,SO,106646,1,0,929,5137.7,LT-20260328-091741
2026-03-28 10:43:20.295,5,SO,106647,1,0,840,5138.5,LT-20260328-091741
2026-03-28 10:43:21.133,5,SO,106648,1,0,834,5139.4,LT-20260328-091741
2026-03-28 10:43:22.009,5,SO,106649,1,0,872,5140.3,LT-20260328-091741
2026-03-28 10:43:22.859,5,SO,106650,1,0,846,5141.1,LT-20260328-091741
2026-03-28 10:43:23.714,5,SO,106651,1,0,850,5142,LT-20260328-091741
2026-03-28 10:43:24.559,5,SO,106652,1,0,840,5142.8,LT-20260328-091741
2026-03-28 10:43:25.435,5,SO,106653,1,0,872,5143.7,LT-20260328-091741
2026-03-28 10:43:26.426,5,SO,106654,1,0,987,5144.7,LT-20260328-091741
2026-03-28 10:43:27.171,5,SO,106655,1,0,741,5145.4,LT-20260328-091741
2026-03-28 10:43:27.868,5,SO,106656,1,0,693,5146.1,LT-20260328-091741
2026-03-28 10:43:28.611,5,SO,106657,1,0,739,5146.9,LT-20260328-091741
2026-03-28 10:43:29.353,5,SO,106658,1,0,736,5147.6,LT-20260328-091741
2026-03-28 10:43:30.071,5,SO,106659,1,0,714,5148.3,LT-20260328-091741
2026-03-28 10:43:30.756,5,SO,106660,1,0,678,5149,LT-20260328-091741
2026-03-28 10:43:31.446,5,SO,106661,1,0,686,5149.7,LT-20260328-091741
2026-03-28 10:43:32.119,5,SO,106662,1,0,668,5150.4,LT-20260328-091741
2026-03-28 10:43:32.774,5,SO,106663,1,0,652,5151,LT-20260328-091741
2026-03-28 10:43:33.444,5,SO,106664,1,0,665,5151.7,LT-20260328-091741
2026-03-28 10:43:34.104,5,SO,106665,1,0,656,5152.3,LT-20260328-091741
2026-03-28 10:43:34.791,5,SO,106666,1,0,678,5153,LT-20260328-091741
2026-03-28 10:43:35.453,5,SO,106667,1,0,656,5153.7,LT-20260328-091741
2026-03-28 10:43:36.110,5,SO,106668,1,0,653,5154.4,LT-20260328-091741
2026-03-28 10:43:36.799,5,SO,106669,1,0,685,5155,LT-20260328-091741
2026-03-28 10:43:37.477,5,SO,106670,1,0,675,5155.7,LT-20260328-091741
2026-03-28 10:43:38.138,5,SO,106671,1,0,657,5156.4,LT-20260328-091741
2026-03-28 10:43:38.799,5,SO,106672,1,0,657,5157,LT-20260328-091741
2026-03-28 10:43:39.450,5,SO,106673,1,0,647,5157.7,LT-20260328-091741
2026-03-28 10:43:40.125,5,SO,106674,1,0,671,5158.4,LT-20260328-091741
2026-03-28 10:43:40.795,5,SO,106675,1,0,666,5159,LT-20260328-091741
2026-03-28 10:43:41.470,5,SO,106676,1,0,671,5159.7,LT-20260328-091741
2026-03-28 10:43:42.158,5,SO,106677,1,0,684,5160.4,LT-20260328-091741
2026-03-28 10:43:42.888,5,SO,106678,1,0,716,5161.1,LT-20260328-091741
2026-03-28 10:43:43.563,5,SO,106679,1,0,670,5161.8,LT-20260328-091741
2026-03-28 10:43:44.226,5,SO,106680,1,0,660,5162.5,LT-20260328-091741
2026-03-28 10:43:44.897,5,SO,106681,1,0,668,5163.1,LT-20260328-091741
2026-03-28 10:43:45.589,5,SO,106682,1,0,687,5163.8,LT-20260328-091741
2026-03-28 10:43:46.253,5,SO,106683,1,0,660,5164.5,LT-20260328-091741
2026-03-28 10:43:47.092,5,SO,106684,1,0,834,5165.3,LT-20260328-091741
2026-03-28 10:43:47.982,5,SO,106685,1,0,887,5166.2,LT-20260328-091741
2026-03-28 10:43:48.885,5,SO,106686,1,0,899,5167.1,LT-20260328-091741
2026-03-28 10:43:49.760,5,SO,106687,1,0,871,5168,LT-20260328-091741
2026-03-28 10:43:50.634,5,SO,106688,1,0,871,5168.9,LT-20260328-091741
2026-03-28 10:43:51.490,5,SO,106689,1,0,852,5169.7,LT-20260328-091741
2026-03-28 10:43:52.348,5,SO,106690,1,0,854,5170.6,LT-20260328-091741
2026-03-28 10:43:53.215,5,SO,106691,1,0,863,5171.5,LT-20260328-091741
2026-03-28 10:43:54.074,5,SO,106692,1,0,854,5172.3,LT-20260328-091741
2026-03-28 10:43:54.939,5,SO,106693,1,0,862,5173.2,LT-20260328-091741
2026-03-28 10:43:55.794,5,SO,106694,1,0,850,5174,LT-20260328-091741
2026-03-28 10:43:56.557,5,SO,106695,1,0,759,5174.8,LT-20260328-091741
2026-03-28 10:43:57.265,5,SO,106696,1,0,704,5175.5,LT-20260328-091741
2026-03-28 10:43:57.987,5,SO,106697,1,0,718,5176.2,LT-20260328-091741
2026-03-28 10:43:58.678,5,SO,106698,1,0,687,5176.9,LT-20260328-091741
2026-03-28 10:43:59.332,5,SO,106699,1,0,651,5177.6,LT-20260328-091741
2026-03-28 10:43:59.976,5,SO,106700,1,0,641,5178.2,LT-20260328-091741
2026-03-28 10:44:00.615,5,SO,106701,1,0,637,5178.9,LT-20260328-091741
2026-03-28 10:44:01.263,5,SO,106702,1,0,642,5179.5,LT-20260328-091741
2026-03-28 10:44:01.913,5,SO,106703,1,0,646,5180.2,LT-20260328-091741
2026-03-28 10:44:02.612,5,SO,106704,1,0,696,5180.9,LT-20260328-091741
2026-03-28 10:44:03.251,5,SO,106705,1,0,637,5181.5,LT-20260328-091741
2026-03-28 10:44:03.911,5,SO,106706,1,0,657,5182.2,LT-20260328-091741
2026-03-28 10:44:04.626,5,SO,106707,1,0,713,5182.9,LT-20260328-091741
2026-03-28 10:44:05.278,5,SO,106708,1,0,649,5183.5,LT-20260328-091741
2026-03-28 10:44:05.923,5,SO,106709,1,0,642,5184.2,LT-20260328-091741
2026-03-28 10:44:06.624,5,SO,106710,1,0,698,5184.9,LT-20260328-091741
2026-03-28 10:44:07.509,5,SO,106711,1,0,882,5185.8,LT-20260328-091741
2026-03-28 10:44:08.345,5,SO,106712,1,0,833,5186.6,LT-20260328-091741
2026-03-28 10:44:09.199,5,SO,106713,1,0,852,5187.4,LT-20260328-091741
2026-03-28 10:44:10.031,5,SO,106714,1,0,829,5188.3,LT-20260328-091741
2026-03-28 10:44:10.863,5,SO,106715,1,0,830,5189.1,LT-20260328-091741
2026-03-28 10:44:11.694,5,SO,106716,1,0,829,5189.9,LT-20260328-091741
2026-03-28 10:44:12.507,5,SO,106717,1,0,810,5190.8,LT-20260328-091741
2026-03-28 10:44:13.318,5,SO,106718,1,0,808,5191.6,LT-20260328-091741
2026-03-28 10:44:14.154,5,SO,106719,1,0,832,5192.4,LT-20260328-091741
2026-03-28 10:44:14.971,5,SO,106720,1,0,813,5193.2,LT-20260328-091741
2026-03-28 10:44:15.815,5,SO,106721,1,0,843,5194.1,LT-20260328-091741
2026-03-28 10:44:16.604,5,SO,106722,1,0,787,5194.8,LT-20260328-091741
2026-03-28 10:44:17.224,5,SO,106723,1,0,617,5195.5,LT-20260328-091741
2026-03-28 10:44:17.860,5,SO,106724,1,0,633,5196.1,LT-20260328-091741
2026-03-28 10:44:18.546,5,SO,106725,1,0,682,5196.8,LT-20260328-091741
2026-03-28 10:44:19.198,5,SO,106726,1,0,648,5197.4,LT-20260328-091741
2026-03-28 10:44:19.825,5,SO,106727,1,0,624,5198.1,LT-20260328-091741
2026-03-28 10:44:20.491,5,SO,106728,1,0,664,5198.7,LT-20260328-091741
2026-03-28 10:44:21.143,5,SO,106729,1,0,648,5199.4,LT-20260328-091741
2026-03-28 10:44:21.789,5,SO,106730,1,0,643,5200,LT-20260328-091741
2026-03-28 10:44:22.460,5,SO,106731,1,0,667,5200.7,LT-20260328-091741
2026-03-28 10:44:23.106,5,SO,106732,1,0,643,5201.4,LT-20260328-091741
2026-03-28 10:44:23.766,5,SO,106733,1,0,658,5202,LT-20260328-091741
2026-03-28 10:44:24.426,5,SO,106734,1,0,656,5202.7,LT-20260328-091741
2026-03-28 10:44:25.060,5,SO,106735,1,0,630,5203.3,LT-20260328-091741
2026-03-28 10:44:25.768,5,SO,106736,1,0,704,5204,LT-20260328-091741
2026-03-28 10:44:26.655,5,SO,106737,1,0,883,5204.9,LT-20260328-091741
2026-03-28 10:44:27.555,5,SO,106738,1,0,896,5205.8,LT-20260328-091741
2026-03-28 10:44:28.405,5,SO,106739,1,0,846,5206.6,LT-20260328-091741
2026-03-28 10:44:29.271,5,SO,106740,1,0,861,5207.5,LT-20260328-091741
2026-03-28 10:44:30.192,5,SO,106741,1,0,917,5208.4,LT-20260328-091741
2026-03-28 10:44:31.105,5,SO,106742,1,0,909,5209.4,LT-20260328-091741
2026-03-28 10:44:31.965,5,SO,106743,1,0,856,5210.2,LT-20260328-091741
2026-03-28 10:44:32.839,5,SO,106744,1,0,870,5211.1,LT-20260328-091741
2026-03-28 10:44:33.691,5,SO,106745,1,0,846,5211.9,LT-20260328-091741
2026-03-28 10:44:34.559,5,SO,106746,1,0,864,5212.8,LT-20260328-091741
2026-03-28 10:44:35.425,5,SO,106747,1,0,864,5213.7,LT-20260328-091741
2026-03-28 10:44:36.261,5,SO,106748,1,0,833,5214.5,LT-20260328-091741
2026-03-28 10:44:36.978,5,SO,106749,1,0,712,5215.2,LT-20260328-091741
2026-03-28 10:44:37.635,5,SO,106750,1,0,652,5215.9,LT-20260328-091741
2026-03-28 10:44:38.288,5,SO,106751,1,0,649,5216.5,LT-20260328-091741
2026-03-28 10:44:38.966,5,SO,106752,1,0,672,5217.2,LT-20260328-091741
2026-03-28 10:44:39.618,5,SO,106753,1,0,649,5217.9,LT-20260328-091741
2026-03-28 10:44:40.271,5,SO,106754,1,0,648,5218.5,LT-20260328-091741
2026-03-28 10:44:40.928,5,SO,106755,1,0,653,5219.2,LT-20260328-091741
2026-03-28 10:44:41.609,5,SO,106756,1,0,676,5219.9,LT-20260328-091741
2026-03-28 10:44:42.275,5,SO,106757,1,0,663,5220.5,LT-20260328-091741
2026-03-28 10:44:42.926,5,SO,106758,1,0,645,5221.2,LT-20260328-091741
2026-03-28 10:44:43.569,5,SO,106759,1,0,637,5221.8,LT-20260328-091741
2026-03-28 10:44:44.241,5,SO,106760,1,0,666,5222.5,LT-20260328-091741
2026-03-28 10:44:44.917,5,SO,106761,1,0,671,5223.2,LT-20260328-091741
2026-03-28 10:44:45.618,5,SO,106762,1,0,692,5223.9,LT-20260328-091741
2026-03-28 10:44:46.311,5,SO,106763,1,0,689,5224.6,LT-20260328-091741
2026-03-28 10:44:46.967,5,SO,106764,1,0,654,5225.2,LT-20260328-091741
2026-03-28 10:44:47.672,5,SO,106765,1,0,701,5225.9,LT-20260328-091741
2026-03-28 10:44:48.315,5,SO,106766,1,0,642,5226.6,LT-20260328-091741
2026-03-28 10:44:48.955,5,SO,106767,1,0,636,5227.2,LT-20260328-091741
2026-03-28 10:44:49.614,5,SO,106768,1,0,654,5227.9,LT-20260328-091741
2026-03-28 10:44:50.266,5,SO,106769,1,0,650,5228.5,LT-20260328-091741
2026-03-28 10:44:50.903,5,SO,106770,1,0,635,5229.1,LT-20260328-091741
2026-03-28 10:44:51.560,5,SO,106771,1,0,655,5229.8,LT-20260328-091741
2026-03-28 10:44:52.222,5,SO,106772,1,0,658,5230.5,LT-20260328-091741
2026-03-28 10:44:52.892,5,SO,106773,1,0,668,5231.1,LT-20260328-091741
2026-03-28 10:44:53.556,5,SO,106774,1,0,659,5231.8,LT-20260328-091741
2026-03-28 10:44:54.191,5,SO,106775,1,0,632,5232.4,LT-20260328-091741
2026-03-28 10:44:54.818,5,SO,106776,1,0,625,5233.1,LT-20260328-091741
2026-03-28 10:44:55.466,5,SO,106777,1,0,646,5233.7,LT-20260328-091741
2026-03-28 10:44:56.141,5,SO,106778,1,0,671,5234.4,LT-20260328-091741
2026-03-28 10:44:56.798,5,SO,106779,1,0,654,5235,LT-20260328-091741
2026-03-28 10:44:57.478,5,SO,106780,1,0,676,5235.7,LT-20260328-091741
2026-03-28 10:44:58.162,5,SO,106781,1,0,680,5236.4,LT-20260328-091741
2026-03-28 10:44:58.809,5,SO,106782,1,0,642,5237.1,LT-20260328-091741
2026-03-28 10:44:59.448,5,SO,106783,1,0,637,5237.7,LT-20260328-091741
2026-03-28 10:45:00.094,5,SO,106784,1,0,639,5238.3,LT-20260328-091741
2026-03-28 10:45:00.763,5,SO,106785,1,0,665,5239,LT-20260328-091741
2026-03-28 10:45:01.414,5,SO,106786,1,0,649,5239.7,LT-20260328-091741
2026-03-28 10:45:02.073,5,SO,106787,1,0,658,5240.3,LT-20260328-091741
2026-03-28 10:45:02.792,5,SO,106788,1,0,715,5241,LT-20260328-091741
2026-03-28 10:45:03.459,5,SO,106789,1,0,664,5241.7,LT-20260328-091741
2026-03-28 10:45:04.113,5,SO,106790,1,0,650,5242.4,LT-20260328-091741
2026-03-28 10:45:04.749,5,SO,106791,1,0,632,5243,LT-20260328-091741
2026-03-28 10:45:05.396,5,SO,106792,1,0,645,5243.6,LT-20260328-091741
2026-03-28 10:45:06.046,5,SO,106793,1,0,645,5244.3,LT-20260328-091741
2026-03-28 10:45:06.835,5,SO,106794,1,0,784,5245.1,LT-20260328-091741
2026-03-28 10:45:07.695,5,SO,106795,1,0,856,5245.9,LT-20260328-091741
2026-03-28 10:45:08.541,5,SO,106796,1,0,844,5246.8,LT-20260328-091741
2026-03-28 10:45:09.374,5,SO,106797,1,0,829,5247.6,LT-20260328-091741
2026-03-28 10:45:10.209,5,SO,106798,1,0,834,5248.5,LT-20260328-091741
2026-03-28 10:45:11.062,5,SO,106799,1,0,852,5249.3,LT-20260328-091741
2026-03-28 10:45:11.920,5,SO,106800,1,0,855,5250.2,LT-20260328-091741
2026-03-28 10:45:12.758,5,SO,106801,1,0,836,5251,LT-20260328-091741
2026-03-28 10:45:13.646,5,SO,106802,1,0,886,5251.9,LT-20260328-091741
2026-03-28 10:45:14.465,5,SO,106803,1,0,818,5252.7,LT-20260328-091741
2026-03-28 10:45:15.291,5,SO,106804,1,0,823,5253.5,LT-20260328-091741
2026-03-28 10:45:16.119,5,SO,106805,1,0,826,5254.4,LT-20260328-091741
2026-03-28 10:45:16.810,5,SO,106806,1,0,689,5255.1,LT-20260328-091741
2026-03-28 10:45:17.455,5,SO,106807,1,0,642,5255.7,LT-20260328-091741
2026-03-28 10:45:18.092,5,SO,106808,1,0,634,5256.3,LT-20260328-091741
2026-03-28 10:45:19.114,5,SO,106809,1,0,1018,5257.4,LT-20260328-091741
2026-03-28 10:45:19.980,5,SO,106810,1,0,863,5258.2,LT-20260328-091741
2026-03-28 10:45:20.612,5,SO,106811,1,0,630,5258.9,LT-20260328-091741
2026-03-28 10:45:21.256,5,SO,106812,1,0,642,5259.5,LT-20260328-091741
2026-03-28 10:45:21.918,5,SO,106813,1,0,659,5260.2,LT-20260328-091741
2026-03-28 10:45:22.564,5,SO,106814,1,0,643,5260.8,LT-20260328-091741
2026-03-28 10:45:23.199,5,SO,106815,1,0,632,5261.4,LT-20260328-091741
2026-03-28 10:45:23.836,5,SO,106816,1,0,634,5262.1,LT-20260328-091741
2026-03-28 10:45:24.486,5,SO,106817,1,0,646,5262.7,LT-20260328-091741
2026-03-28 10:45:25.160,5,SO,106818,1,0,671,5263.4,LT-20260328-091741
2026-03-28 10:45:25.808,5,SO,106819,1,0,647,5264.1,LT-20260328-091741
2026-03-28 10:45:26.432,5,SO,106820,1,0,622,5264.7,LT-20260328-091741
2026-03-28 10:45:27.273,5,SO,106821,1,0,838,5265.5,LT-20260328-091741
2026-03-28 10:45:28.139,5,SO,106822,1,0,863,5266.4,LT-20260328-091741
2026-03-28 10:45:28.970,5,SO,106823,1,0,830,5267.2,LT-20260328-091741
2026-03-28 10:45:29.815,5,SO,106824,1,0,841,5268.1,LT-20260328-091741
2026-03-28 10:45:30.679,5,SO,106825,1,0,858,5268.9,LT-20260328-091741
2026-03-28 10:45:31.520,5,SO,106826,1,0,838,5269.8,LT-20260328-091741
2026-03-28 10:45:32.367,5,SO,106827,1,0,845,5270.6,LT-20260328-091741
2026-03-28 10:45:33.202,5,SO,106828,1,0,832,5271.4,LT-20260328-091741
2026-03-28 10:45:34.016,5,SO,106829,1,0,812,5272.3,LT-20260328-091741
2026-03-28 10:45:34.845,5,SO,106830,1,0,826,5273.1,LT-20260328-091741
2026-03-28 10:45:35.691,5,SO,106831,1,0,843,5273.9,LT-20260328-091741
2026-03-28 10:45:36.557,5,SO,106832,1,0,863,5274.8,LT-20260328-091741
2026-03-28 10:45:37.370,5,SO,106833,1,0,812,5275.6,LT-20260328-091741
2026-03-28 10:45:38.207,5,SO,106834,1,0,834,5276.5,LT-20260328-091741
2026-03-28 10:45:39.057,5,SO,106835,1,0,848,5277.3,LT-20260328-091741
2026-03-28 10:45:39.879,5,SO,106836,1,0,819,5278.1,LT-20260328-091741
2026-03-28 10:45:40.698,5,SO,106837,1,0,817,5278.9,LT-20260328-091741
2026-03-28 10:45:41.539,5,SO,106838,1,0,838,5279.8,LT-20260328-091741
2026-03-28 10:45:42.351,5,SO,106839,1,0,811,5280.6,LT-20260328-091741
2026-03-28 10:45:43.187,5,SO,106840,1,0,834,5281.4,LT-20260328-091741
2026-03-28 10:45:44.039,5,SO,106841,1,0,848,5282.3,LT-20260328-091741
2026-03-28 10:45:44.866,5,SO,106842,1,0,824,5283.1,LT-20260328-091741
2026-03-28 10:45:45.705,5,SO,106843,1,0,836,5283.9,LT-20260328-091741
2026-03-28 10:45:46.507,5,SO,106844,1,0,799,5284.8,LT-20260328-091741
2026-03-28 10:45:47.157,5,SO,106845,1,0,648,5285.4,LT-20260328-091741
2026-03-28 10:45:47.819,5,SO,106846,1,0,659,5286.1,LT-20260328-091741
2026-03-28 10:45:48.450,5,SO,106847,1,0,628,5286.7,LT-20260328-091741
2026-03-28 10:45:49.073,5,SO,106848,1,0,621,5287.3,LT-20260328-091741
2026-03-28 10:45:49.702,5,SO,106849,1,0,627,5287.9,LT-20260328-091741
2026-03-28 10:45:50.340,5,SO,106850,1,0,637,5288.6,LT-20260328-091741
2026-03-28 10:45:50.983,5,SO,106851,1,0,640,5289.2,LT-20260328-091741
2026-03-28 10:45:51.626,5,SO,106852,1,0,639,5289.9,LT-20260328-091741
2026-03-28 10:45:52.265,5,SO,106853,1,0,636,5290.5,LT-20260328-091741
2026-03-28 10:45:52.913,5,SO,106854,1,0,644,5291.2,LT-20260328-091741
2026-03-28 10:45:53.549,5,SO,106855,1,0,631,5291.8,LT-20260328-091741
2026-03-28 10:45:54.181,5,SO,106856,1,0,629,5292.4,LT-20260328-091741
2026-03-28 10:45:54.800,5,SO,106857,1,0,617,5293,LT-20260328-091741
2026-03-28 10:45:55.454,5,SO,106858,1,0,652,5293.7,LT-20260328-091741
2026-03-28 10:45:56.119,5,SO,106859,1,0,662,5294.4,LT-20260328-091741
2026-03-28 10:45:56.789,5,SO,106860,1,0,668,5295,LT-20260328-091741
2026-03-28 10:45:57.486,5,SO,106861,1,0,694,5295.7,LT-20260328-091741
2026-03-28 10:45:58.149,5,SO,106862,1,0,660,5296.4,LT-20260328-091741
2026-03-28 10:45:58.790,5,SO,106863,1,0,637,5297,LT-20260328-091741
2026-03-28 10:45:59.479,5,SO,106864,1,0,686,5297.7,LT-20260328-091741
2026-03-28 10:46:00.132,5,SO,106865,1,0,648,5298.4,LT-20260328-091741
2026-03-28 10:46:00.794,5,SO,106866,1,0,660,5299,LT-20260328-091741
2026-03-28 10:46:01.582,5,SO,106867,1,0,783,5299.8,LT-20260328-091741
2026-03-28 10:46:02.259,5,SO,106868,1,0,676,5300.5,LT-20260328-091741
2026-03-28 10:46:02.946,5,SO,106869,1,0,685,5301.2,LT-20260328-091741
2026-03-28 10:46:03.625,5,SO,106870,1,0,675,5301.9,LT-20260328-091741
2026-03-28 10:46:04.274,5,SO,106871,1,0,645,5302.5,LT-20260328-091741
2026-03-28 10:46:05.002,5,SO,106872,1,0,721,5303.2,LT-20260328-091741
2026-03-28 10:46:05.689,5,SO,106873,1,0,684,5303.9,LT-20260328-091741
2026-03-28 10:46:06.508,5,SO,106874,1,0,816,5304.8,LT-20260328-091741
2026-03-28 10:46:07.425,5,SO,106875,1,0,914,5305.7,LT-20260328-091741
2026-03-28 10:46:08.249,5,SO,106876,1,0,821,5306.5,LT-20260328-091741
2026-03-28 10:46:09.066,5,SO,106877,1,0,814,5307.3,LT-20260328-091741
2026-03-28 10:46:09.905,5,SO,106878,1,0,837,5308.1,LT-20260328-091741
2026-03-28 10:46:10.737,5,SO,106879,1,0,829,5309,LT-20260328-091741
2026-03-28 10:46:11.697,5,SO,106880,1,0,958,5309.9,LT-20260328-091741
2026-03-28 10:46:12.556,5,SO,106881,1,0,855,5310.8,LT-20260328-091741
2026-03-28 10:46:13.385,5,SO,106882,1,0,828,5311.6,LT-20260328-091741
2026-03-28 10:46:14.232,5,SO,106883,1,0,843,5312.5,LT-20260328-091741
2026-03-28 10:46:15.043,5,SO,106884,1,0,810,5313.3,LT-20260328-091741
2026-03-28 10:46:15.892,5,SO,106885,1,0,848,5314.1,LT-20260328-091741
2026-03-28 10:46:16.674,5,SO,106886,1,0,779,5314.9,LT-20260328-091741
2026-03-28 10:46:17.338,5,SO,106887,1,0,660,5315.6,LT-20260328-091741
2026-03-28 10:46:18.009,5,SO,106888,1,0,669,5316.3,LT-20260328-091741
2026-03-28 10:46:18.648,5,SO,106889,1,0,636,5316.9,LT-20260328-091741
2026-03-28 10:46:19.324,5,SO,106890,1,0,671,5317.6,LT-20260328-091741
2026-03-28 10:46:19.984,5,SO,106891,1,0,657,5318.2,LT-20260328-091741
2026-03-28 10:46:20.636,5,SO,106892,1,0,646,5318.9,LT-20260328-091741
2026-03-28 10:46:21.280,5,SO,106893,1,0,641,5319.5,LT-20260328-091741
2026-03-28 10:46:21.924,5,SO,106894,1,0,642,5320.2,LT-20260328-091741
2026-03-28 10:46:22.561,5,SO,106895,1,0,635,5320.8,LT-20260328-091741
2026-03-28 10:46:23.190,5,SO,106896,1,0,628,5321.4,LT-20260328-091741
2026-03-28 10:46:23.837,5,SO,106897,1,0,644,5322.1,LT-20260328-091741
2026-03-28 10:46:24.489,5,SO,106898,1,0,650,5322.7,LT-20260328-091741
2026-03-28 10:46:25.125,5,SO,106899,1,0,633,5323.4,LT-20260328-091741
2026-03-28 10:46:25.726,5,SO,106900,1,0,598,5324,LT-20260328-091741
2026-03-28 10:46:26.420,5,SO,106901,1,0,692,5324.7,LT-20260328-091741
2026-03-28 10:46:27.236,5,SO,106902,1,0,813,5325.5,LT-20260328-091741
2026-03-28 10:46:28.081,5,SO,106903,1,0,843,5326.3,LT-20260328-091741
2026-03-28 10:46:28.909,5,SO,106904,1,0,825,5327.2,LT-20260328-091741
2026-03-28 10:46:29.702,5,SO,106905,1,0,791,5327.9,LT-20260328-091741
2026-03-28 10:46:30.546,5,SO,106906,1,0,843,5328.8,LT-20260328-091741
2026-03-28 10:46:31.385,5,SO,106907,1,0,837,5329.6,LT-20260328-091741
2026-03-28 10:46:32.224,5,SO,106908,1,0,836,5330.5,LT-20260328-091741
2026-03-28 10:46:33.063,5,SO,106909,1,0,835,5331.3,LT-20260328-091741
2026-03-28 10:46:33.895,5,SO,106910,1,0,829,5332.1,LT-20260328-091741
2026-03-28 10:46:34.727,5,SO,106911,1,0,829,5333,LT-20260328-091741
2026-03-28 10:46:35.562,5,SO,106912,1,0,831,5333.8,LT-20260328-091741
2026-03-28 10:46:36.400,5,SO,106913,1,0,834,5334.6,LT-20260328-091741
2026-03-28 10:46:37.051,5,SO,106914,1,0,647,5335.3,LT-20260328-091741
2026-03-28 10:46:37.696,5,SO,106915,1,0,641,5335.9,LT-20260328-091741
2026-03-28 10:46:38.345,5,SO,106916,1,0,647,5336.6,LT-20260328-091741
2026-03-28 10:46:38.978,5,SO,106917,1,0,630,5337.2,LT-20260328-091741
2026-03-28 10:46:39.589,5,SO,106918,1,0,609,5337.8,LT-20260328-091741
2026-03-28 10:46:40.222,5,SO,106919,1,0,632,5338.5,LT-20260328-091741
2026-03-28 10:46:40.844,5,SO,106920,1,0,620,5339.1,LT-20260328-091741
2026-03-28 10:46:41.476,5,SO,106921,1,0,631,5339.7,LT-20260328-091741
2026-03-28 10:46:42.087,5,SO,106922,1,0,610,5340.3,LT-20260328-091741
2026-03-28 10:46:42.734,5,SO,106923,1,0,646,5341,LT-20260328-091741
2026-03-28 10:46:43.372,5,SO,106924,1,0,636,5341.6,LT-20260328-091741
2026-03-28 10:46:44.006,5,SO,106925,1,0,631,5342.3,LT-20260328-091741
2026-03-28 10:46:44.609,5,SO,106926,1,0,602,5342.9,LT-20260328-091741
2026-03-28 10:46:45.270,5,SO,106927,1,0,660,5343.5,LT-20260328-091741
2026-03-28 10:46:45.903,5,SO,106928,1,0,630,5344.1,LT-20260328-091741
2026-03-28 10:46:46.582,5,SO,106929,1,0,677,5344.8,LT-20260328-091741
2026-03-28 10:46:47.413,5,SO,106930,1,0,829,5345.7,LT-20260328-091741
2026-03-28 10:46:48.228,5,SO,106931,1,0,812,5346.5,LT-20260328-091741
2026-03-28 10:46:49.030,5,SO,106932,1,0,802,5347.3,LT-20260328-091741
2026-03-28 10:46:49.869,5,SO,106933,1,0,836,5348.1,LT-20260328-091741
2026-03-28 10:46:50.684,5,SO,106934,1,0,814,5348.9,LT-20260328-091741
2026-03-28 10:46:51.487,5,SO,106935,1,0,801,5349.7,LT-20260328-091741
2026-03-28 10:46:52.343,5,SO,106936,1,0,853,5350.6,LT-20260328-091741
2026-03-28 10:46:53.185,5,SO,106937,1,0,840,5351.4,LT-20260328-091741
2026-03-28 10:46:53.990,5,SO,106938,1,0,804,5352.2,LT-20260328-091741
2026-03-28 10:46:54.812,5,SO,106939,1,0,820,5353.1,LT-20260328-091741
2026-03-28 10:46:55.640,5,SO,106940,1,0,826,5353.9,LT-20260328-091741
2026-03-28 10:46:56.495,5,SO,106941,1,0,852,5354.7,LT-20260328-091741
2026-03-28 10:46:57.309,5,SO,106942,1,0,814,5355.6,LT-20260328-091741
2026-03-28 10:46:58.190,5,SO,106943,1,0,879,5356.4,LT-20260328-091741
2026-03-28 10:46:58.995,5,SO,106944,1,0,803,5357.2,LT-20260328-091741
2026-03-28 10:46:59.810,5,SO,106945,1,0,814,5358.1,LT-20260328-091741
2026-03-28 10:47:00.659,5,SO,106946,1,0,848,5358.9,LT-20260328-091741
2026-03-28 10:47:01.471,5,SO,106947,1,0,811,5359.7,LT-20260328-091741
2026-03-28 10:47:02.296,5,SO,106948,1,0,824,5360.5,LT-20260328-091741
2026-03-28 10:47:03.554,5,SO,106949,1,0,1256,5361.8,LT-20260328-091741
2026-03-28 10:47:04.786,5,SO,106950,1,0,1231,5363,LT-20260328-091741
2026-03-28 10:47:05.584,5,SO,106951,1,0,796,5363.8,LT-20260328-091741
2026-03-28 10:47:06.415,5,SO,106952,1,0,829,5364.7,LT-20260328-091741
2026-03-28 10:47:07.240,5,SO,106953,1,0,824,5365.5,LT-20260328-091741
2026-03-28 10:47:08.064,5,SO,106954,1,0,823,5366.3,LT-20260328-091741
2026-03-28 10:47:08.873,5,SO,106955,1,0,807,5367.1,LT-20260328-091741
2026-03-28 10:47:09.709,5,SO,106956,1,0,835,5368,LT-20260328-091741
2026-03-28 10:47:10.539,5,SO,106957,1,0,830,5368.8,LT-20260328-091741
2026-03-28 10:47:11.352,5,SO,106958,1,0,812,5369.6,LT-20260328-091741
2026-03-28 10:47:12.181,5,SO,106959,1,0,828,5370.4,LT-20260328-091741
2026-03-28 10:47:12.972,5,SO,106960,1,0,789,5371.2,LT-20260328-091741
2026-03-28 10:47:13.799,5,SO,106961,1,0,826,5372,LT-20260328-091741
2026-03-28 10:47:14.584,5,SO,106962,1,0,784,5372.8,LT-20260328-091741
2026-03-28 10:47:15.414,5,SO,106963,1,0,828,5373.7,LT-20260328-091741
2026-03-28 10:47:16.214,5,SO,106964,1,0,799,5374.5,LT-20260328-091741
2026-03-28 10:47:16.824,5,SO,106965,1,0,608,5375.1,LT-20260328-091741
2026-03-28 10:47:17.446,5,SO,106966,1,0,621,5375.7,LT-20260328-091741
2026-03-28 10:47:18.077,5,SO,106967,1,0,629,5376.3,LT-20260328-091741
2026-03-28 10:47:18.682,5,SO,106968,1,0,603,5376.9,LT-20260328-091741
2026-03-28 10:47:19.295,5,SO,106969,1,0,611,5377.5,LT-20260328-091741
2026-03-28 10:47:19.899,5,SO,106970,1,0,601,5378.1,LT-20260328-091741
2026-03-28 10:47:20.521,5,SO,106971,1,0,621,5378.8,LT-20260328-091741
2026-03-28 10:47:21.141,5,SO,106972,1,0,619,5379.4,LT-20260328-091741
2026-03-28 10:47:21.750,5,SO,106973,1,0,608,5380,LT-20260328-091741
2026-03-28 10:47:22.372,5,SO,106974,1,0,620,5380.6,LT-20260328-091741
2026-03-28 10:47:22.984,5,SO,106975,1,0,610,5381.2,LT-20260328-091741
2026-03-28 10:47:23.587,5,SO,106976,1,0,601,5381.8,LT-20260328-091741
2026-03-28 10:47:24.203,5,SO,106977,1,0,615,5382.4,LT-20260328-091741
2026-03-28 10:47:24.804,5,SO,106978,1,0,599,5383,LT-20260328-091741
2026-03-28 10:47:25.402,5,SO,106979,1,0,596,5383.6,LT-20260328-091741
2026-03-28 10:47:26.194,5,SO,106980,1,0,791,5384.4,LT-20260328-091741
2026-03-28 10:47:26.821,5,SO,106981,1,0,626,5385.1,LT-20260328-091741
2026-03-28 10:47:27.486,5,SO,106982,1,0,663,5385.7,LT-20260328-091741
2026-03-28 10:47:28.114,5,SO,106983,1,0,627,5386.4,LT-20260328-091741
2026-03-28 10:47:28.762,5,SO,106984,1,0,646,5387,LT-20260328-091741
2026-03-28 10:47:29.388,5,SO,106985,1,0,624,5387.6,LT-20260328-091741
2026-03-28 10:47:29.990,5,SO,106986,1,0,600,5388.2,LT-20260328-091741
2026-03-28 10:47:30.593,5,SO,106987,1,0,602,5388.8,LT-20260328-091741
2026-03-28 10:47:31.202,5,SO,106988,1,0,608,5389.4,LT-20260328-091741
2026-03-28 10:47:31.822,5,SO,106989,1,0,619,5390.1,LT-20260328-091741
2026-03-28 10:47:32.427,5,SO,106990,1,0,603,5390.7,LT-20260328-091741
2026-03-28 10:47:33.041,5,SO,106991,1,0,613,5391.3,LT-20260328-091741
2026-03-28 10:47:33.661,5,SO,106992,1,0,618,5391.9,LT-20260328-091741
2026-03-28 10:47:34.282,5,SO,106993,1,0,620,5392.5,LT-20260328-091741
2026-03-28 10:47:34.903,5,SO,106994,1,0,619,5393.1,LT-20260328-091741
2026-03-28 10:47:35.516,5,SO,106995,1,0,611,5393.8,LT-20260328-091741
2026-03-28 10:47:36.223,5,SO,106996,1,0,705,5394.5,LT-20260328-091741
2026-03-28 10:47:36.844,5,SO,106997,1,0,620,5395.1,LT-20260328-091741
2026-03-28 10:47:37.479,5,SO,106998,1,0,634,5395.7,LT-20260328-091741
2026-03-28 10:47:38.090,5,SO,106999,1,0,609,5396.3,LT-20260328-091741
2026-03-28 10:47:38.704,5,SO,107000,1,0,612,5396.9,LT-20260328-091741
2026-03-28 10:47:39.309,5,SO,107001,1,0,604,5397.6,LT-20260328-091741
2026-03-28 10:47:39.955,5,SO,107002,1,0,644,5398.2,LT-20260328-091741
2026-03-28 10:47:40.583,5,SO,107003,1,0,627,5398.8,LT-20260328-091741
2026-03-28 10:47:41.205,5,SO,107004,1,0,620,5399.4,LT-20260328-091741
2026-03-28 10:47:41.814,5,SO,107005,1,0,608,5400.1,LT-20260328-091741
2026-03-28 10:47:42.440,5,SO,107006,1,0,625,5400.7,LT-20260328-091741
2026-03-28 10:47:43.054,5,SO,107007,1,0,612,5401.3,LT-20260328-091741
2026-03-28 10:47:43.687,5,SO,107008,1,0,632,5401.9,LT-20260328-091741
2026-03-28 10:47:44.393,5,SO,107009,1,0,705,5402.6,LT-20260328-091741
2026-03-28 10:47:45.270,5,PO,111579,1,0,874,5403.5,LT-20260328-091741
2026-03-28 10:47:45.776,5,PO,111580,1,0,505,5404,LT-20260328-091741
2026-03-28 10:47:46.251,5,PO,111581,1,0,473,5404.5,LT-20260328-091741
2026-03-28 10:47:46.821,5,PO,111582,1,0,569,5405.1,LT-20260328-091741
2026-03-28 10:47:47.296,5,PO,111583,1,0,473,5405.5,LT-20260328-091741
2026-03-28 10:47:47.990,5,PO,111584,1,0,693,5406.2,LT-20260328-091741
2026-03-28 10:47:48.665,5,PO,111585,1,0,673,5406.9,LT-20260328-091741
2026-03-28 10:47:49.350,5,PO,111586,1,0,683,5407.6,LT-20260328-091741
2026-03-28 10:47:50.024,5,PO,111587,1,0,672,5408.3,LT-20260328-091741
2026-03-28 10:47:50.699,5,PO,111588,1,0,673,5408.9,LT-20260328-091741
2026-03-28 10:47:51.381,5,PO,111589,1,0,681,5409.6,LT-20260328-091741
2026-03-28 10:47:52.102,5,PO,111590,1,0,720,5410.3,LT-20260328-091741
2026-03-28 10:47:52.787,5,PO,111591,1,0,684,5411,LT-20260328-091741
2026-03-28 10:47:53.460,5,PO,111592,1,0,671,5411.7,LT-20260328-091741
2026-03-28 10:47:54.119,5,PO,111593,1,0,657,5412.4,LT-20260328-091741
2026-03-28 10:47:54.812,5,PO,111594,1,0,692,5413.1,LT-20260328-091741
2026-03-28 10:47:55.480,5,PO,111595,1,0,665,5413.7,LT-20260328-091741
2026-03-28 10:47:56.137,5,PO,111596,1,0,655,5414.4,LT-20260328-091741
2026-03-28 10:47:56.798,5,PO,111597,1,0,660,5415,LT-20260328-091741
2026-03-28 10:47:57.467,5,PO,111598,1,0,667,5415.7,LT-20260328-091741
2026-03-28 10:47:57.946,5,PO,111599,1,0,478,5416.2,LT-20260328-091741
2026-03-28 10:47:58.402,5,PO,111600,1,0,454,5416.6,LT-20260328-091741
2026-03-28 10:47:58.871,5,PO,111601,1,0,468,5417.1,LT-20260328-091741
2026-03-28 10:47:59.361,5,PO,111602,1,0,489,5417.6,LT-20260328-091741
2026-03-28 10:47:59.825,5,PO,111603,1,0,463,5418.1,LT-20260328-091741
2026-03-28 10:48:00.299,5,PO,111604,1,0,473,5418.5,LT-20260328-091741
2026-03-28 10:48:00.787,5,PO,111605,1,0,486,5419,LT-20260328-091741
2026-03-28 10:48:01.261,5,PO,111606,1,0,473,5419.5,LT-20260328-091741
2026-03-28 10:48:01.727,5,PO,111607,1,0,464,5420,LT-20260328-091741
2026-03-28 10:48:02.230,5,PO,111608,1,0,502,5420.5,LT-20260328-091741
2026-03-28 10:48:03.024,5,PO,111609,1,0,792,5421.3,LT-20260328-091741
2026-03-28 10:48:03.522,5,PO,111610,1,0,497,5421.8,LT-20260328-091741
2026-03-28 10:48:03.978,5,PO,111611,1,0,455,5422.2,LT-20260328-091741
2026-03-28 10:48:04.470,5,PO,111612,1,0,491,5422.7,LT-20260328-091741
2026-03-28 10:48:04.968,5,PO,111613,1,0,497,5423.2,LT-20260328-091741
2026-03-28 10:48:05.445,5,PO,111614,1,0,475,5423.7,LT-20260328-091741
2026-03-28 10:48:05.923,5,PO,111615,1,0,477,5424.2,LT-20260328-091741
2026-03-28 10:48:06.409,5,PO,111616,1,0,485,5424.7,LT-20260328-091741
2026-03-28 10:48:06.892,5,PO,111617,1,0,481,5425.1,LT-20260328-091741
2026-03-28 10:48:07.381,5,PO,111618,1,0,488,5425.6,LT-20260328-091741
2026-03-28 10:48:07.908,5,PO,111619,1,0,525,5426.2,LT-20260328-091741
2026-03-28 10:48:08.422,5,PO,111620,1,0,513,5426.7,LT-20260328-091741
2026-03-28 10:48:08.902,5,PO,111621,1,0,477,5427.1,LT-20260328-091741
2026-03-28 10:48:09.369,5,PO,111622,1,0,466,5427.6,LT-20260328-091741
2026-03-28 10:48:09.906,5,PO,111623,1,0,536,5428.2,LT-20260328-091741
2026-03-28 10:48:10.382,5,PO,111624,1,0,474,5428.6,LT-20260328-091741
2026-03-28 10:48:10.862,5,PO,111625,1,0,478,5429.1,LT-20260328-091741
2026-03-28 10:48:11.341,5,PO,111626,1,0,478,5429.6,LT-20260328-091741
2026-03-28 10:48:11.825,5,PO,111627,1,0,483,5430.1,LT-20260328-091741
2026-03-28 10:48:12.297,5,PO,111628,1,0,470,5430.5,LT-20260328-091741
2026-03-28 10:48:12.849,5,PO,111629,1,0,550,5431.1,LT-20260328-091741
2026-03-28 10:48:13.338,5,PO,111630,1,0,487,5431.6,LT-20260328-091741
2026-03-28 10:48:13.834,5,PO,111631,1,0,494,5432.1,LT-20260328-091741
2026-03-28 10:48:14.319,5,PO,111632,1,0,484,5432.6,LT-20260328-091741
2026-03-28 10:48:14.804,5,PO,111633,1,0,484,5433,LT-20260328-091741
2026-03-28 10:48:15.288,5,PO,111634,1,0,482,5433.5,LT-20260328-091741
2026-03-28 10:48:15.746,5,PO,111635,1,0,457,5434,LT-20260328-091741
2026-03-28 10:48:16.211,5,PO,111636,1,0,464,5434.5,LT-20260328-091741
2026-03-28 10:48:16.707,5,PO,111637,1,0,495,5435,LT-20260328-091741
2026-03-28 10:48:17.173,5,PO,111638,1,0,465,5435.4,LT-20260328-091741
2026-03-28 10:48:17.675,5,PO,111639,1,0,501,5435.9,LT-20260328-091741
2026-03-28 10:48:18.137,5,PO,111640,1,0,461,5436.4,LT-20260328-091741
2026-03-28 10:48:18.637,5,PO,111641,1,0,499,5436.9,LT-20260328-091741
2026-03-28 10:48:19.131,5,PO,111642,1,0,492,5437.4,LT-20260328-091741
2026-03-28 10:48:19.870,5,PO,111643,1,0,736,5438.1,LT-20260328-091741
2026-03-28 10:48:20.718,5,PO,111644,1,0,847,5439,LT-20260328-091741
2026-03-28 10:48:21.539,5,PO,111645,1,0,819,5439.8,LT-20260328-091741
2026-03-28 10:48:22.220,5,PO,111646,1,0,680,5440.5,LT-20260328-091741
2026-03-28 10:48:23.292,5,PO,111647,1,0,1071,5441.5,LT-20260328-091741
2026-03-28 10:48:23.836,5,PO,111648,1,0,543,5442.1,LT-20260328-091741
2026-03-28 10:48:24.395,5,PO,111649,1,0,557,5442.6,LT-20260328-091741
2026-03-28 10:48:24.869,5,PO,111650,1,0,473,5443.1,LT-20260328-091741
2026-03-28 10:48:25.346,5,PO,111651,1,0,476,5443.6,LT-20260328-091741
2026-03-28 10:48:25.817,5,PO,111652,1,0,469,5444.1,LT-20260328-091741
2026-03-28 10:48:26.308,5,PO,111653,1,0,489,5444.6,LT-20260328-091741
2026-03-28 10:48:26.777,5,PO,111654,1,0,467,5445,LT-20260328-091741
2026-03-28 10:48:27.352,5,PO,111655,1,0,574,5445.6,LT-20260328-091741
2026-03-28 10:48:28.053,5,PO,111656,1,0,699,5446.3,LT-20260328-091741
2026-03-28 10:48:28.720,5,PO,111657,1,0,666,5447,LT-20260328-091741
2026-03-28 10:48:29.377,5,PO,111658,1,0,655,5447.6,LT-20260328-091741
2026-03-28 10:48:30.041,5,PO,111659,1,0,663,5448.3,LT-20260328-091741
2026-03-28 10:48:30.713,5,PO,111660,1,0,670,5449,LT-20260328-091741
2026-03-28 10:48:31.371,5,PO,111661,1,0,657,5449.6,LT-20260328-091741
2026-03-28 10:48:32.029,5,PO,111662,1,0,657,5450.3,LT-20260328-091741
2026-03-28 10:48:32.682,5,PO,111663,1,0,652,5450.9,LT-20260328-091741
2026-03-28 10:48:33.351,5,PO,111664,1,0,667,5451.6,LT-20260328-091741
2026-03-28 10:48:34.034,5,PO,111665,1,0,680,5452.3,LT-20260328-091741
2026-03-28 10:48:34.709,5,PO,111666,1,0,674,5453,LT-20260328-091741
2026-03-28 10:48:35.396,5,PO,111667,1,0,686,5453.6,LT-20260328-091741
2026-03-28 10:48:36.073,5,PO,111668,1,0,674,5454.3,LT-20260328-091741
2026-03-28 10:48:36.739,5,PO,111669,1,0,664,5455,LT-20260328-091741
2026-03-28 10:48:37.406,5,PO,111670,1,0,664,5455.7,LT-20260328-091741
2026-03-28 10:48:37.922,5,PO,111671,1,0,513,5456.2,LT-20260328-091741
2026-03-28 10:48:38.427,5,PO,111672,1,0,504,5456.7,LT-20260328-091741
2026-03-28 10:48:38.899,5,PO,111673,1,0,471,5457.1,LT-20260328-091741
2026-03-28 10:48:39.394,5,PO,111674,1,0,493,5457.6,LT-20260328-091741
2026-03-28 10:48:39.884,5,PO,111675,1,0,489,5458.1,LT-20260328-091741
2026-03-28 10:48:40.375,5,PO,111676,1,0,489,5458.6,LT-20260328-091741
2026-03-28 10:48:40.874,5,PO,111677,1,0,496,5459.1,LT-20260328-091741
2026-03-28 10:48:41.355,5,PO,111678,1,0,479,5459.6,LT-20260328-091741
2026-03-28 10:48:41.823,5,PO,111679,1,0,467,5460.1,LT-20260328-091741
2026-03-28 10:48:42.310,5,PO,111680,1,0,485,5460.6,LT-20260328-091741
2026-03-28 10:48:42.801,5,PO,111681,1,0,490,5461,LT-20260328-091741
2026-03-28 10:48:43.316,5,PO,111682,1,0,511,5461.6,LT-20260328-091741
2026-03-28 10:48:43.802,5,PO,111683,1,0,484,5462,LT-20260328-091741
2026-03-28 10:48:44.286,5,PO,111684,1,0,484,5462.5,LT-20260328-091741
2026-03-28 10:48:44.748,5,PO,111685,1,0,460,5463,LT-20260328-091741
2026-03-28 10:48:45.238,5,PO,111686,1,0,487,5463.5,LT-20260328-091741
2026-03-28 10:48:45.762,5,PO,111687,1,0,522,5464,LT-20260328-091741
2026-03-28 10:48:46.262,5,PO,111688,1,0,497,5464.5,LT-20260328-091741
2026-03-28 10:48:46.734,5,PO,111689,1,0,470,5465,LT-20260328-091741
2026-03-28 10:48:47.216,5,PO,111690,1,0,480,5465.5,LT-20260328-091741
2026-03-28 10:48:47.723,5,PO,111691,1,0,506,5466,LT-20260328-091741
2026-03-28 10:48:48.222,5,PO,111692,1,0,498,5466.5,LT-20260328-091741
2026-03-28 10:48:48.707,5,PO,111693,1,0,482,5467,LT-20260328-091741
2026-03-28 10:48:49.191,5,PO,111694,1,0,482,5467.4,LT-20260328-091741
2026-03-28 10:48:49.680,5,PO,111695,1,0,487,5467.9,LT-20260328-091741
2026-03-28 10:48:50.173,5,PO,111696,1,0,492,5468.4,LT-20260328-091741
2026-03-28 10:48:50.684,5,PO,111697,1,0,508,5468.9,LT-20260328-091741
2026-03-28 10:48:51.171,5,PO,111698,1,0,484,5469.4,LT-20260328-091741
2026-03-28 10:48:51.644,5,PO,111699,1,0,472,5469.9,LT-20260328-091741
2026-03-28 10:48:52.136,5,PO,111700,1,0,490,5470.4,LT-20260328-091741
2026-03-28 10:48:52.639,5,PO,111701,1,0,500,5470.9,LT-20260328-091741
2026-03-28 10:48:53.142,5,PO,111702,1,0,500,5471.4,LT-20260328-091741
2026-03-28 10:48:53.616,5,PO,111703,1,0,472,5471.9,LT-20260328-091741
2026-03-28 10:48:54.127,5,PO,111704,1,0,509,5472.4,LT-20260328-091741
2026-03-28 10:48:54.683,5,PO,111705,1,0,553,5472.9,LT-20260328-091741
2026-03-28 10:48:55.159,5,PO,111706,1,0,474,5473.4,LT-20260328-091741
2026-03-28 10:48:55.646,5,PO,111707,1,0,485,5473.9,LT-20260328-091741
2026-03-28 10:48:56.125,5,PO,111708,1,0,478,5474.4,LT-20260328-091741
2026-03-28 10:48:56.586,5,PO,111709,1,0,459,5474.8,LT-20260328-091741
2026-03-28 10:48:57.081,5,PO,111710,1,0,494,5475.3,LT-20260328-091741
2026-03-28 10:48:57.765,5,PO,111711,1,0,682,5476,LT-20260328-091741
2026-03-28 10:48:58.774,5,PO,111712,1,0,1007,5477,LT-20260328-091741
2026-03-28 10:48:59.605,5,PO,111713,1,0,828,5477.8,LT-20260328-091741
2026-03-28 10:49:00.385,5,PO,111714,1,0,778,5478.6,LT-20260328-091741
2026-03-28 10:49:01.170,5,PO,111715,1,0,783,5479.4,LT-20260328-091741
2026-03-28 10:49:02.020,5,PO,111716,1,0,848,5480.3,LT-20260328-091741
2026-03-28 10:49:02.780,5,PO,111717,1,0,758,5481,LT-20260328-091741
2026-03-28 10:49:03.485,5,PO,111718,1,0,704,5481.7,LT-20260328-091741
2026-03-28 10:49:04.164,5,PO,111719,1,0,677,5482.4,LT-20260328-091741
2026-03-28 10:49:04.856,5,PO,111720,1,0,689,5483.1,LT-20260328-091741
2026-03-28 10:49:05.554,5,PO,111721,1,0,697,5483.8,LT-20260328-091741
2026-03-28 10:49:06.261,5,PO,111722,1,0,704,5484.5,LT-20260328-091741
2026-03-28 10:49:06.911,5,PO,111723,1,0,648,5485.2,LT-20260328-091741
2026-03-28 10:49:07.635,5,PO,111724,1,0,720,5485.9,LT-20260328-091741
2026-03-28 10:49:08.331,5,PO,111725,1,0,692,5486.6,LT-20260328-091741
2026-03-28 10:49:08.994,5,PO,111726,1,0,661,5487.2,LT-20260328-091741
2026-03-28 10:49:09.681,5,PO,111727,1,0,683,5487.9,LT-20260328-091741
2026-03-28 10:49:10.351,5,PO,111728,1,0,668,5488.6,LT-20260328-091741
2026-03-28 10:49:11.038,5,PO,111729,1,0,685,5489.3,LT-20260328-091741
2026-03-28 10:49:11.698,5,PO,111730,1,0,658,5489.9,LT-20260328-091741
2026-03-28 10:49:12.354,5,PO,111731,1,0,654,5490.6,LT-20260328-091741
2026-03-28 10:49:13.034,5,PO,111732,1,0,679,5491.3,LT-20260328-091741
2026-03-28 10:49:13.718,5,PO,111733,1,0,681,5492,LT-20260328-091741
2026-03-28 10:49:14.396,5,PO,111734,1,0,677,5492.6,LT-20260328-091741
2026-03-28 10:49:15.091,5,PO,111735,1,0,692,5493.3,LT-20260328-091741
2026-03-28 10:49:15.778,5,PO,111736,1,0,682,5494,LT-20260328-091741
2026-03-28 10:49:16.515,5,PO,111737,1,0,736,5494.8,LT-20260328-091741
2026-03-28 10:49:17.175,5,PO,111738,1,0,658,5495.4,LT-20260328-091741
2026-03-28 10:49:17.914,5,PO,111739,1,0,737,5496.2,LT-20260328-091741
2026-03-28 10:49:18.594,5,PO,111740,1,0,677,5496.8,LT-20260328-091741
2026-03-28 10:49:19.265,5,PO,111741,1,0,670,5497.5,LT-20260328-091741
2026-03-28 10:49:19.939,5,PO,111742,1,0,672,5498.2,LT-20260328-091741
2026-03-28 10:49:20.610,5,PO,111743,1,0,670,5498.9,LT-20260328-091741
2026-03-28 10:49:21.292,5,PO,111744,1,0,680,5499.5,LT-20260328-091741
2026-03-28 10:49:21.970,5,PO,111745,1,0,676,5500.2,LT-20260328-091741
2026-03-28 10:49:22.633,5,PO,111746,1,0,661,5500.9,LT-20260328-091741
2026-03-28 10:49:23.295,5,PO,111747,1,0,661,5501.5,LT-20260328-091741
2026-03-28 10:49:23.974,5,PO,111748,1,0,677,5502.2,LT-20260328-091741
2026-03-28 10:49:24.657,5,PO,111749,1,0,682,5502.9,LT-20260328-091741
2026-03-28 10:49:25.345,5,PO,111750,1,0,687,5503.6,LT-20260328-091741
2026-03-28 10:49:26.016,5,PO,111751,1,0,670,5504.3,LT-20260328-091741
2026-03-28 10:49:26.709,5,PO,111752,1,0,691,5505,LT-20260328-091741
2026-03-28 10:49:27.368,5,PO,111753,1,0,657,5505.6,LT-20260328-091741
2026-03-28 10:49:28.184,5,PO,111754,1,0,815,5506.4,LT-20260328-091741
2026-03-28 10:49:28.933,5,PO,111755,1,0,747,5507.2,LT-20260328-091741
2026-03-28 10:49:29.776,5,PO,111756,1,0,842,5508,LT-20260328-091741
2026-03-28 10:49:30.442,5,PO,111757,1,0,664,5508.7,LT-20260328-091741
2026-03-28 10:49:31.085,5,PO,111758,1,0,641,5509.3,LT-20260328-091741
2026-03-28 10:49:31.575,5,PO,111759,1,0,488,5509.8,LT-20260328-091741
2026-03-28 10:49:32.056,5,PO,111760,1,0,480,5510.3,LT-20260328-091741
2026-03-28 10:49:32.548,5,PO,111761,1,0,491,5510.8,LT-20260328-091741
2026-03-28 10:49:33.030,5,PO,111762,1,0,480,5511.3,LT-20260328-091741
2026-03-28 10:49:33.499,5,PO,111763,1,0,468,5511.7,LT-20260328-091741
2026-03-28 10:49:33.959,5,PO,111764,1,0,458,5512.2,LT-20260328-091741
2026-03-28 10:49:34.412,5,PO,111765,1,0,452,5512.7,LT-20260328-091741
2026-03-28 10:49:34.871,5,PO,111766,1,0,458,5513.1,LT-20260328-091741
2026-03-28 10:49:35.336,5,PO,111767,1,0,464,5513.6,LT-20260328-091741
2026-03-28 10:49:35.825,5,PO,111768,1,0,488,5514.1,LT-20260328-091741
2026-03-28 10:49:36.313,5,PO,111769,1,0,486,5514.6,LT-20260328-091741
2026-03-28 10:49:36.802,5,PO,111770,1,0,487,5515,LT-20260328-091741
2026-03-28 10:49:37.287,5,PO,111771,1,0,484,5515.5,LT-20260328-091741
2026-03-28 10:49:37.955,5,PO,111772,1,0,666,5516.2,LT-20260328-091741
2026-03-28 10:49:38.622,5,PO,111773,1,0,665,5516.9,LT-20260328-091741
2026-03-28 10:49:39.280,5,PO,111774,1,0,657,5517.5,LT-20260328-091741
2026-03-28 10:49:40.002,5,PO,111775,1,0,720,5518.2,LT-20260328-091741
2026-03-28 10:49:40.668,5,PO,111776,1,0,664,5518.9,LT-20260328-091741
2026-03-28 10:49:41.338,5,PO,111777,1,0,669,5519.6,LT-20260328-091741
2026-03-28 10:49:41.990,5,PO,111778,1,0,651,5520.2,LT-20260328-091741
2026-03-28 10:49:42.667,5,PO,111779,1,0,676,5520.9,LT-20260328-091741
2026-03-28 10:49:43.331,5,PO,111780,1,0,663,5521.6,LT-20260328-091741
2026-03-28 10:49:43.984,5,PO,111781,1,0,651,5522.2,LT-20260328-091741
2026-03-28 10:49:44.651,5,PO,111782,1,0,665,5522.9,LT-20260328-091741
2026-03-28 10:49:45.303,5,PO,111783,1,0,651,5523.5,LT-20260328-091741
2026-03-28 10:49:45.962,5,PO,111784,1,0,658,5524.2,LT-20260328-091741
2026-03-28 10:49:46.634,5,PO,111785,1,0,670,5524.9,LT-20260328-091741
2026-03-28 10:49:47.300,5,PO,111786,1,0,665,5525.5,LT-20260328-091741
2026-03-28 10:49:48.033,5,PO,111787,1,0,732,5526.3,LT-20260328-091741
2026-03-28 10:49:48.700,5,PO,111788,1,0,666,5526.9,LT-20260328-091741
2026-03-28 10:49:49.364,5,PO,111789,1,0,662,5527.6,LT-20260328-091741
2026-03-28 10:49:50.029,5,PO,111790,1,0,664,5528.3,LT-20260328-091741
2026-03-28 10:49:50.696,5,PO,111791,1,0,666,5528.9,LT-20260328-091741
2026-03-28 10:49:51.356,5,PO,111792,1,0,658,5529.6,LT-20260328-091741
2026-03-28 10:49:52.095,5,PO,111793,1,0,738,5530.3,LT-20260328-091741
2026-03-28 10:49:52.751,5,PO,111794,1,0,655,5531,LT-20260328-091741
2026-03-28 10:49:53.410,5,PO,111795,1,0,658,5531.7,LT-20260328-091741
2026-03-28 10:49:54.082,5,PO,111796,1,0,670,5532.3,LT-20260328-091741
2026-03-28 10:49:54.763,5,PO,111797,1,0,680,5533,LT-20260328-091741
2026-03-28 10:49:55.412,5,PO,111798,1,0,647,5533.7,LT-20260328-091741
2026-03-28 10:49:56.068,5,PO,111799,1,0,654,5534.3,LT-20260328-091741
2026-03-28 10:49:56.727,5,PO,111800,1,0,657,5535,LT-20260328-091741
2026-03-28 10:49:57.401,5,PO,111801,1,0,673,5535.6,LT-20260328-091741
2026-03-28 10:49:58.059,5,PO,111802,1,0,655,5536.3,LT-20260328-091741
2026-03-28 10:49:58.719,5,PO,111803,1,0,658,5537,LT-20260328-091741
2026-03-28 10:49:59.407,5,PO,111804,1,0,687,5537.7,LT-20260328-091741
2026-03-28 10:50:00.067,5,PO,111805,1,0,658,5538.3,LT-20260328-091741
2026-03-28 10:50:00.747,5,PO,111806,1,0,678,5539,LT-20260328-091741
2026-03-28 10:50:01.426,5,PO,111807,1,0,676,5539.7,LT-20260328-091741
2026-03-28 10:50:02.099,5,PO,111808,1,0,670,5540.3,LT-20260328-091741
2026-03-28 10:50:02.767,5,PO,111809,1,0,666,5541,LT-20260328-091741
2026-03-28 10:50:03.472,5,PO,111810,1,0,703,5541.7,LT-20260328-091741
2026-03-28 10:50:04.136,5,PO,111811,1,0,662,5542.4,LT-20260328-091741
2026-03-28 10:50:04.808,5,PO,111812,1,0,670,5543.1,LT-20260328-091741
2026-03-28 10:50:05.473,5,PO,111813,1,0,662,5543.7,LT-20260328-091741
2026-03-28 10:50:06.136,5,PO,111814,1,0,660,5544.4,LT-20260328-091741
2026-03-28 10:50:06.796,5,PO,111815,1,0,659,5545,LT-20260328-091741
2026-03-28 10:50:07.383,5,PO,111816,1,0,585,5545.6,LT-20260328-091741
2026-03-28 10:50:07.850,5,PO,111817,1,0,466,5546.1,LT-20260328-091741
2026-03-28 10:50:08.328,5,PO,111818,1,0,476,5546.6,LT-20260328-091741
2026-03-28 10:50:08.808,5,PO,111819,1,0,478,5547.1,LT-20260328-091741
2026-03-28 10:50:09.293,5,PO,111820,1,0,484,5547.5,LT-20260328-091741
2026-03-28 10:50:09.770,5,PO,111821,1,0,475,5548,LT-20260328-091741
2026-03-28 10:50:10.250,5,PO,111822,1,0,478,5548.5,LT-20260328-091741
2026-03-28 10:50:10.735,5,PO,111823,1,0,482,5549,LT-20260328-091741
2026-03-28 10:50:11.220,5,PO,111824,1,0,483,5549.5,LT-20260328-091741
2026-03-28 10:50:11.715,5,PO,111825,1,0,494,5550,LT-20260328-091741
2026-03-28 10:50:12.188,5,PO,111826,1,0,471,5550.4,LT-20260328-091741
2026-03-28 10:50:12.670,5,PO,111827,1,0,480,5550.9,LT-20260328-091741
2026-03-28 10:50:13.169,5,PO,111828,1,0,498,5551.4,LT-20260328-091741
2026-03-28 10:50:13.663,5,PO,111829,1,0,492,5551.9,LT-20260328-091741
2026-03-28 10:50:14.136,5,PO,111830,1,0,472,5552.4,LT-20260328-091741
2026-03-28 10:50:14.610,5,PO,111831,1,0,470,5552.9,LT-20260328-091741
2026-03-28 10:50:15.084,5,PO,111832,1,0,472,5553.3,LT-20260328-091741
2026-03-28 10:50:15.567,5,PO,111833,1,0,482,5553.8,LT-20260328-091741
2026-03-28 10:50:16.039,5,PO,111834,1,0,471,5554.3,LT-20260328-091741
2026-03-28 10:50:16.515,5,PO,111835,1,0,474,5554.8,LT-20260328-091741
2026-03-28 10:50:17.018,5,PO,111836,1,0,502,5555.3,LT-20260328-091741
2026-03-28 10:50:17.527,5,PO,111837,1,0,507,5555.8,LT-20260328-091741
2026-03-28 10:50:18.047,5,PO,111838,1,0,518,5556.3,LT-20260328-091741
2026-03-28 10:50:18.534,5,PO,111839,1,0,486,5556.8,LT-20260328-091741
2026-03-28 10:50:19.024,5,PO,111840,1,0,488,5557.3,LT-20260328-091741
2026-03-28 10:50:19.499,5,PO,111841,1,0,473,5557.7,LT-20260328-091741
2026-03-28 10:50:19.976,5,PO,111842,1,0,475,5558.2,LT-20260328-091741
2026-03-28 10:50:20.463,5,PO,111843,1,0,484,5558.7,LT-20260328-091741
2026-03-28 10:50:20.930,5,PO,111844,1,0,466,5559.2,LT-20260328-091741
2026-03-28 10:50:21.408,5,PO,111845,1,0,477,5559.7,LT-20260328-091741
2026-03-28 10:50:21.890,5,PO,111846,1,0,480,5560.1,LT-20260328-091741
2026-03-28 10:50:22.382,5,PO,111847,1,0,490,5560.6,LT-20260328-091741
2026-03-28 10:50:22.879,5,PO,111848,1,0,496,5561.1,LT-20260328-091741
2026-03-28 10:50:23.399,5,PO,111849,1,0,518,5561.6,LT-20260328-091741
2026-03-28 10:50:23.876,5,PO,111850,1,0,474,5562.1,LT-20260328-091741
2026-03-28 10:50:24.380,5,PO,111851,1,0,503,5562.6,LT-20260328-091741
2026-03-28 10:50:24.854,5,PO,111852,1,0,473,5563.1,LT-20260328-091741
2026-03-28 10:50:25.341,5,PO,111853,1,0,484,5563.6,LT-20260328-091741
2026-03-28 10:50:25.815,5,PO,111854,1,0,472,5564.1,LT-20260328-091741
2026-03-28 10:50:26.300,5,PO,111855,1,0,484,5564.5,LT-20260328-091741
2026-03-28 10:50:26.780,5,PO,111856,1,0,478,5565,LT-20260328-091741
2026-03-28 10:50:27.276,5,PO,111857,1,0,494,5565.5,LT-20260328-091741
2026-03-28 10:50:27.772,5,PO,111858,1,0,495,5566,LT-20260328-091741
2026-03-28 10:50:28.273,5,PO,111859,1,0,500,5566.5,LT-20260328-091741
2026-03-28 10:50:28.774,5,PO,111860,1,0,500,5567,LT-20260328-091741
2026-03-28 10:50:29.286,5,PO,111861,1,0,510,5567.5,LT-20260328-091741
2026-03-28 10:50:29.762,5,PO,111862,1,0,474,5568,LT-20260328-091741
2026-03-28 10:50:30.254,5,PO,111863,1,0,490,5568.5,LT-20260328-091741
2026-03-28 10:50:30.705,5,PO,111864,1,0,449,5568.9,LT-20260328-091741
2026-03-28 10:50:31.189,5,PO,111865,1,0,482,5569.4,LT-20260328-091741
2026-03-28 10:50:31.678,5,PO,111866,1,0,486,5569.9,LT-20260328-091741
2026-03-28 10:50:32.151,5,PO,111867,1,0,471,5570.4,LT-20260328-091741
2026-03-28 10:50:32.630,5,PO,111868,1,0,477,5570.9,LT-20260328-091741
2026-03-28 10:50:33.094,5,PO,111869,1,0,461,5571.3,LT-20260328-091741
2026-03-28 10:50:33.565,5,PO,111870,1,0,469,5571.8,LT-20260328-091741
2026-03-28 10:50:34.018,5,PO,111871,1,0,452,5572.3,LT-20260328-091741
2026-03-28 10:50:34.508,5,PO,111872,1,0,488,5572.8,LT-20260328-091741
2026-03-28 10:50:35.008,5,PO,111873,1,0,498,5573.3,LT-20260328-091741
2026-03-28 10:50:35.495,5,PO,111874,1,0,485,5573.7,LT-20260328-091741
2026-03-28 10:50:35.980,5,PO,111875,1,0,483,5574.2,LT-20260328-091741
2026-03-28 10:50:36.460,5,PO,111876,1,0,478,5574.7,LT-20260328-091741
2026-03-28 10:50:36.942,5,PO,111877,1,0,479,5575.2,LT-20260328-091741
2026-03-28 10:50:37.436,5,PO,111878,1,0,493,5575.7,LT-20260328-091741
2026-03-28 10:50:37.937,5,PO,111879,1,0,499,5576.2,LT-20260328-091741
2026-03-28 10:50:38.434,5,PO,111880,1,0,494,5576.7,LT-20260328-091741
2026-03-28 10:50:38.900,5,PO,111881,1,0,465,5577.1,LT-20260328-091741
2026-03-28 10:50:39.380,5,PO,111882,1,0,478,5577.6,LT-20260328-091741
2026-03-28 10:50:39.843,5,PO,111883,1,0,461,5578.1,LT-20260328-091741
2026-03-28 10:50:40.330,5,PO,111884,1,0,485,5578.6,LT-20260328-091741
2026-03-28 10:50:40.796,5,PO,111885,1,0,464,5579,LT-20260328-091741
2026-03-28 10:50:41.284,5,PO,111886,1,0,486,5579.5,LT-20260328-091741
2026-03-28 10:50:41.738,5,PO,111887,1,0,452,5580,LT-20260328-091741
2026-03-28 10:50:42.205,5,PO,111888,1,0,465,5580.4,LT-20260328-091741
2026-03-28 10:50:42.707,5,PO,111889,1,0,501,5581,LT-20260328-091741
2026-03-28 10:50:43.184,5,PO,111890,1,0,475,5581.4,LT-20260328-091741
2026-03-28 10:50:43.662,5,PO,111891,1,0,475,5581.9,LT-20260328-091741
2026-03-28 10:50:44.126,5,PO,111892,1,0,463,5582.4,LT-20260328-091741
2026-03-28 10:50:44.618,5,PO,111893,1,0,491,5582.9,LT-20260328-091741
2026-03-28 10:50:45.098,5,PO,111894,1,0,477,5583.3,LT-20260328-091741
2026-03-28 10:50:45.567,5,PO,111895,1,0,468,5583.8,LT-20260328-091741
2026-03-28 10:50:46.031,5,PO,111896,1,0,463,5584.3,LT-20260328-091741
2026-03-28 10:50:46.512,5,PO,111897,1,0,479,5584.8,LT-20260328-091741
2026-03-28 10:50:46.983,5,PO,111898,1,0,470,5585.2,LT-20260328-091741
2026-03-28 10:50:47.517,5,PO,111899,1,0,533,5585.8,LT-20260328-091741
2026-03-28 10:50:48.340,5,PO,111900,1,0,822,5586.6,LT-20260328-091741
2026-03-28 10:50:49.112,5,PO,111901,1,0,771,5587.4,LT-20260328-091741
2026-03-28 10:50:49.775,5,PO,111902,1,0,661,5588,LT-20260328-091741
2026-03-28 10:50:50.555,5,PO,111903,1,0,778,5588.8,LT-20260328-091741
2026-03-28 10:50:51.344,5,PO,111904,1,0,787,5589.6,LT-20260328-091741
2026-03-28 10:50:52.048,5,PO,111905,1,0,702,5590.3,LT-20260328-091741
2026-03-28 10:50:52.710,5,PO,111906,1,0,660,5591,LT-20260328-091741
2026-03-28 10:50:53.375,5,PO,111907,1,0,663,5591.6,LT-20260328-091741
2026-03-28 10:50:54.033,5,PO,111908,1,0,656,5592.3,LT-20260328-091741
2026-03-28 10:50:54.708,5,PO,111909,1,0,673,5593,LT-20260328-091741
2026-03-28 10:50:55.405,5,PO,111910,1,0,695,5593.6,LT-20260328-091741
2026-03-28 10:50:56.092,5,PO,111911,1,0,684,5594.3,LT-20260328-091741
2026-03-28 10:50:56.793,5,PO,111912,1,0,698,5595,LT-20260328-091741
2026-03-28 10:50:57.501,5,PO,111913,1,0,704,5595.7,LT-20260328-091741
2026-03-28 10:50:58.237,5,PO,111914,1,0,735,5596.5,LT-20260328-091741
2026-03-28 10:50:58.939,5,PO,111915,1,0,695,5597.2,LT-20260328-091741
2026-03-28 10:50:59.637,5,PO,111916,1,0,695,5597.9,LT-20260328-091741
2026-03-28 10:51:00.321,5,PO,111917,1,0,681,5598.6,LT-20260328-091741
2026-03-28 10:51:00.991,5,PO,111918,1,0,665,5599.2,LT-20260328-091741
2026-03-28 10:51:01.685,5,PO,111919,1,0,693,5599.9,LT-20260328-091741
2026-03-28 10:51:02.356,5,PO,111920,1,0,668,5600.6,LT-20260328-091741
2026-03-28 10:51:03.086,5,PO,111921,1,0,729,5601.3,LT-20260328-091741
2026-03-28 10:51:03.773,5,PO,111922,1,0,684,5602,LT-20260328-091741
2026-03-28 10:51:04.485,5,PO,111923,1,0,709,5602.7,LT-20260328-091741
2026-03-28 10:51:05.167,5,PO,111924,1,0,679,5603.4,LT-20260328-091741
2026-03-28 10:51:05.856,5,PO,111925,1,0,687,5604.1,LT-20260328-091741
2026-03-28 10:51:06.528,5,PO,111926,1,0,668,5604.8,LT-20260328-091741
2026-03-28 10:51:07.193,5,PO,111927,1,0,663,5605.4,LT-20260328-091741
2026-03-28 10:51:07.725,5,PO,111928,1,0,531,5606,LT-20260328-091741
2026-03-28 10:51:08.221,5,PO,111929,1,0,495,5606.5,LT-20260328-091741
2026-03-28 10:51:08.714,5,PO,111930,1,0,491,5607,LT-20260328-091741
2026-03-28 10:51:09.213,5,PO,111931,1,0,497,5607.5,LT-20260328-091741
2026-03-28 10:51:09.692,5,PO,111932,1,0,477,5607.9,LT-20260328-091741
2026-03-28 10:51:10.170,5,PO,111933,1,0,476,5608.4,LT-20260328-091741
2026-03-28 10:51:10.797,5,PO,111934,1,0,625,5609,LT-20260328-091741
2026-03-28 10:51:11.397,5,PO,111935,1,0,599,5609.6,LT-20260328-091741
2026-03-28 10:51:11.936,5,PO,111936,1,0,538,5610.2,LT-20260328-091741
2026-03-28 10:51:12.415,5,PO,111937,1,0,477,5610.7,LT-20260328-091741
2026-03-28 10:51:12.906,5,PO,111938,1,0,489,5611.2,LT-20260328-091741
2026-03-28 10:51:13.379,5,PO,111939,1,0,471,5611.6,LT-20260328-091741
2026-03-28 10:51:13.870,5,PO,111940,1,0,490,5612.1,LT-20260328-091741
2026-03-28 10:51:14.351,5,PO,111941,1,0,478,5612.6,LT-20260328-091741
2026-03-28 10:51:14.878,5,PO,111942,1,0,525,5613.1,LT-20260328-091741
2026-03-28 10:51:15.369,5,PO,111943,1,0,490,5613.6,LT-20260328-091741
2026-03-28 10:51:15.844,5,PO,111944,1,0,473,5614.1,LT-20260328-091741
2026-03-28 10:51:16.320,5,PO,111945,1,0,473,5614.6,LT-20260328-091741
2026-03-28 10:51:16.799,5,PO,111946,1,0,477,5615,LT-20260328-091741
2026-03-28 10:51:17.281,5,PO,111947,1,0,481,5615.5,LT-20260328-091741
2026-03-28 10:51:17.784,5,PO,111948,1,0,501,5616,LT-20260328-091741
2026-03-28 10:51:18.278,5,PO,111949,1,0,493,5616.5,LT-20260328-091741
2026-03-28 10:51:18.800,5,PO,111950,1,0,518,5617,LT-20260328-091741
2026-03-28 10:51:19.313,5,PO,111951,1,0,511,5617.6,LT-20260328-091741
2026-03-28 10:51:19.790,5,PO,111952,1,0,475,5618,LT-20260328-091741
2026-03-28 10:51:20.285,5,PO,111953,1,0,494,5618.5,LT-20260328-091741
2026-03-28 10:51:20.816,5,PO,111954,1,0,529,5619.1,LT-20260328-091741
2026-03-28 10:51:21.294,5,PO,111955,1,0,477,5619.5,LT-20260328-091741
2026-03-28 10:51:21.827,5,PO,111956,1,0,532,5620.1,LT-20260328-091741
2026-03-28 10:51:22.324,5,PO,111957,1,0,495,5620.6,LT-20260328-091741
2026-03-28 10:51:22.797,5,PO,111958,1,0,470,5621,LT-20260328-091741
2026-03-28 10:51:23.298,5,PO,111959,1,0,499,5621.5,LT-20260328-091741
2026-03-28 10:51:23.821,5,PO,111960,1,0,522,5622.1,LT-20260328-091741
2026-03-28 10:51:24.435,5,PO,111961,1,0,613,5622.7,LT-20260328-091741
2026-03-28 10:51:25.187,5,PO,111962,1,0,751,5623.4,LT-20260328-091741
2026-03-28 10:51:25.935,5,PO,111963,1,0,745,5624.2,LT-20260328-091741
2026-03-28 10:51:26.689,5,PO,111964,1,0,752,5624.9,LT-20260328-091741
2026-03-28 10:51:27.347,5,PO,111965,1,0,656,5625.6,LT-20260328-091741
2026-03-28 10:51:28.062,5,PO,111966,1,0,714,5626.3,LT-20260328-091741
2026-03-28 10:51:28.804,5,PO,111967,1,0,739,5627,LT-20260328-091741
2026-03-28 10:51:29.483,5,PO,111968,1,0,677,5627.7,LT-20260328-091741
2026-03-28 10:51:30.189,5,PO,111969,1,0,704,5628.4,LT-20260328-091741
2026-03-28 10:51:30.983,5,PO,111970,1,0,793,5629.2,LT-20260328-091741
2026-03-28 10:51:31.710,5,PO,111971,1,0,726,5630,LT-20260328-091741
2026-03-28 10:51:32.466,5,PO,111972,1,0,754,5630.7,LT-20260328-091741
2026-03-28 10:51:33.192,5,PO,111973,1,0,723,5631.4,LT-20260328-091741
2026-03-28 10:51:33.878,5,PO,111974,1,0,685,5632.1,LT-20260328-091741
2026-03-28 10:51:34.562,5,PO,111975,1,0,681,5632.8,LT-20260328-091741
2026-03-28 10:51:35.246,5,PO,111976,1,0,683,5633.5,LT-20260328-091741
2026-03-28 10:51:35.944,5,PO,111977,1,0,696,5634.2,LT-20260328-091741
2026-03-28 10:51:36.617,5,PO,111978,1,0,671,5634.9,LT-20260328-091741
2026-03-28 10:51:37.236,5,PO,111979,1,0,617,5635.5,LT-20260328-091741
2026-03-28 10:51:37.744,5,PO,111980,1,0,506,5636,LT-20260328-091741
2026-03-28 10:51:38.254,5,PO,111981,1,0,508,5636.5,LT-20260328-091741
2026-03-28 10:51:38.742,5,PO,111982,1,0,487,5637,LT-20260328-091741
2026-03-28 10:51:39.253,5,PO,111983,1,0,509,5637.5,LT-20260328-091741
2026-03-28 10:51:39.835,5,PO,111984,1,0,581,5638.1,LT-20260328-091741
2026-03-28 10:51:40.483,5,PO,111985,1,0,646,5638.7,LT-20260328-091741
2026-03-28 10:51:41.109,5,PO,111986,1,0,625,5639.4,LT-20260328-091741
2026-03-28 10:51:41.603,5,PO,111987,1,0,492,5639.8,LT-20260328-091741
2026-03-28 10:51:42.118,5,PO,111988,1,0,514,5640.4,LT-20260328-091741
2026-03-28 10:51:42.636,5,PO,111989,1,0,517,5640.9,LT-20260328-091741
2026-03-28 10:51:43.220,5,PO,111990,1,0,582,5641.5,LT-20260328-091741
2026-03-28 10:51:43.857,5,PO,111991,1,0,635,5642.1,LT-20260328-091741
2026-03-28 10:51:44.370,5,PO,111992,1,0,511,5642.6,LT-20260328-091741
2026-03-28 10:51:44.856,5,PO,111993,1,0,484,5643.1,LT-20260328-091741
2026-03-28 10:51:45.377,5,PO,111994,1,0,520,5643.6,LT-20260328-091741
2026-03-28 10:51:45.859,5,PO,111995,1,0,480,5644.1,LT-20260328-091741
2026-03-28 10:51:46.340,5,PO,111996,1,0,478,5644.6,LT-20260328-091741
2026-03-28 10:51:46.846,5,PO,111997,1,0,504,5645.1,LT-20260328-091741
2026-03-28 10:51:47.411,5,PO,111998,1,0,563,5645.7,LT-20260328-091741
2026-03-28 10:51:48.140,5,PO,111999,1,0,727,5646.4,LT-20260328-091741
2026-03-28 10:51:48.943,5,PO,112000,1,0,801,5647.2,LT-20260328-091741
2026-03-28 10:51:49.628,5,PO,112001,1,0,684,5647.9,LT-20260328-091741
2026-03-28 10:51:50.335,5,PO,112002,1,0,706,5648.6,LT-20260328-091741
2026-03-28 10:51:51.001,5,PO,112003,1,0,665,5649.2,LT-20260328-091741
2026-03-28 10:51:51.710,5,PO,112004,1,0,707,5650,LT-20260328-091741
2026-03-28 10:51:52.412,5,PO,112005,1,0,700,5650.7,LT-20260328-091741
2026-03-28 10:51:53.075,5,PO,112006,1,0,661,5651.3,LT-20260328-091741
2026-03-28 10:51:53.829,5,PO,112007,1,0,753,5652.1,LT-20260328-091741
2026-03-28 10:51:54.560,5,PO,112008,1,0,729,5652.8,LT-20260328-091741
2026-03-28 10:51:55.258,5,PO,112009,1,0,696,5653.5,LT-20260328-091741
2026-03-28 10:51:55.964,5,PO,112010,1,0,704,5654.2,LT-20260328-091741
2026-03-28 10:51:56.650,5,PO,112011,1,0,684,5654.9,LT-20260328-091741
2026-03-28 10:51:57.364,5,PO,112012,1,0,712,5655.6,LT-20260328-091741
2026-03-28 10:51:57.885,5,PO,112013,1,0,518,5656.1,LT-20260328-091741
2026-03-28 10:51:58.382,5,PO,112014,1,0,494,5656.6,LT-20260328-091741
2026-03-28 10:51:58.872,5,PO,112015,1,0,489,5657.1,LT-20260328-091741
2026-03-28 10:51:59.378,5,PO,112016,1,0,504,5657.6,LT-20260328-091741
2026-03-28 10:51:59.852,5,PO,112017,1,0,471,5658.1,LT-20260328-091741
2026-03-28 10:52:00.369,5,PO,112018,1,0,516,5658.6,LT-20260328-091741
2026-03-28 10:52:00.863,5,PO,112019,1,0,493,5659.1,LT-20260328-091741
2026-03-28 10:52:01.348,5,PO,112020,1,0,482,5659.6,LT-20260328-091741
2026-03-28 10:52:01.837,5,PO,112021,1,0,488,5660.1,LT-20260328-091741
2026-03-28 10:52:02.315,5,PO,112022,1,0,476,5660.6,LT-20260328-091741
2026-03-28 10:52:02.824,5,PO,112023,1,0,507,5661.1,LT-20260328-091741
2026-03-28 10:52:03.354,5,PO,112024,1,0,528,5661.6,LT-20260328-091741
2026-03-28 10:52:03.843,5,PO,112025,1,0,487,5662.1,LT-20260328-091741
2026-03-28 10:52:04.350,5,PO,112026,1,0,505,5662.6,LT-20260328-091741
2026-03-28 10:52:04.867,5,PO,112027,1,0,515,5663.1,LT-20260328-091741
2026-03-28 10:52:05.364,5,PO,112028,1,0,495,5663.6,LT-20260328-091741
2026-03-28 10:52:05.871,5,PO,112029,1,0,504,5664.1,LT-20260328-091741
2026-03-28 10:52:06.373,5,PO,112030,1,0,500,5664.6,LT-20260328-091741
2026-03-28 10:52:06.867,5,PO,112031,1,0,492,5665.1,LT-20260328-091741
2026-03-28 10:52:07.367,5,PO,112032,1,0,498,5665.6,LT-20260328-091741
2026-03-28 10:52:07.840,5,PO,112033,1,0,472,5666.1,LT-20260328-091741
2026-03-28 10:52:08.332,5,PO,112034,1,0,489,5666.6,LT-20260328-091741
2026-03-28 10:52:08.833,5,PO,112035,1,0,500,5667.1,LT-20260328-091741
2026-03-28 10:52:09.321,5,PO,112036,1,0,487,5667.6,LT-20260328-091741
2026-03-28 10:52:09.810,5,PO,112037,1,0,487,5668.1,LT-20260328-091741
2026-03-28 10:52:10.313,5,PO,112038,1,0,501,5668.6,LT-20260328-091741
2026-03-28 10:52:10.808,5,PO,112039,1,0,493,5669.1,LT-20260328-091741
2026-03-28 10:52:11.297,5,PO,112040,1,0,487,5669.5,LT-20260328-091741
2026-03-28 10:52:11.798,5,PO,112041,1,0,499,5670,LT-20260328-091741
2026-03-28 10:52:12.329,5,PO,112042,1,0,530,5670.6,LT-20260328-091741
2026-03-28 10:52:12.819,5,PO,112043,1,0,488,5671.1,LT-20260328-091741
2026-03-28 10:52:13.290,5,PO,112044,1,0,469,5671.5,LT-20260328-091741
2026-03-28 10:52:13.806,5,PO,112045,1,0,513,5672.1,LT-20260328-091741
2026-03-28 10:52:14.296,5,PO,112046,1,0,488,5672.5,LT-20260328-091741
2026-03-28 10:52:14.797,5,PO,112047,1,0,498,5673,LT-20260328-091741
2026-03-28 10:52:15.282,5,PO,112048,1,0,483,5673.5,LT-20260328-091741
2026-03-28 10:52:15.797,5,PO,112049,1,0,513,5674,LT-20260328-091741
2026-03-28 10:52:16.294,5,PO,112050,1,0,496,5674.5,LT-20260328-091741
2026-03-28 10:52:16.769,5,PO,112051,1,0,473,5675,LT-20260328-091741
2026-03-28 10:52:17.342,5,PO,112052,1,0,571,5675.6,LT-20260328-091741
2026-03-28 10:52:18.023,5,PO,112053,1,0,679,5676.3,LT-20260328-091741
2026-03-28 10:52:18.696,5,PO,112054,1,0,671,5676.9,LT-20260328-091741
2026-03-28 10:52:19.371,5,PO,112055,1,0,673,5677.6,LT-20260328-091741
2026-03-28 10:52:20.078,5,PO,112056,1,0,705,5678.3,LT-20260328-091741
2026-03-28 10:52:20.767,5,PO,112057,1,0,688,5679,LT-20260328-091741
2026-03-28 10:52:21.483,5,PO,112058,1,0,713,5679.7,LT-20260328-091741
2026-03-28 10:52:22.166,5,PO,112059,1,0,681,5680.4,LT-20260328-091741
2026-03-28 10:52:22.829,5,PO,112060,1,0,662,5681.1,LT-20260328-091741
2026-03-28 10:52:23.530,5,PO,112061,1,0,699,5681.8,LT-20260328-091741
2026-03-28 10:52:24.412,5,PO,112062,1,0,880,5682.7,LT-20260328-091741
2026-03-28 10:52:25.183,5,PO,112063,1,0,770,5683.4,LT-20260328-091741
2026-03-28 10:52:25.853,5,PO,112064,1,0,668,5684.1,LT-20260328-091741
2026-03-28 10:52:26.560,5,PO,112065,1,0,705,5684.8,LT-20260328-091741
2026-03-28 10:52:27.245,5,PO,112066,1,0,682,5685.5,LT-20260328-091741
2026-03-28 10:52:27.733,5,PO,112067,1,0,486,5686,LT-20260328-091741
2026-03-28 10:52:28.237,5,PO,112068,1,0,503,5686.5,LT-20260328-091741
2026-03-28 10:52:28.717,5,PO,112069,1,0,478,5687,LT-20260328-091741
2026-03-28 10:52:29.206,5,PO,112070,1,0,488,5687.5,LT-20260328-091741
2026-03-28 10:52:29.678,5,PO,112071,1,0,471,5687.9,LT-20260328-091741
2026-03-28 10:52:30.175,5,PO,112072,1,0,496,5688.4,LT-20260328-091741
2026-03-28 10:52:30.658,5,PO,112073,1,0,481,5688.9,LT-20260328-091741
2026-03-28 10:52:31.146,5,PO,112074,1,0,485,5689.4,LT-20260328-091741
2026-03-28 10:52:31.679,5,PO,112075,1,0,532,5689.9,LT-20260328-091741
2026-03-28 10:52:32.163,5,PO,112076,1,0,483,5690.4,LT-20260328-091741
2026-03-28 10:52:32.649,5,PO,112077,1,0,484,5690.9,LT-20260328-091741
2026-03-28 10:52:33.126,5,PO,112078,1,0,473,5691.4,LT-20260328-091741
2026-03-28 10:52:33.598,5,PO,112079,1,0,470,5691.8,LT-20260328-091741
2026-03-28 10:52:34.092,5,PO,112080,1,0,492,5692.3,LT-20260328-091741
2026-03-28 10:52:34.551,5,PO,112081,1,0,458,5692.8,LT-20260328-091741
2026-03-28 10:52:35.041,5,PO,112082,1,0,487,5693.3,LT-20260328-091741
2026-03-28 10:52:35.525,5,PO,112083,1,0,480,5693.8,LT-20260328-091741
2026-03-28 10:52:36.013,5,PO,112084,1,0,487,5694.3,LT-20260328-091741
2026-03-28 10:52:36.488,5,PO,112085,1,0,474,5694.7,LT-20260328-091741
2026-03-28 10:52:36.962,5,PO,112086,1,0,472,5695.2,LT-20260328-091741
2026-03-28 10:52:37.475,5,PO,112087,1,0,511,5695.7,LT-20260328-091741
2026-03-28 10:52:37.993,5,PO,112088,1,0,516,5696.2,LT-20260328-091741
2026-03-28 10:52:38.477,5,PO,112089,1,0,482,5696.7,LT-20260328-091741
2026-03-28 10:52:38.986,5,PO,112090,1,0,506,5697.2,LT-20260328-091741
2026-03-28 10:52:39.490,5,PO,112091,1,0,503,5697.7,LT-20260328-091741
2026-03-28 10:52:39.976,5,PO,112092,1,0,485,5698.2,LT-20260328-091741
2026-03-28 10:52:40.475,5,PO,112093,1,0,497,5698.7,LT-20260328-091741
2026-03-28 10:52:40.988,5,PO,112094,1,0,511,5699.2,LT-20260328-091741
2026-03-28 10:52:41.488,5,PO,112095,1,0,499,5699.7,LT-20260328-091741
2026-03-28 10:52:41.955,5,PO,112096,1,0,465,5700.2,LT-20260328-091741
2026-03-28 10:52:42.432,5,PO,112097,1,0,476,5700.7,LT-20260328-091741
2026-03-28 10:52:42.992,5,PO,112098,1,0,557,5701.2,LT-20260328-091741
2026-03-28 10:52:43.475,5,PO,112099,1,0,482,5701.7,LT-20260328-091741
2026-03-28 10:52:43.946,5,PO,112100,1,0,469,5702.2,LT-20260328-091741
2026-03-28 10:52:44.438,5,PO,112101,1,0,490,5702.7,LT-20260328-091741
2026-03-28 10:52:44.995,5,PO,112102,1,0,554,5703.2,LT-20260328-091741
2026-03-28 10:52:45.504,5,PO,112103,1,0,507,5703.7,LT-20260328-091741
2026-03-28 10:52:46.190,5,PO,112104,1,0,685,5704.4,LT-20260328-091741
2026-03-28 10:52:46.738,5,PO,112105,1,0,546,5705,LT-20260328-091741
2026-03-28 10:52:47.267,5,PO,112106,1,0,527,5705.5,LT-20260328-091741
2026-03-28 10:52:47.955,5,PO,112107,1,0,686,5706.2,LT-20260328-091741
2026-03-28 10:52:48.622,5,PO,112108,1,0,664,5706.9,LT-20260328-091741
2026-03-28 10:52:49.290,5,PO,112109,1,0,666,5707.5,LT-20260328-091741
2026-03-28 10:52:49.961,5,PO,112110,1,0,670,5708.2,LT-20260328-091741
2026-03-28 10:52:50.679,5,PO,112111,1,0,716,5708.9,LT-20260328-091741
2026-03-28 10:52:51.354,5,PO,112112,1,0,673,5709.6,LT-20260328-091741
2026-03-28 10:52:52.082,5,PO,112113,1,0,726,5710.3,LT-20260328-091741
2026-03-28 10:52:52.764,5,PO,112114,1,0,680,5711,LT-20260328-091741
2026-03-28 10:52:53.436,5,PO,112115,1,0,670,5711.7,LT-20260328-091741
2026-03-28 10:52:54.107,5,PO,112116,1,0,670,5712.4,LT-20260328-091741
2026-03-28 10:52:54.770,5,PO,112117,1,0,661,5713,LT-20260328-091741
2026-03-28 10:52:55.453,5,PO,112118,1,0,681,5713.7,LT-20260328-091741
2026-03-28 10:52:56.136,5,PO,112119,1,0,681,5714.4,LT-20260328-091741
2026-03-28 10:52:56.803,5,PO,112120,1,0,665,5715,LT-20260328-091741
2026-03-28 10:52:57.432,5,PO,112121,1,0,628,5715.7,LT-20260328-091741
2026-03-28 10:52:57.920,5,PO,112122,1,0,486,5716.2,LT-20260328-091741
2026-03-28 10:52:58.407,5,PO,112123,1,0,485,5716.7,LT-20260328-091741
2026-03-28 10:52:58.899,5,PO,112124,1,0,490,5717.1,LT-20260328-091741
2026-03-28 10:52:59.416,5,PO,112125,1,0,513,5717.7,LT-20260328-091741
2026-03-28 10:52:59.924,5,PO,112126,1,0,505,5718.2,LT-20260328-091741
2026-03-28 10:53:00.454,5,PO,112127,1,0,527,5718.7,LT-20260328-091741
2026-03-28 10:53:00.986,5,PO,112128,1,0,528,5719.2,LT-20260328-091741
2026-03-28 10:53:01.511,5,PO,112129,1,0,523,5719.8,LT-20260328-091741
2026-03-28 10:53:02.017,5,PO,112130,1,0,503,5720.3,LT-20260328-091741
2026-03-28 10:53:02.541,5,PO,112131,1,0,521,5720.8,LT-20260328-091741
2026-03-28 10:53:03.065,5,PO,112132,1,0,520,5721.3,LT-20260328-091741
2026-03-28 10:53:03.592,5,PO,112133,1,0,524,5721.8,LT-20260328-091741
2026-03-28 10:53:04.094,5,PO,112134,1,0,501,5722.3,LT-20260328-091741
2026-03-28 10:53:04.574,5,PO,112135,1,0,477,5722.8,LT-20260328-091741
2026-03-28 10:53:05.067,5,PO,112136,1,0,491,5723.3,LT-20260328-091741
2026-03-28 10:53:05.576,5,PO,112137,1,0,506,5723.8,LT-20260328-091741
2026-03-28 10:53:06.082,5,PO,112138,1,0,502,5724.3,LT-20260328-091741
2026-03-28 10:53:06.584,5,PO,112139,1,0,494,5724.8,LT-20260328-091741
2026-03-28 10:53:07.103,5,PO,112140,1,0,516,5725.3,LT-20260328-091741
2026-03-28 10:53:07.759,5,PO,112141,1,0,652,5726,LT-20260328-091741
2026-03-28 10:53:08.459,5,PO,112142,1,0,697,5726.7,LT-20260328-091741
2026-03-28 10:53:09.154,5,PO,112143,1,0,691,5727.4,LT-20260328-091741
2026-03-28 10:53:09.828,5,PO,112144,1,0,672,5728.1,LT-20260328-091741
2026-03-28 10:53:10.500,5,PO,112145,1,0,670,5728.7,LT-20260328-091741
2026-03-28 10:53:11.180,5,PO,112146,1,0,679,5729.4,LT-20260328-091741
2026-03-28 10:53:11.876,5,PO,112147,1,0,692,5730.1,LT-20260328-091741
2026-03-28 10:53:12.700,5,PO,112148,1,0,820,5730.9,LT-20260328-091741
2026-03-28 10:53:13.358,5,PO,112149,1,0,653,5731.6,LT-20260328-091741
2026-03-28 10:53:14.031,5,PO,112150,1,0,671,5732.3,LT-20260328-091741
2026-03-28 10:53:14.716,5,PO,112151,1,0,681,5733,LT-20260328-091741
2026-03-28 10:53:15.374,5,PO,112152,1,0,656,5733.6,LT-20260328-091741
2026-03-28 10:53:16.027,5,PO,112153,1,0,651,5734.3,LT-20260328-091741
2026-03-28 10:53:16.704,5,PO,112154,1,0,674,5734.9,LT-20260328-091741
2026-03-28 10:53:17.387,5,PO,112155,1,0,680,5735.6,LT-20260328-091741
2026-03-28 10:53:17.904,5,PO,112156,1,0,514,5736.1,LT-20260328-091741
2026-03-28 10:53:18.399,5,PO,112157,1,0,491,5736.6,LT-20260328-091741
2026-03-28 10:53:18.892,5,PO,112158,1,0,490,5737.1,LT-20260328-091741
2026-03-28 10:53:19.389,5,PO,112159,1,0,494,5737.6,LT-20260328-091741
2026-03-28 10:53:19.866,5,PO,112160,1,0,475,5738.1,LT-20260328-091741
2026-03-28 10:53:20.346,5,PO,112161,1,0,478,5738.6,LT-20260328-091741
2026-03-28 10:53:20.828,5,PO,112162,1,0,481,5739.1,LT-20260328-091741
2026-03-28 10:53:21.315,5,PO,112163,1,0,483,5739.6,LT-20260328-091741
2026-03-28 10:53:21.812,5,PO,112164,1,0,495,5740.1,LT-20260328-091741
2026-03-28 10:53:22.313,5,PO,112165,1,0,498,5740.6,LT-20260328-091741
2026-03-28 10:53:22.818,5,PO,112166,1,0,502,5741.1,LT-20260328-091741
2026-03-28 10:53:23.312,5,PO,112167,1,0,490,5741.6,LT-20260328-091741
2026-03-28 10:53:23.802,5,PO,112168,1,0,487,5742,LT-20260328-091741
2026-03-28 10:53:24.305,5,PO,112169,1,0,500,5742.6,LT-20260328-091741
2026-03-28 10:53:24.806,5,PO,112170,1,0,497,5743.1,LT-20260328-091741
2026-03-28 10:53:25.311,5,PO,112171,1,0,502,5743.6,LT-20260328-091741
2026-03-28 10:53:25.809,5,PO,112172,1,0,493,5744.1,LT-20260328-091741
2026-03-28 10:53:26.295,5,PO,112173,1,0,483,5744.5,LT-20260328-091741
2026-03-28 10:53:26.858,5,PO,112174,1,0,560,5745.1,LT-20260328-091741
2026-03-28 10:53:27.458,5,PO,112175,1,0,595,5745.7,LT-20260328-091741
2026-03-28 10:53:28.193,5,PO,112176,1,0,727,5746.4,LT-20260328-091741
2026-03-28 10:53:28.901,5,PO,112177,1,0,705,5747.1,LT-20260328-091741
2026-03-28 10:53:29.586,5,PO,112178,1,0,683,5747.8,LT-20260328-091741
2026-03-28 10:53:30.296,5,PO,112179,1,0,706,5748.5,LT-20260328-091741
2026-03-28 10:53:31.009,5,PO,112180,1,0,709,5749.3,LT-20260328-091741
2026-03-28 10:53:31.722,5,PO,112181,1,0,710,5750,LT-20260328-091741
2026-03-28 10:53:32.398,5,PO,112182,1,0,672,5750.6,LT-20260328-091741
2026-03-28 10:53:33.083,5,PO,112183,1,0,682,5751.3,LT-20260328-091741
2026-03-28 10:53:33.768,5,PO,112184,1,0,681,5752,LT-20260328-091741
2026-03-28 10:53:34.464,5,PO,112185,1,0,693,5752.7,LT-20260328-091741
2026-03-28 10:53:35.126,5,PO,112186,1,0,661,5753.4,LT-20260328-091741
2026-03-28 10:53:35.805,5,PO,112187,1,0,677,5754.1,LT-20260328-091741
2026-03-28 10:53:36.501,5,PO,112188,1,0,692,5754.7,LT-20260328-091741
2026-03-28 10:53:37.196,5,PO,112189,1,0,692,5755.4,LT-20260328-091741
2026-03-28 10:53:37.772,5,PO,112190,1,0,573,5756,LT-20260328-091741
2026-03-28 10:53:38.295,5,PO,112191,1,0,519,5756.5,LT-20260328-091741
2026-03-28 10:53:38.779,5,PO,112192,1,0,481,5757,LT-20260328-091741
2026-03-28 10:53:39.300,5,PO,112193,1,0,517,5757.5,LT-20260328-091741
2026-03-28 10:53:39.784,5,PO,112194,1,0,482,5758,LT-20260328-091741
2026-03-28 10:53:40.270,5,PO,112195,1,0,484,5758.5,LT-20260328-091741
2026-03-28 10:53:40.769,5,PO,112196,1,0,496,5759,LT-20260328-091741
2026-03-28 10:53:41.276,5,PO,112197,1,0,505,5759.5,LT-20260328-091741
2026-03-28 10:53:41.794,5,PO,112198,1,0,515,5760,LT-20260328-091741
2026-03-28 10:53:42.294,5,PO,112199,1,0,497,5760.5,LT-20260328-091741
2026-03-28 10:53:42.800,5,PO,112200,1,0,504,5761,LT-20260328-091741
2026-03-28 10:53:43.341,5,PO,112201,1,0,537,5761.6,LT-20260328-091741
2026-03-28 10:53:43.844,5,PO,112202,1,0,500,5762.1,LT-20260328-091741
2026-03-28 10:53:44.357,5,PO,112203,1,0,510,5762.6,LT-20260328-091741
2026-03-28 10:53:44.853,5,PO,112204,1,0,494,5763.1,LT-20260328-091741
2026-03-28 10:53:45.326,5,PO,112205,1,0,471,5763.6,LT-20260328-091741
2026-03-28 10:53:45.807,5,PO,112206,1,0,479,5764.1,LT-20260328-091741
2026-03-28 10:53:46.325,5,PO,112207,1,0,515,5764.6,LT-20260328-091741
2026-03-28 10:53:46.823,5,PO,112208,1,0,494,5765.1,LT-20260328-091741
2026-03-28 10:53:47.324,5,PO,112209,1,0,498,5765.6,LT-20260328-091741
2026-03-28 10:53:48.033,5,PO,112210,1,0,705,5766.3,LT-20260328-091741
2026-03-28 10:53:48.736,5,PO,112211,1,0,699,5767,LT-20260328-091741
2026-03-28 10:53:49.415,5,PO,112212,1,0,676,5767.7,LT-20260328-091741
2026-03-28 10:53:50.104,5,PO,112213,1,0,686,5768.3,LT-20260328-091741
2026-03-28 10:53:50.809,5,PO,112214,1,0,702,5769.1,LT-20260328-091741
2026-03-28 10:53:51.489,5,PO,112215,1,0,676,5769.7,LT-20260328-091741
2026-03-28 10:53:52.183,5,PO,112216,1,0,692,5770.4,LT-20260328-091741
2026-03-28 10:53:52.890,5,PO,112217,1,0,704,5771.1,LT-20260328-091741
2026-03-28 10:53:53.590,5,PO,112218,1,0,698,5771.8,LT-20260328-091741
2026-03-28 10:53:54.295,5,PO,112219,1,0,699,5772.5,LT-20260328-091741
2026-03-28 10:53:55.004,5,PO,112220,1,0,707,5773.2,LT-20260328-091741
2026-03-28 10:53:55.697,5,PO,112221,1,0,690,5773.9,LT-20260328-091741
2026-03-28 10:53:56.394,5,PO,112222,1,0,693,5774.6,LT-20260328-091741
2026-03-28 10:53:57.080,5,PO,112223,1,0,683,5775.3,LT-20260328-091741
2026-03-28 10:53:57.672,5,PO,112224,1,0,589,5775.9,LT-20260328-091741
2026-03-28 10:53:58.172,5,PO,112225,1,0,497,5776.4,LT-20260328-091741
2026-03-28 10:53:58.697,5,PO,112226,1,0,522,5776.9,LT-20260328-091741
2026-03-28 10:53:59.237,5,PO,112227,1,0,537,5777.5,LT-20260328-091741
2026-03-28 10:53:59.720,5,PO,112228,1,0,480,5778,LT-20260328-091741
2026-03-28 10:54:00.182,5,PO,112229,1,0,461,5778.4,LT-20260328-091741
2026-03-28 10:54:00.666,5,PO,112230,1,0,483,5778.9,LT-20260328-091741
2026-03-28 10:54:01.172,5,PO,112231,1,0,505,5779.4,LT-20260328-091741
2026-03-28 10:54:01.671,5,PO,112232,1,0,495,5779.9,LT-20260328-091741
2026-03-28 10:54:02.182,5,PO,112233,1,0,509,5780.4,LT-20260328-091741
2026-03-28 10:54:02.707,5,PO,112234,1,0,522,5781,LT-20260328-091741
2026-03-28 10:54:03.211,5,PO,112235,1,0,502,5781.5,LT-20260328-091741
2026-03-28 10:54:03.735,5,PO,112236,1,0,515,5782,LT-20260328-091741
2026-03-28 10:54:04.261,5,PO,112237,1,0,522,5782.5,LT-20260328-091741
2026-03-28 10:54:04.759,5,PO,112238,1,0,493,5783,LT-20260328-091741
2026-03-28 10:54:05.269,5,PO,112239,1,0,507,5783.5,LT-20260328-091741
2026-03-28 10:54:05.781,5,PO,112240,1,0,509,5784,LT-20260328-091741
2026-03-28 10:54:06.277,5,PO,112241,1,0,492,5784.5,LT-20260328-091741
2026-03-28 10:54:06.782,5,PO,112242,1,0,501,5785,LT-20260328-091741
2026-03-28 10:54:07.300,5,PO,112243,1,0,514,5785.5,LT-20260328-091741
2026-03-28 10:54:08.019,5,PO,112244,1,0,717,5786.3,LT-20260328-091741
2026-03-28 10:54:08.718,5,PO,112245,1,0,696,5787,LT-20260328-091741
2026-03-28 10:54:09.471,5,PO,112246,1,0,751,5787.7,LT-20260328-091741
2026-03-28 10:54:10.157,5,PO,112247,1,0,682,5788.4,LT-20260328-091741
2026-03-28 10:54:10.906,5,PO,112248,1,0,747,5789.2,LT-20260328-091741
2026-03-28 10:54:11.602,5,PO,112249,1,0,692,5789.8,LT-20260328-091741
2026-03-28 10:54:12.269,5,PO,112250,1,0,664,5790.5,LT-20260328-091741
2026-03-28 10:54:13.078,5,PO,112251,1,0,806,5791.3,LT-20260328-091741
2026-03-28 10:54:13.947,5,PO,112252,1,0,865,5792.2,LT-20260328-091741
2026-03-28 10:54:14.630,5,PO,112253,1,0,680,5792.9,LT-20260328-091741
2026-03-28 10:54:15.323,5,PO,112254,1,0,690,5793.6,LT-20260328-091741
2026-03-28 10:54:16.011,5,PO,112255,1,0,684,5794.3,LT-20260328-091741
2026-03-28 10:54:16.702,5,PO,112256,1,0,689,5794.9,LT-20260328-091741
2026-03-28 10:54:17.390,5,PO,112257,1,0,685,5795.6,LT-20260328-091741
2026-03-28 10:54:18.091,5,PO,112258,1,0,697,5796.3,LT-20260328-091741
2026-03-28 10:54:18.803,5,PO,112259,1,0,708,5797,LT-20260328-091741
2026-03-28 10:54:19.492,5,PO,112260,1,0,685,5797.7,LT-20260328-091741
2026-03-28 10:54:20.183,5,PO,112261,1,0,688,5798.4,LT-20260328-091741
2026-03-28 10:54:20.873,5,PO,112262,1,0,686,5799.1,LT-20260328-091741
2026-03-28 10:54:21.570,5,PO,112263,1,0,694,5799.8,LT-20260328-091741
2026-03-28 10:54:22.256,5,PO,112264,1,0,683,5800.5,LT-20260328-091741
2026-03-28 10:54:22.966,5,PO,112265,1,0,705,5801.2,LT-20260328-091741
2026-03-28 10:54:23.647,5,PO,112266,1,0,679,5801.9,LT-20260328-091741
2026-03-28 10:54:24.318,5,PO,112267,1,0,667,5802.6,LT-20260328-091741
2026-03-28 10:54:24.982,5,PO,112268,1,0,662,5803.2,LT-20260328-091741
2026-03-28 10:54:25.736,5,PO,112269,1,0,751,5804,LT-20260328-091741
2026-03-28 10:54:26.556,5,PO,112270,1,0,816,5804.8,LT-20260328-091741
2026-03-28 10:54:27.230,5,PO,112271,1,0,672,5805.5,LT-20260328-091741
2026-03-28 10:54:27.916,5,PO,112272,1,0,683,5806.2,LT-20260328-091741
2026-03-28 10:54:28.621,5,PO,112273,1,0,702,5806.9,LT-20260328-091741
2026-03-28 10:54:29.326,5,PO,112274,1,0,703,5807.6,LT-20260328-091741
2026-03-28 10:54:30.012,5,PO,112275,1,0,682,5808.3,LT-20260328-091741
2026-03-28 10:54:30.711,5,PO,112276,1,0,696,5809,LT-20260328-091741
2026-03-28 10:54:31.392,5,PO,112277,1,0,678,5809.6,LT-20260328-091741
2026-03-28 10:54:32.084,5,PO,112278,1,0,688,5810.3,LT-20260328-091741
2026-03-28 10:54:32.774,5,PO,112279,1,0,687,5811,LT-20260328-091741
2026-03-28 10:54:33.589,5,PO,112280,1,0,813,5811.8,LT-20260328-091741
2026-03-28 10:54:34.419,5,PO,112281,1,0,827,5812.7,LT-20260328-091741
2026-03-28 10:54:35.129,5,PO,112282,1,0,707,5813.4,LT-20260328-091741
2026-03-28 10:54:35.823,5,PO,112283,1,0,692,5814.1,LT-20260328-091741
2026-03-28 10:54:36.524,5,PO,112284,1,0,697,5814.8,LT-20260328-091741
2026-03-28 10:54:37.230,5,PO,112285,1,0,703,5815.5,LT-20260328-091741
2026-03-28 10:54:37.727,5,PO,112286,1,0,492,5816,LT-20260328-091741
2026-03-28 10:54:38.383,5,PO,112287,1,0,653,5816.6,LT-20260328-091741
2026-03-28 10:54:38.969,5,PO,112288,1,0,582,5817.2,LT-20260328-091741
2026-03-28 10:54:39.472,5,PO,112289,1,0,500,5817.7,LT-20260328-091741
2026-03-28 10:54:39.966,5,PO,112290,1,0,492,5818.2,LT-20260328-091741
2026-03-28 10:54:40.488,5,PO,112291,1,0,519,5818.7,LT-20260328-091741
2026-03-28 10:54:40.991,5,PO,112292,1,0,500,5819.2,LT-20260328-091741
2026-03-28 10:54:41.511,5,PO,112293,1,0,516,5819.8,LT-20260328-091741
2026-03-28 10:54:42.012,5,PO,112294,1,0,498,5820.3,LT-20260328-091741
2026-03-28 10:54:42.511,5,PO,112295,1,0,495,5820.8,LT-20260328-091741
2026-03-28 10:54:42.998,5,PO,112296,1,0,484,5821.2,LT-20260328-091741
2026-03-28 10:54:43.503,5,PO,112297,1,0,501,5821.7,LT-20260328-091741
2026-03-28 10:54:44.003,5,PO,112298,1,0,496,5822.2,LT-20260328-091741
2026-03-28 10:54:44.573,5,PO,112299,1,0,567,5822.8,LT-20260328-091741
2026-03-28 10:54:45.133,5,PO,112300,1,0,556,5823.4,LT-20260328-091741
2026-03-28 10:54:45.613,5,PO,112301,1,0,478,5823.9,LT-20260328-091741
2026-03-28 10:54:46.112,5,PO,112302,1,0,497,5824.4,LT-20260328-091741
2026-03-28 10:54:46.614,5,PO,112303,1,0,500,5824.9,LT-20260328-091741
2026-03-28 10:54:47.139,5,PO,112304,1,0,523,5825.4,LT-20260328-091741
2026-03-28 10:54:47.651,5,PO,112305,1,0,508,5825.9,LT-20260328-091741
2026-03-28 10:54:48.158,5,PO,112306,1,0,505,5826.4,LT-20260328-091741
2026-03-28 10:54:48.678,5,PO,112307,1,0,517,5826.9,LT-20260328-091741
2026-03-28 10:54:49.181,5,PO,112308,1,0,500,5827.4,LT-20260328-091741
2026-03-28 10:54:49.685,5,PO,112309,1,0,501,5827.9,LT-20260328-091741
2026-03-28 10:54:50.438,5,PO,112310,1,0,750,5828.7,LT-20260328-091741
2026-03-28 10:54:51.017,5,PO,112311,1,0,576,5829.3,LT-20260328-091741
2026-03-28 10:54:51.537,5,PO,112312,1,0,517,5829.8,LT-20260328-091741
2026-03-28 10:54:52.038,5,PO,112313,1,0,497,5830.3,LT-20260328-091741
2026-03-28 10:54:52.557,5,PO,112314,1,0,515,5830.8,LT-20260328-091741
2026-03-28 10:54:53.121,5,PO,112315,1,0,561,5831.4,LT-20260328-091741
2026-03-28 10:54:53.630,5,PO,112316,1,0,505,5831.9,LT-20260328-091741
2026-03-28 10:54:54.126,5,PO,112317,1,0,494,5832.4,LT-20260328-091741
2026-03-28 10:54:54.636,5,PO,112318,1,0,507,5832.9,LT-20260328-091741
2026-03-28 10:54:55.176,5,PO,112319,1,0,538,5833.4,LT-20260328-091741
2026-03-28 10:54:55.675,5,PO,112320,1,0,495,5833.9,LT-20260328-091741
2026-03-28 10:54:56.184,5,PO,112321,1,0,506,5834.4,LT-20260328-091741
2026-03-28 10:54:56.696,5,PO,112322,1,0,510,5834.9,LT-20260328-091741
2026-03-28 10:54:57.194,5,PO,112323,1,0,494,5835.4,LT-20260328-091741
2026-03-28 10:54:57.719,5,PO,112324,1,0,522,5836,LT-20260328-091741
2026-03-28 10:54:58.242,5,PO,112325,1,0,520,5836.5,LT-20260328-091741
2026-03-28 10:54:58.738,5,PO,112326,1,0,491,5837,LT-20260328-091741
2026-03-28 10:54:59.264,5,PO,112327,1,0,523,5837.5,LT-20260328-091741
2026-03-28 10:54:59.813,5,PO,112328,1,0,546,5838.1,LT-20260328-091741
2026-03-28 10:55:00.335,5,PO,112329,1,0,518,5838.6,LT-20260328-091741
2026-03-28 10:55:00.856,5,PO,112330,1,0,518,5839.1,LT-20260328-091741
2026-03-28 10:55:01.384,5,PO,112331,1,0,524,5839.6,LT-20260328-091741
2026-03-28 10:55:01.946,5,PO,112332,1,0,559,5840.2,LT-20260328-091741
2026-03-28 10:55:02.469,5,PO,112333,1,0,517,5840.7,LT-20260328-091741
2026-03-28 10:55:03.012,5,PO,112334,1,0,539,5841.3,LT-20260328-091741
2026-03-28 10:55:03.567,5,PO,112335,1,0,552,5841.8,LT-20260328-091741
2026-03-28 10:55:04.091,5,PO,112336,1,0,520,5842.3,LT-20260328-091741
2026-03-28 10:55:04.793,5,PO,112337,1,0,698,5843,LT-20260328-091741
2026-03-28 10:55:05.317,5,PO,112338,1,0,520,5843.6,LT-20260328-091741
2026-03-28 10:55:06.012,5,PO,112339,1,0,692,5844.3,LT-20260328-091741
2026-03-28 10:55:06.718,5,PO,112340,1,0,702,5845,LT-20260328-091741
2026-03-28 10:55:07.371,5,PO,112341,1,0,649,5845.6,LT-20260328-091741
2026-03-28 10:55:08.014,5,PO,112342,1,0,640,5846.3,LT-20260328-091741
2026-03-28 10:55:08.598,5,PO,112343,1,0,580,5846.8,LT-20260328-091741
2026-03-28 10:55:09.197,5,PO,112344,1,0,596,5847.4,LT-20260328-091741
2026-03-28 10:55:09.793,5,PO,112345,1,0,594,5848,LT-20260328-091741
2026-03-28 10:55:10.487,5,PO,112346,1,0,692,5848.7,LT-20260328-091741
2026-03-28 10:55:11.061,5,PO,112347,1,0,572,5849.3,LT-20260328-091741
2026-03-28 10:55:11.607,5,PO,112348,1,0,543,5849.9,LT-20260328-091741
2026-03-28 10:55:12.129,5,PO,112349,1,0,519,5850.4,LT-20260328-091741
2026-03-28 10:55:12.665,5,PO,112350,1,0,533,5850.9,LT-20260328-091741
2026-03-28 10:55:13.175,5,PO,112351,1,0,507,5851.4,LT-20260328-091741
2026-03-28 10:55:14.171,5,PO,112352,1,0,992,5852.4,LT-20260328-091741
2026-03-28 10:55:14.802,5,PO,112353,1,0,628,5853,LT-20260328-091741
2026-03-28 10:55:15.546,5,PO,112354,1,0,741,5853.8,LT-20260328-091741
2026-03-28 10:55:16.377,5,PO,112355,1,0,829,5854.6,LT-20260328-091741
2026-03-28 10:55:16.954,5,PO,112356,1,0,574,5855.2,LT-20260328-091741
2026-03-28 10:55:17.495,5,PO,112357,1,0,538,5855.7,LT-20260328-091741
2026-03-28 10:55:18.015,5,PO,112358,1,0,517,5856.3,LT-20260328-091741
2026-03-28 10:55:18.544,5,PO,112359,1,0,527,5856.8,LT-20260328-091741
2026-03-28 10:55:19.056,5,PO,112360,1,0,508,5857.3,LT-20260328-091741
2026-03-28 10:55:19.644,5,PO,112361,1,0,585,5857.9,LT-20260328-091741
2026-03-28 10:55:20.137,5,PO,112362,1,0,489,5858.4,LT-20260328-091741
2026-03-28 10:55:20.632,5,PO,112363,1,0,493,5858.9,LT-20260328-091741
2026-03-28 10:55:21.137,5,PO,112364,1,0,501,5859.4,LT-20260328-091741
2026-03-28 10:55:21.693,5,PO,112365,1,0,553,5859.9,LT-20260328-091741
2026-03-28 10:55:22.476,5,PO,112366,1,0,779,5860.7,LT-20260328-091741
2026-03-28 10:55:23.261,5,PO,112367,1,0,781,5861.5,LT-20260328-091741
2026-03-28 10:55:24.039,5,PO,112368,1,0,775,5862.3,LT-20260328-091741
2026-03-28 10:55:24.718,5,PO,112369,1,0,675,5863,LT-20260328-091741
2026-03-28 10:55:25.259,5,PO,112370,1,0,538,5863.5,LT-20260328-091741
2026-03-28 10:55:25.768,5,PO,112371,1,0,505,5864,LT-20260328-091741
2026-03-28 10:55:26.306,5,PO,112372,1,0,535,5864.6,LT-20260328-091741
2026-03-28 10:55:27.012,5,PO,112373,1,0,702,5865.3,LT-20260328-091741
2026-03-28 10:55:27.544,5,PO,112374,1,0,529,5865.8,LT-20260328-091741
2026-03-28 10:55:28.051,5,PO,112375,1,0,504,5866.3,LT-20260328-091741
2026-03-28 10:55:28.780,5,PO,112376,1,0,726,5867,LT-20260328-091741
2026-03-28 10:55:29.550,5,PO,112377,1,0,767,5867.8,LT-20260328-091741
2026-03-28 10:55:30.466,5,PO,112378,1,0,913,5868.7,LT-20260328-091741
2026-03-28 10:55:31.189,5,PO,112379,1,0,720,5869.4,LT-20260328-091741
2026-03-28 10:55:31.890,5,PO,112380,1,0,695,5870.1,LT-20260328-091741
2026-03-28 10:55:32.589,5,PO,112381,1,0,695,5870.8,LT-20260328-091741
2026-03-28 10:55:33.424,5,PO,112382,1,0,831,5871.7,LT-20260328-091741
2026-03-28 10:55:34.410,5,PO,112383,1,0,982,5872.7,LT-20260328-091741
2026-03-28 10:55:35.099,5,PO,112384,1,0,686,5873.3,LT-20260328-091741
2026-03-28 10:55:35.814,5,PO,112385,1,0,712,5874.1,LT-20260328-091741
2026-03-28 10:55:36.514,5,PO,112386,1,0,697,5874.8,LT-20260328-091741
2026-03-28 10:55:37.224,5,PO,112387,1,0,706,5875.5,LT-20260328-091741
2026-03-28 10:55:37.932,5,PO,112388,1,0,704,5876.2,LT-20260328-091741
2026-03-28 10:55:38.662,5,PO,112389,1,0,726,5876.9,LT-20260328-091741
2026-03-28 10:55:39.361,5,PO,112390,1,0,696,5877.6,LT-20260328-091741
2026-03-28 10:55:40.061,5,PO,112391,1,0,698,5878.3,LT-20260328-091741
2026-03-28 10:55:40.774,5,PO,112392,1,0,710,5879,LT-20260328-091741
2026-03-28 10:55:41.685,5,PO,112393,1,0,906,5879.9,LT-20260328-091741
2026-03-28 10:55:42.459,5,PO,112394,1,0,769,5880.7,LT-20260328-091741
2026-03-28 10:55:43.160,5,PO,112395,1,0,699,5881.4,LT-20260328-091741
2026-03-28 10:55:43.890,5,PO,112396,1,0,727,5882.1,LT-20260328-091741
2026-03-28 10:55:44.596,5,PO,112397,1,0,703,5882.8,LT-20260328-091741
2026-03-28 10:55:45.292,5,PO,112398,1,0,693,5883.5,LT-20260328-091741
2026-03-28 10:55:45.992,5,PO,112399,1,0,696,5884.2,LT-20260328-091741
2026-03-28 10:55:46.706,5,PO,112400,1,0,710,5885,LT-20260328-091741
2026-03-28 10:55:47.402,5,PO,112401,1,0,693,5885.6,LT-20260328-091741
2026-03-28 10:55:48.087,5,PO,112402,1,0,682,5886.3,LT-20260328-091741
2026-03-28 10:55:48.800,5,PO,112403,1,0,710,5887,LT-20260328-091741
2026-03-28 10:55:49.503,5,PO,112404,1,0,700,5887.7,LT-20260328-091741
2026-03-28 10:55:50.181,5,PO,112405,1,0,676,5888.4,LT-20260328-091741
2026-03-28 10:55:50.879,5,PO,112406,1,0,694,5889.1,LT-20260328-091741
2026-03-28 10:55:51.572,5,PO,112407,1,0,690,5889.8,LT-20260328-091741
2026-03-28 10:55:52.262,5,PO,112408,1,0,687,5890.5,LT-20260328-091741
2026-03-28 10:55:52.952,5,PO,112409,1,0,687,5891.2,LT-20260328-091741
2026-03-28 10:55:53.636,5,PO,112410,1,0,680,5891.9,LT-20260328-091741
2026-03-28 10:55:54.295,5,PO,112411,1,0,655,5892.5,LT-20260328-091741
2026-03-28 10:55:54.975,5,PO,112412,1,0,678,5893.2,LT-20260328-091741
2026-03-28 10:55:55.649,5,PO,112413,1,0,673,5893.9,LT-20260328-091741
2026-03-28 10:55:56.342,5,PO,112414,1,0,689,5894.6,LT-20260328-091741
2026-03-28 10:55:57.036,5,PO,112415,1,0,691,5895.3,LT-20260328-091741
2026-03-28 10:55:57.744,5,PO,112416,1,0,705,5896,LT-20260328-091741
2026-03-28 10:55:58.436,5,PO,112417,1,0,689,5896.7,LT-20260328-091741
2026-03-28 10:55:58.939,5,PO,112418,1,0,500,5897.2,LT-20260328-091741
2026-03-28 10:55:59.454,5,PO,112419,1,0,504,5897.7,LT-20260328-091741
2026-03-28 10:55:59.948,5,PO,112420,1,0,491,5898.2,LT-20260328-091741
2026-03-28 10:56:00.439,5,PO,112421,1,0,488,5898.7,LT-20260328-091741
2026-03-28 10:56:00.923,5,PO,112422,1,0,483,5899.2,LT-20260328-091741
2026-03-28 10:56:01.418,5,PO,112423,1,0,493,5899.7,LT-20260328-091741
2026-03-28 10:56:01.883,5,PO,112424,1,0,463,5900.1,LT-20260328-091741
2026-03-28 10:56:02.375,5,PO,112425,1,0,491,5900.6,LT-20260328-091741
2026-03-28 10:56:02.862,5,PO,112426,1,0,485,5901.1,LT-20260328-091741
2026-03-28 10:56:03.343,5,PO,112427,1,0,480,5901.6,LT-20260328-091741
2026-03-28 10:56:03.871,5,PO,112428,1,0,525,5902.1,LT-20260328-091741
2026-03-28 10:56:04.409,5,PO,112429,1,0,535,5902.7,LT-20260328-091741
2026-03-28 10:56:04.926,5,PO,112430,1,0,514,5903.2,LT-20260328-091741
2026-03-28 10:56:05.416,5,PO,112431,1,0,488,5903.7,LT-20260328-091741
2026-03-28 10:56:05.932,5,PO,112432,1,0,512,5904.2,LT-20260328-091741
2026-03-28 10:56:06.445,5,PO,112433,1,0,509,5904.7,LT-20260328-091741
2026-03-28 10:56:06.933,5,PO,112434,1,0,485,5905.2,LT-20260328-091741
2026-03-28 10:56:07.443,5,PO,112435,1,0,508,5905.7,LT-20260328-091741
2026-03-28 10:56:07.948,5,PO,112436,1,0,502,5906.2,LT-20260328-091741
2026-03-28 10:56:08.479,5,PO,112437,1,0,527,5906.7,LT-20260328-091741
2026-03-28 10:56:09.016,5,PO,112438,1,0,535,5907.3,LT-20260328-091741
2026-03-28 10:56:09.519,5,PO,112439,1,0,501,5907.8,LT-20260328-091741
2026-03-28 10:56:10.032,5,PO,112440,1,0,511,5908.3,LT-20260328-091741
2026-03-28 10:56:10.536,5,PO,112441,1,0,501,5908.8,LT-20260328-091741
2026-03-28 10:56:11.017,5,PO,112442,1,0,479,5909.3,LT-20260328-091741
2026-03-28 10:56:11.519,5,PO,112443,1,0,499,5909.8,LT-20260328-091741
2026-03-28 10:56:12.008,5,PO,112444,1,0,487,5910.3,LT-20260328-091741
2026-03-28 10:56:12.513,5,PO,112445,1,0,502,5910.8,LT-20260328-091741
2026-03-28 10:56:13.016,5,PO,112446,1,0,500,5911.3,LT-20260328-091741
2026-03-28 10:56:13.519,5,PO,112447,1,0,499,5911.8,LT-20260328-091741
2026-03-28 10:56:13.996,5,PO,112448,1,0,474,5912.2,LT-20260328-091741
2026-03-28 10:56:14.476,5,PO,112449,1,0,476,5912.7,LT-20260328-091741
2026-03-28 10:56:14.960,5,PO,112450,1,0,482,5913.2,LT-20260328-091741
2026-03-28 10:56:15.433,5,PO,112451,1,0,471,5913.7,LT-20260328-091741
2026-03-28 10:56:15.914,5,PO,112452,1,0,479,5914.2,LT-20260328-091741
2026-03-28 10:56:16.423,5,PO,112453,1,0,506,5914.7,LT-20260328-091741
2026-03-28 10:56:16.930,5,PO,112454,1,0,504,5915.2,LT-20260328-091741
2026-03-28 10:56:17.388,5,PO,112455,1,0,457,5915.6,LT-20260328-091741
2026-03-28 10:56:17.865,5,PO,112456,1,0,475,5916.1,LT-20260328-091741
2026-03-28 10:56:18.329,5,PO,112457,1,0,462,5916.6,LT-20260328-091741
2026-03-28 10:56:19.016,5,PO,112458,1,0,686,5917.3,LT-20260328-091741
2026-03-28 10:56:19.688,5,PO,112459,1,0,670,5917.9,LT-20260328-091741
2026-03-28 10:56:20.363,5,PO,112460,1,0,673,5918.6,LT-20260328-091741
2026-03-28 10:56:21.037,5,PO,112461,1,0,671,5919.3,LT-20260328-091741
2026-03-28 10:56:21.885,5,PO,112462,1,0,846,5920.1,LT-20260328-091741
2026-03-28 10:56:22.629,5,PO,112463,1,0,742,5920.9,LT-20260328-091741
2026-03-28 10:56:23.303,5,PO,112464,1,0,672,5921.5,LT-20260328-091741
2026-03-28 10:56:23.965,5,PO,112465,1,0,661,5922.2,LT-20260328-091741
2026-03-28 10:56:24.626,5,PO,112466,1,0,659,5922.9,LT-20260328-091741
2026-03-28 10:56:25.272,5,PO,112467,1,0,644,5923.5,LT-20260328-091741
2026-03-28 10:56:25.996,5,PO,112468,1,0,722,5924.2,LT-20260328-091741
2026-03-28 10:56:26.649,5,PO,112469,1,0,651,5924.9,LT-20260328-091741
2026-03-28 10:56:27.323,5,PO,112470,1,0,672,5925.6,LT-20260328-091741
2026-03-28 10:56:28.007,5,PO,112471,1,0,681,5926.3,LT-20260328-091741
2026-03-28 10:56:28.677,5,PO,112472,1,0,668,5926.9,LT-20260328-091741
2026-03-28 10:56:29.346,5,PO,112473,1,0,668,5927.6,LT-20260328-091741
2026-03-28 10:56:30.037,5,PO,112474,1,0,689,5928.3,LT-20260328-091741
2026-03-28 10:56:30.712,5,PO,112475,1,0,673,5929,LT-20260328-091741
2026-03-28 10:56:31.386,5,PO,112476,1,0,672,5929.6,LT-20260328-091741
2026-03-28 10:56:32.053,5,PO,112477,1,0,665,5930.3,LT-20260328-091741
2026-03-28 10:56:32.711,5,PO,112478,1,0,656,5931,LT-20260328-091741
2026-03-28 10:56:33.377,5,PO,112479,1,0,665,5931.6,LT-20260328-091741
2026-03-28 10:56:34.045,5,PO,112480,1,0,667,5932.3,LT-20260328-091741
2026-03-28 10:56:34.721,5,PO,112481,1,0,674,5933,LT-20260328-091741
2026-03-28 10:56:35.405,5,PO,112482,1,0,682,5933.6,LT-20260328-091741
2026-03-28 10:56:36.069,5,PO,112483,1,0,663,5934.3,LT-20260328-091741
2026-03-28 10:56:36.728,5,PO,112484,1,0,657,5935,LT-20260328-091741
2026-03-28 10:56:37.402,5,PO,112485,1,0,672,5935.6,LT-20260328-091741
2026-03-28 10:56:38.069,5,PO,112486,1,0,664,5936.3,LT-20260328-091741
2026-03-28 10:56:38.605,5,PO,112487,1,0,535,5936.9,LT-20260328-091741
2026-03-28 10:56:39.076,5,PO,112488,1,0,468,5937.3,LT-20260328-091741
2026-03-28 10:56:39.568,5,PO,112489,1,0,490,5937.8,LT-20260328-091741
2026-03-28 10:56:40.039,5,PO,112490,1,0,470,5938.3,LT-20260328-091741
2026-03-28 10:56:40.519,5,PO,112491,1,0,478,5938.8,LT-20260328-091741
2026-03-28 10:56:40.983,5,PO,112492,1,0,462,5939.2,LT-20260328-091741
2026-03-28 10:56:41.445,5,PO,112493,1,0,460,5939.7,LT-20260328-091741
2026-03-28 10:56:41.915,5,PO,112494,1,0,468,5940.2,LT-20260328-091741
2026-03-28 10:56:42.395,5,PO,112495,1,0,478,5940.6,LT-20260328-091741
2026-03-28 10:56:42.866,5,PO,112496,1,0,470,5941.1,LT-20260328-091741
2026-03-28 10:56:43.333,5,PO,112497,1,0,466,5941.6,LT-20260328-091741
2026-03-28 10:56:43.806,5,PO,112498,1,0,471,5942.1,LT-20260328-091741
2026-03-28 10:56:44.301,5,PO,112499,1,0,492,5942.5,LT-20260328-091741
2026-03-28 10:56:44.768,5,PO,112500,1,0,466,5943,LT-20260328-091741
2026-03-28 10:56:45.251,5,PO,112501,1,0,481,5943.5,LT-20260328-091741
2026-03-28 10:56:45.740,5,PO,112502,1,0,488,5944,LT-20260328-091741
2026-03-28 10:56:46.219,5,PO,112503,1,0,477,5944.5,LT-20260328-091741
2026-03-28 10:56:46.702,5,PO,112504,1,0,481,5944.9,LT-20260328-091741
2026-03-28 10:56:47.171,5,PO,112505,1,0,467,5945.4,LT-20260328-091741
2026-03-28 10:56:47.658,5,PO,112506,1,0,486,5945.9,LT-20260328-091741
2026-03-28 10:56:48.159,5,PO,112507,1,0,499,5946.4,LT-20260328-091741
2026-03-28 10:56:48.785,5,PO,112508,1,0,624,5947,LT-20260328-091741
2026-03-28 10:56:49.469,5,PO,112509,1,0,682,5947.7,LT-20260328-091741
2026-03-28 10:56:50.144,5,PO,112510,1,0,674,5948.4,LT-20260328-091741
2026-03-28 10:56:50.883,5,PO,112511,1,0,737,5949.1,LT-20260328-091741
2026-03-28 10:56:51.598,5,PO,112512,1,0,713,5949.8,LT-20260328-091741
2026-03-28 10:56:52.265,5,PO,112513,1,0,665,5950.5,LT-20260328-091741
2026-03-28 10:56:52.924,5,PO,112514,1,0,658,5951.2,LT-20260328-091741
2026-03-28 10:56:53.581,5,PO,112515,1,0,654,5951.8,LT-20260328-091741
2026-03-28 10:56:54.231,5,PO,112516,1,0,649,5952.5,LT-20260328-091741
2026-03-28 10:56:54.908,5,PO,112517,1,0,675,5953.2,LT-20260328-091741
2026-03-28 10:56:55.563,5,PO,112518,1,0,653,5953.8,LT-20260328-091741
2026-03-28 10:56:56.224,5,PO,112519,1,0,660,5954.5,LT-20260328-091741
2026-03-28 10:56:56.888,5,PO,112520,1,0,662,5955.1,LT-20260328-091741
2026-03-28 10:56:57.586,5,PO,112521,1,0,697,5955.8,LT-20260328-091741
2026-03-28 10:56:58.271,5,PO,112522,1,0,683,5956.5,LT-20260328-091741
2026-03-28 10:56:58.747,5,PO,112523,1,0,474,5957,LT-20260328-091741
2026-03-28 10:56:59.223,5,PO,112524,1,0,474,5957.5,LT-20260328-091741
2026-03-28 10:56:59.701,5,PO,112525,1,0,475,5957.9,LT-20260328-091741
2026-03-28 10:57:00.182,5,PO,112526,1,0,479,5958.4,LT-20260328-091741
2026-03-28 10:57:00.660,5,PO,112527,1,0,477,5958.9,LT-20260328-091741
2026-03-28 10:57:01.141,5,PO,112528,1,0,479,5959.4,LT-20260328-091741
2026-03-28 10:57:01.625,5,PO,112529,1,0,482,5959.9,LT-20260328-091741
2026-03-28 10:57:02.096,5,PO,112530,1,0,470,5960.3,LT-20260328-091741
2026-03-28 10:57:02.558,5,PO,112531,1,0,460,5960.8,LT-20260328-091741
2026-03-28 10:57:03.041,5,PO,112532,1,0,482,5961.3,LT-20260328-091741
2026-03-28 10:57:03.529,5,PO,112533,1,0,486,5961.8,LT-20260328-091741
2026-03-28 10:57:04.008,5,PO,112534,1,0,477,5962.3,LT-20260328-091741
2026-03-28 10:57:04.502,5,PO,112535,1,0,493,5962.7,LT-20260328-091741
2026-03-28 10:57:04.981,5,PO,112536,1,0,477,5963.2,LT-20260328-091741
2026-03-28 10:57:05.463,5,PO,112537,1,0,481,5963.7,LT-20260328-091741
2026-03-28 10:57:05.931,5,PO,112538,1,0,466,5964.2,LT-20260328-091741
2026-03-28 10:57:06.400,5,PO,112539,1,0,467,5964.6,LT-20260328-091741
2026-03-28 10:57:06.875,5,PO,112540,1,0,474,5965.1,LT-20260328-091741
2026-03-28 10:57:07.370,5,PO,112541,1,0,493,5965.6,LT-20260328-091741
2026-03-28 10:57:07.859,5,PO,112542,1,0,488,5966.1,LT-20260328-091741
2026-03-28 10:57:08.352,5,PO,112543,1,0,491,5966.6,LT-20260328-091741
2026-03-28 10:57:08.830,5,PO,112544,1,0,475,5967.1,LT-20260328-091741
2026-03-28 10:57:09.318,5,PO,112545,1,0,487,5967.6,LT-20260328-091741
2026-03-28 10:57:09.810,5,PO,112546,1,0,491,5968.1,LT-20260328-091741
2026-03-28 10:57:10.276,5,PO,112547,1,0,464,5968.5,LT-20260328-091741
2026-03-28 10:57:10.756,5,PO,112548,1,0,478,5969,LT-20260328-091741
2026-03-28 10:57:11.220,5,PO,112549,1,0,463,5969.5,LT-20260328-091741
2026-03-28 10:57:11.695,5,PO,112550,1,0,473,5969.9,LT-20260328-091741
2026-03-28 10:57:12.177,5,PO,112551,1,0,480,5970.4,LT-20260328-091741
2026-03-28 10:57:12.643,5,PO,112552,1,0,465,5970.9,LT-20260328-091741
2026-03-28 10:57:13.128,5,PO,112553,1,0,482,5971.4,LT-20260328-091741
2026-03-28 10:57:13.597,5,PO,112554,1,0,468,5971.8,LT-20260328-091741
2026-03-28 10:57:14.070,5,PO,112555,1,0,471,5972.3,LT-20260328-091741
2026-03-28 10:57:14.536,5,PO,112556,1,0,464,5972.8,LT-20260328-091741
2026-03-28 10:57:15.009,5,PO,112557,1,0,472,5973.3,LT-20260328-091741
2026-03-28 10:57:15.487,5,PO,112558,1,0,475,5973.7,LT-20260328-091741
2026-03-28 10:57:15.966,5,PO,112559,1,0,477,5974.2,LT-20260328-091741
2026-03-28 10:57:16.462,5,PO,112560,1,0,495,5974.7,LT-20260328-091741
2026-03-28 10:57:16.943,5,PO,112561,1,0,480,5975.2,LT-20260328-091741
2026-03-28 10:57:17.433,5,PO,112562,1,0,488,5975.7,LT-20260328-091741
2026-03-28 10:57:17.900,5,PO,112563,1,0,464,5976.1,LT-20260328-091741
2026-03-28 10:57:18.486,5,PO,112564,1,0,584,5976.7,LT-20260328-091741
2026-03-28 10:57:19.154,5,PO,112565,1,0,666,5977.4,LT-20260328-091741
2026-03-28 10:57:19.849,5,PO,112566,1,0,694,5978.1,LT-20260328-091741
2026-03-28 10:57:20.530,5,PO,112567,1,0,678,5978.8,LT-20260328-091741
2026-03-28 10:57:21.190,5,PO,112568,1,0,659,5979.4,LT-20260328-091741
2026-03-28 10:57:21.889,5,PO,112569,1,0,696,5980.1,LT-20260328-091741
2026-03-28 10:57:22.554,5,PO,112570,1,0,663,5980.8,LT-20260328-091741
2026-03-28 10:57:23.264,5,PO,112571,1,0,707,5981.5,LT-20260328-091741
2026-03-28 10:57:23.931,5,PO,112572,1,0,666,5982.2,LT-20260328-091741
2026-03-28 10:57:24.582,5,PO,112573,1,0,649,5982.8,LT-20260328-091741
2026-03-28 10:57:25.268,5,PO,112574,1,0,684,5983.5,LT-20260328-091741
2026-03-28 10:57:25.920,5,PO,112575,1,0,650,5984.2,LT-20260328-091741
2026-03-28 10:57:26.571,5,PO,112576,1,0,650,5984.8,LT-20260328-091741
2026-03-28 10:57:27.237,5,PO,112577,1,0,663,5985.5,LT-20260328-091741
2026-03-28 10:57:27.898,5,PO,112578,1,0,659,5986.1,LT-20260328-091741
2026-03-28 10:57:28.478,5,PO,112579,1,0,578,5986.7,LT-20260328-091741
2026-03-28 10:57:28.977,5,PO,112580,1,0,497,5987.2,LT-20260328-091741
2026-03-28 10:57:29.460,5,PO,112581,1,0,482,5987.7,LT-20260328-091741
2026-03-28 10:57:29.933,5,PO,112582,1,0,471,5988.2,LT-20260328-091741
2026-03-28 10:57:30.406,5,PO,112583,1,0,470,5988.7,LT-20260328-091741
2026-03-28 10:57:30.881,5,PO,112584,1,0,474,5989.1,LT-20260328-091741
2026-03-28 10:57:31.366,5,PO,112585,1,0,481,5989.6,LT-20260328-091741
2026-03-28 10:57:31.849,5,PO,112586,1,0,481,5990.1,LT-20260328-091741
2026-03-28 10:57:32.307,5,PO,112587,1,0,456,5990.6,LT-20260328-091741
2026-03-28 10:57:32.770,5,PO,112588,1,0,462,5991,LT-20260328-091741
2026-03-28 10:57:33.238,5,PO,112589,1,0,466,5991.5,LT-20260328-091741
2026-03-28 10:57:33.705,5,PO,112590,1,0,465,5991.9,LT-20260328-091741
2026-03-28 10:57:34.168,5,PO,112591,1,0,461,5992.4,LT-20260328-091741
2026-03-28 10:57:34.643,5,PO,112592,1,0,474,5992.9,LT-20260328-091741
2026-03-28 10:57:35.107,5,PO,112593,1,0,462,5993.4,LT-20260328-091741
2026-03-28 10:57:35.571,5,PO,112594,1,0,462,5993.8,LT-20260328-091741
2026-03-28 10:57:36.026,5,PO,112595,1,0,450,5994.3,LT-20260328-091741
2026-03-28 10:57:36.490,5,PO,112596,1,0,462,5994.7,LT-20260328-091741
2026-03-28 10:57:36.961,5,PO,112597,1,0,470,5995.2,LT-20260328-091741
2026-03-28 10:57:37.436,5,PO,112598,1,0,473,5995.7,LT-20260328-091741
2026-03-28 10:57:37.896,5,PO,112599,1,0,459,5996.1,LT-20260328-091741
2026-03-28 10:57:38.469,5,PO,112600,1,0,572,5996.7,LT-20260328-091741
2026-03-28 10:57:39.141,5,PO,112601,1,0,670,5997.4,LT-20260328-091741
2026-03-28 10:57:39.817,5,PO,112602,1,0,674,5998.1,LT-20260328-091741
2026-03-28 10:57:40.503,5,PO,112603,1,0,685,5998.7,LT-20260328-091741
2026-03-28 10:57:41.159,5,PO,112604,1,0,655,5999.4,LT-20260328-091741
2026-03-28 10:57:41.816,5,PO,112605,1,0,655,6000.1,LT-20260328-091741
2026-03-28 10:57:42.496,5,PO,112606,1,0,678,6000.7,LT-20260328-091741
2026-03-28 10:57:43.158,5,PO,112607,1,0,661,6001.4,LT-20260328-091741
2026-03-28 10:57:43.829,5,PO,112608,1,0,669,6002.1,LT-20260328-091741
2026-03-28 10:57:44.512,5,PO,112609,1,0,681,6002.8,LT-20260328-091741
2026-03-28 10:57:45.764,6,SO,107010,1,0,1075,6004,LT-20260328-091741
2026-03-28 10:57:46.646,6,SO,107011,1,0,880,6004.9,LT-20260328-091741
2026-03-28 10:57:47.527,6,SO,107012,1,0,879,6005.8,LT-20260328-091741
2026-03-28 10:57:48.399,6,SO,107013,1,0,870,6006.6,LT-20260328-091741
2026-03-28 10:57:49.231,6,SO,107014,1,0,829,6007.5,LT-20260328-091741
2026-03-28 10:57:50.065,6,SO,107015,1,0,833,6008.3,LT-20260328-091741
2026-03-28 10:57:50.894,6,SO,107016,1,0,827,6009.1,LT-20260328-091741
2026-03-28 10:57:51.726,6,SO,107017,1,0,831,6010,LT-20260328-091741
2026-03-28 10:57:52.546,6,SO,107018,1,0,817,6010.8,LT-20260328-091741
2026-03-28 10:57:53.379,6,SO,107019,1,0,831,6011.6,LT-20260328-091741
2026-03-28 10:57:54.211,6,SO,107020,1,0,830,6012.5,LT-20260328-091741
2026-03-28 10:57:55.034,6,SO,107021,1,0,820,6013.3,LT-20260328-091741
2026-03-28 10:57:55.868,6,SO,107022,1,0,830,6014.1,LT-20260328-091741
2026-03-28 10:57:56.710,6,SO,107023,1,0,841,6015,LT-20260328-091741
2026-03-28 10:57:57.573,6,SO,107024,1,0,862,6015.8,LT-20260328-091741
2026-03-28 10:57:58.416,6,SO,107025,1,0,841,6016.7,LT-20260328-091741
2026-03-28 10:57:59.255,6,SO,107026,1,0,837,6017.5,LT-20260328-091741
2026-03-28 10:58:00.117,6,SO,107027,1,0,860,6018.4,LT-20260328-091741
2026-03-28 10:58:00.964,6,SO,107028,1,0,843,6019.2,LT-20260328-091741
2026-03-28 10:58:01.873,6,SO,107029,1,0,907,6020.1,LT-20260328-091741
2026-03-28 10:58:02.747,6,SO,107030,1,0,871,6021,LT-20260328-091741
2026-03-28 10:58:03.605,6,SO,107031,1,0,855,6021.8,LT-20260328-091741
2026-03-28 10:58:04.490,6,SO,107032,1,0,881,6022.7,LT-20260328-091741
2026-03-28 10:58:05.355,6,SO,107033,1,0,861,6023.6,LT-20260328-091741
2026-03-28 10:58:06.213,6,SO,107034,1,0,855,6024.5,LT-20260328-091741
2026-03-28 10:58:07.061,6,SO,107035,1,0,846,6025.3,LT-20260328-091741
2026-03-28 10:58:07.901,6,SO,107036,1,0,836,6026.1,LT-20260328-091741
2026-03-28 10:58:08.766,6,SO,107037,1,0,862,6027,LT-20260328-091741
2026-03-28 10:58:09.704,6,SO,107038,1,0,935,6027.9,LT-20260328-091741
2026-03-28 10:58:10.579,6,SO,107039,1,0,873,6028.8,LT-20260328-091741
2026-03-28 10:58:11.429,6,SO,107040,1,0,848,6029.7,LT-20260328-091741
2026-03-28 10:58:12.300,6,SO,107041,1,0,868,6030.5,LT-20260328-091741
2026-03-28 10:58:13.141,6,SO,107042,1,0,839,6031.4,LT-20260328-091741
2026-03-28 10:58:13.993,6,SO,107043,1,0,850,6032.2,LT-20260328-091741
2026-03-28 10:58:14.802,6,SO,107044,1,0,806,6033,LT-20260328-091741
2026-03-28 10:58:15.632,6,SO,107045,1,0,828,6033.9,LT-20260328-091741
2026-03-28 10:58:16.473,6,SO,107046,1,0,838,6034.7,LT-20260328-091741
2026-03-28 10:58:17.303,6,SO,107047,1,0,826,6035.5,LT-20260328-091741
2026-03-28 10:58:18.155,6,SO,107048,1,0,850,6036.4,LT-20260328-091741
2026-03-28 10:58:19.018,6,SO,107049,1,0,860,6037.3,LT-20260328-091741
2026-03-28 10:58:19.862,6,SO,107050,1,0,840,6038.1,LT-20260328-091741
2026-03-28 10:58:20.718,6,SO,107051,1,0,853,6039,LT-20260328-091741
2026-03-28 10:58:21.582,6,SO,107052,1,0,861,6039.8,LT-20260328-091741
2026-03-28 10:58:22.434,6,SO,107053,1,0,847,6040.7,LT-20260328-091741
2026-03-28 10:58:23.268,6,SO,107054,1,0,831,6041.5,LT-20260328-091741
2026-03-28 10:58:24.119,6,SO,107055,1,0,847,6042.4,LT-20260328-091741
2026-03-28 10:58:24.943,6,SO,107056,1,0,821,6043.2,LT-20260328-091741
2026-03-28 10:58:25.796,6,SO,107057,1,0,850,6044,LT-20260328-091741
2026-03-28 10:58:26.638,6,SO,107058,1,0,838,6044.9,LT-20260328-091741
2026-03-28 10:58:27.530,6,SO,107059,1,0,889,6045.8,LT-20260328-091741
2026-03-28 10:58:28.461,6,SO,107060,1,0,928,6046.7,LT-20260328-091741
2026-03-28 10:58:29.314,6,SO,107061,1,0,848,6047.6,LT-20260328-091741
2026-03-28 10:58:30.152,6,SO,107062,1,0,835,6048.4,LT-20260328-091741
2026-03-28 10:58:31.032,6,SO,107063,1,0,877,6049.3,LT-20260328-091741
2026-03-28 10:58:31.893,6,SO,107064,1,0,858,6050.1,LT-20260328-091741
2026-03-28 10:58:32.737,6,SO,107065,1,0,840,6051,LT-20260328-091741
2026-03-28 10:58:33.593,6,SO,107066,1,0,852,6051.8,LT-20260328-091741
2026-03-28 10:58:34.465,6,SO,107067,1,0,868,6052.7,LT-20260328-091741
2026-03-28 10:58:35.325,6,SO,107068,1,0,858,6053.6,LT-20260328-091741
2026-03-28 10:58:36.173,6,SO,107069,1,0,845,6054.4,LT-20260328-091741
2026-03-28 10:58:37.030,6,SO,107070,1,0,853,6055.3,LT-20260328-091741
2026-03-28 10:58:37.882,6,SO,107071,1,0,848,6056.1,LT-20260328-091741
2026-03-28 10:58:38.719,6,SO,107072,1,0,833,6057,LT-20260328-091741
2026-03-28 10:58:39.477,6,SO,107073,1,0,755,6057.7,LT-20260328-091741
2026-03-28 10:58:40.255,6,SO,107074,1,0,775,6058.5,LT-20260328-091741
2026-03-28 10:58:40.984,6,SO,107075,1,0,724,6059.2,LT-20260328-091741
2026-03-28 10:58:41.694,6,SO,107076,1,0,707,6059.9,LT-20260328-091741
2026-03-28 10:58:42.388,6,SO,107077,1,0,691,6060.6,LT-20260328-091741
2026-03-28 10:58:43.074,6,SO,107078,1,0,683,6061.3,LT-20260328-091741
2026-03-28 10:58:43.716,6,SO,107079,1,0,640,6062,LT-20260328-091741
2026-03-28 10:58:44.410,6,SO,107080,1,0,691,6062.7,LT-20260328-091741
2026-03-28 10:58:45.095,6,SO,107081,1,0,682,6063.3,LT-20260328-091741
2026-03-28 10:58:45.763,6,SO,107082,1,0,665,6064,LT-20260328-091741
2026-03-28 10:58:46.411,6,SO,107083,1,0,645,6064.7,LT-20260328-091741
2026-03-28 10:58:47.111,6,SO,107084,1,0,696,6065.4,LT-20260328-091741
2026-03-28 10:58:47.755,6,SO,107085,1,0,643,6066,LT-20260328-091741
2026-03-28 10:58:48.410,6,SO,107086,1,0,652,6066.7,LT-20260328-091741
2026-03-28 10:58:49.076,6,SO,107087,1,0,664,6067.3,LT-20260328-091741
2026-03-28 10:58:49.736,6,SO,107088,1,0,655,6068,LT-20260328-091741
2026-03-28 10:58:50.416,6,SO,107089,1,0,677,6068.7,LT-20260328-091741
2026-03-28 10:58:51.199,6,SO,107090,1,0,781,6069.4,LT-20260328-091741
2026-03-28 10:58:51.857,6,SO,107091,1,0,655,6070.1,LT-20260328-091741
2026-03-28 10:58:52.543,6,SO,107092,1,0,682,6070.8,LT-20260328-091741
2026-03-28 10:58:53.206,6,SO,107093,1,0,659,6071.5,LT-20260328-091741
2026-03-28 10:58:53.851,6,SO,107094,1,0,643,6072.1,LT-20260328-091741
2026-03-28 10:58:54.538,6,SO,107095,1,0,683,6072.8,LT-20260328-091741
2026-03-28 10:58:55.184,6,SO,107096,1,0,643,6073.4,LT-20260328-091741
2026-03-28 10:58:55.862,6,SO,107097,1,0,675,6074.1,LT-20260328-091741
2026-03-28 10:58:56.552,6,SO,107098,1,0,687,6074.8,LT-20260328-091741
2026-03-28 10:58:57.216,6,SO,107099,1,0,660,6075.5,LT-20260328-091741
2026-03-28 10:58:57.852,6,SO,107100,1,0,633,6076.1,LT-20260328-091741
2026-03-28 10:58:58.568,6,SO,107101,1,0,711,6076.8,LT-20260328-091741
2026-03-28 10:58:59.309,6,SO,107102,1,0,737,6077.6,LT-20260328-091741
2026-03-28 10:59:00.207,6,SO,107103,1,0,895,6078.5,LT-20260328-091741
2026-03-28 10:59:01.077,6,SO,107104,1,0,866,6079.3,LT-20260328-091741
2026-03-28 10:59:02.062,6,SO,107105,1,0,982,6080.3,LT-20260328-091741
2026-03-28 10:59:03.053,6,SO,107106,1,0,988,6081.3,LT-20260328-091741
2026-03-28 10:59:04.113,6,SO,107107,1,0,1057,6082.4,LT-20260328-091741
2026-03-28 10:59:05.061,6,SO,107108,1,0,943,6083.3,LT-20260328-091741
2026-03-28 10:59:05.920,6,SO,107109,1,0,856,6084.2,LT-20260328-091741
2026-03-28 10:59:06.825,6,SO,107110,1,0,901,6085.1,LT-20260328-091741
2026-03-28 10:59:07.756,6,SO,107111,1,0,928,6086,LT-20260328-091741
2026-03-28 10:59:08.729,6,SO,107112,1,0,970,6087,LT-20260328-091741
2026-03-28 10:59:09.553,6,SO,107113,1,0,821,6087.8,LT-20260328-091741
2026-03-28 10:59:10.191,6,SO,107114,1,0,635,6088.4,LT-20260328-091741
2026-03-28 10:59:10.819,6,SO,107115,1,0,626,6089.1,LT-20260328-091741
2026-03-28 10:59:11.479,6,SO,107116,1,0,656,6089.7,LT-20260328-091741
2026-03-28 10:59:12.179,6,SO,107117,1,0,698,6090.4,LT-20260328-091741
2026-03-28 10:59:12.830,6,SO,107118,1,0,646,6091.1,LT-20260328-091741
2026-03-28 10:59:13.480,6,SO,107119,1,0,647,6091.7,LT-20260328-091741
2026-03-28 10:59:14.147,6,SO,107120,1,0,665,6092.4,LT-20260328-091741
2026-03-28 10:59:14.759,6,SO,107121,1,0,610,6093,LT-20260328-091741
2026-03-28 10:59:15.396,6,SO,107122,1,0,635,6093.6,LT-20260328-091741
2026-03-28 10:59:16.046,6,SO,107123,1,0,649,6094.3,LT-20260328-091741
2026-03-28 10:59:16.675,6,SO,107124,1,0,627,6094.9,LT-20260328-091741
2026-03-28 10:59:17.329,6,SO,107125,1,0,651,6095.6,LT-20260328-091741
2026-03-28 10:59:18.022,6,SO,107126,1,0,691,6096.3,LT-20260328-091741
2026-03-28 10:59:18.701,6,SO,107127,1,0,677,6096.9,LT-20260328-091741
2026-03-28 10:59:19.331,6,SO,107128,1,0,628,6097.6,LT-20260328-091741
2026-03-28 10:59:20.220,6,SO,107129,1,0,886,6098.5,LT-20260328-091741
2026-03-28 10:59:21.191,6,SO,107130,1,0,968,6099.4,LT-20260328-091741
2026-03-28 10:59:22.031,6,SO,107131,1,0,839,6100.3,LT-20260328-091741
2026-03-28 10:59:22.843,6,SO,107132,1,0,810,6101.1,LT-20260328-091741
2026-03-28 10:59:23.655,6,SO,107133,1,0,809,6101.9,LT-20260328-091741
2026-03-28 10:59:24.485,6,SO,107134,1,0,827,6102.7,LT-20260328-091741
2026-03-28 10:59:25.345,6,SO,107135,1,0,858,6103.6,LT-20260328-091741
2026-03-28 10:59:26.191,6,SO,107136,1,0,844,6104.4,LT-20260328-091741
2026-03-28 10:59:27.011,6,SO,107137,1,0,819,6105.3,LT-20260328-091741
2026-03-28 10:59:27.836,6,SO,107138,1,0,823,6106.1,LT-20260328-091741
2026-03-28 10:59:28.650,6,SO,107139,1,0,812,6106.9,LT-20260328-091741
2026-03-28 10:59:29.508,6,SO,107140,1,0,857,6107.8,LT-20260328-091741
2026-03-28 10:59:30.384,6,SO,107141,1,0,875,6108.6,LT-20260328-091741
2026-03-28 10:59:31.113,6,SO,107142,1,0,728,6109.4,LT-20260328-091741
2026-03-28 10:59:32.095,6,SO,107143,1,0,980,6110.3,LT-20260328-091741
2026-03-28 10:59:32.945,6,SO,107144,1,0,849,6111.2,LT-20260328-091741
2026-03-28 10:59:33.861,6,SO,107145,1,0,914,6112.1,LT-20260328-091741
2026-03-28 10:59:34.509,6,SO,107146,1,0,647,6112.8,LT-20260328-091741
2026-03-28 10:59:35.207,6,SO,107147,1,0,696,6113.5,LT-20260328-091741
2026-03-28 10:59:35.856,6,SO,107148,1,0,648,6114.1,LT-20260328-091741
2026-03-28 10:59:36.478,6,SO,107149,1,0,619,6114.7,LT-20260328-091741
2026-03-28 10:59:37.120,6,SO,107150,1,0,640,6115.4,LT-20260328-091741
2026-03-28 10:59:37.754,6,SO,107151,1,0,632,6116,LT-20260328-091741
2026-03-28 10:59:38.409,6,SO,107152,1,0,653,6116.7,LT-20260328-091741
2026-03-28 10:59:39.044,6,SO,107153,1,0,633,6117.3,LT-20260328-091741
2026-03-28 10:59:39.664,6,SO,107154,1,0,617,6117.9,LT-20260328-091741
2026-03-28 10:59:40.275,6,SO,107155,1,0,609,6118.5,LT-20260328-091741
2026-03-28 10:59:40.909,6,SO,107156,1,0,632,6119.2,LT-20260328-091741
2026-03-28 10:59:41.533,6,SO,107157,1,0,623,6119.8,LT-20260328-091741
2026-03-28 10:59:42.183,6,SO,107158,1,0,649,6120.4,LT-20260328-091741
2026-03-28 10:59:42.800,6,SO,107159,1,0,615,6121,LT-20260328-091741
2026-03-28 10:59:43.405,6,SO,107160,1,0,603,6121.6,LT-20260328-091741
2026-03-28 10:59:44.034,6,SO,107161,1,0,628,6122.3,LT-20260328-091741
2026-03-28 10:59:44.687,6,SO,107162,1,0,652,6122.9,LT-20260328-091741
2026-03-28 10:59:45.331,6,SO,107163,1,0,642,6123.6,LT-20260328-091741
2026-03-28 10:59:45.951,6,SO,107164,1,0,619,6124.2,LT-20260328-091741
2026-03-28 10:59:46.565,6,SO,107165,1,0,612,6124.8,LT-20260328-091741
2026-03-28 10:59:47.198,6,SO,107166,1,0,631,6125.4,LT-20260328-091741
2026-03-28 10:59:47.810,6,SO,107167,1,0,610,6126.1,LT-20260328-091741
2026-03-28 10:59:48.456,6,SO,107168,1,0,644,6126.7,LT-20260328-091741
2026-03-28 10:59:49.076,6,SO,107169,1,0,619,6127.3,LT-20260328-091741
2026-03-28 10:59:49.842,6,SO,107170,1,0,764,6128.1,LT-20260328-091741
2026-03-28 10:59:50.691,6,SO,107171,1,0,848,6128.9,LT-20260328-091741
2026-03-28 10:59:51.486,6,SO,107172,1,0,793,6129.7,LT-20260328-091741
2026-03-28 10:59:52.299,6,SO,107173,1,0,811,6130.5,LT-20260328-091741
2026-03-28 10:59:53.096,6,SO,107174,1,0,795,6131.3,LT-20260328-091741
2026-03-28 10:59:53.943,6,SO,107175,1,0,846,6132.2,LT-20260328-091741
2026-03-28 10:59:54.747,6,SO,107176,1,0,801,6133,LT-20260328-091741
2026-03-28 10:59:55.562,6,SO,107177,1,0,814,6133.8,LT-20260328-091741
2026-03-28 10:59:56.396,6,SO,107178,1,0,832,6134.6,LT-20260328-091741
2026-03-28 10:59:57.216,6,SO,107179,1,0,818,6135.5,LT-20260328-091741
2026-03-28 10:59:58.046,6,SO,107180,1,0,828,6136.3,LT-20260328-091741
2026-03-28 10:59:58.910,6,SO,107181,1,0,862,6137.2,LT-20260328-091741
2026-03-28 10:59:59.632,6,SO,107182,1,0,721,6137.9,LT-20260328-091741
2026-03-28 11:00:00.248,6,SO,107183,1,0,615,6138.5,LT-20260328-091741
2026-03-28 11:00:00.877,6,SO,107184,1,0,627,6139.1,LT-20260328-091741
2026-03-28 11:00:01.531,6,SO,107185,1,0,652,6139.8,LT-20260328-091741
2026-03-28 11:00:02.149,6,SO,107186,1,0,617,6140.4,LT-20260328-091741
2026-03-28 11:00:02.772,6,SO,107187,1,0,621,6141,LT-20260328-091741
2026-03-28 11:00:03.398,6,SO,107188,1,0,624,6141.6,LT-20260328-091741
2026-03-28 11:00:04.071,6,SO,107189,1,0,673,6142.3,LT-20260328-091741
2026-03-28 11:00:04.751,6,SO,107190,1,0,678,6143,LT-20260328-091741
2026-03-28 11:00:05.423,6,SO,107191,1,0,670,6143.7,LT-20260328-091741
2026-03-28 11:00:06.091,6,SO,107192,1,0,667,6144.3,LT-20260328-091741
2026-03-28 11:00:06.742,6,SO,107193,1,0,649,6145,LT-20260328-091741
2026-03-28 11:00:07.386,6,SO,107194,1,0,643,6145.6,LT-20260328-091741
2026-03-28 11:00:08.027,6,SO,107195,1,0,639,6146.3,LT-20260328-091741
2026-03-28 11:00:08.706,6,SO,107196,1,0,677,6147,LT-20260328-091741
2026-03-28 11:00:09.358,6,SO,107197,1,0,650,6147.6,LT-20260328-091741
2026-03-28 11:00:09.995,6,SO,107198,1,0,635,6148.2,LT-20260328-091741
2026-03-28 11:00:10.629,6,SO,107199,1,0,632,6148.9,LT-20260328-091741
2026-03-28 11:00:11.259,6,SO,107200,1,0,629,6149.5,LT-20260328-091741
2026-03-28 11:00:11.904,6,SO,107201,1,0,642,6150.1,LT-20260328-091741
2026-03-28 11:00:12.543,6,SO,107202,1,0,637,6150.8,LT-20260328-091741
2026-03-28 11:00:13.193,6,SO,107203,1,0,649,6151.4,LT-20260328-091741
2026-03-28 11:00:13.993,6,SO,107204,1,0,798,6152.2,LT-20260328-091741
2026-03-28 11:00:14.655,6,SO,107205,1,0,660,6152.9,LT-20260328-091741
2026-03-28 11:00:15.317,6,SO,107206,1,0,660,6153.6,LT-20260328-091741
2026-03-28 11:00:15.962,6,SO,107207,1,0,644,6154.2,LT-20260328-091741
2026-03-28 11:00:16.609,6,SO,107208,1,0,644,6154.9,LT-20260328-091741
2026-03-28 11:00:17.267,6,SO,107209,1,0,657,6155.5,LT-20260328-091741
2026-03-28 11:00:17.897,6,SO,107210,1,0,629,6156.1,LT-20260328-091741
2026-03-28 11:00:18.562,6,SO,107211,1,0,663,6156.8,LT-20260328-091741
2026-03-28 11:00:19.343,6,SO,107212,1,0,779,6157.6,LT-20260328-091741
2026-03-28 11:00:20.190,6,SO,107213,1,0,845,6158.4,LT-20260328-091741
2026-03-28 11:00:21.030,6,SO,107214,1,0,839,6159.3,LT-20260328-091741
2026-03-28 11:00:21.865,6,SO,107215,1,0,833,6160.1,LT-20260328-091741
2026-03-28 11:00:22.691,6,SO,107216,1,0,824,6160.9,LT-20260328-091741
2026-03-28 11:00:23.541,6,SO,107217,1,0,848,6161.8,LT-20260328-091741
2026-03-28 11:00:24.405,6,SO,107218,1,0,863,6162.6,LT-20260328-091741
2026-03-28 11:00:25.249,6,SO,107219,1,0,842,6163.5,LT-20260328-091741
2026-03-28 11:00:26.098,6,SO,107220,1,0,847,6164.3,LT-20260328-091741
2026-03-28 11:00:26.933,6,SO,107221,1,0,833,6165.2,LT-20260328-091741
2026-03-28 11:00:27.783,6,SO,107222,1,0,845,6166,LT-20260328-091741
2026-03-28 11:00:28.626,6,SO,107223,1,0,842,6166.9,LT-20260328-091741
2026-03-28 11:00:29.436,6,SO,107224,1,0,808,6167.7,LT-20260328-091741
2026-03-28 11:00:30.065,6,SO,107225,1,0,627,6168.3,LT-20260328-091741
2026-03-28 11:00:30.706,6,SO,107226,1,0,639,6169,LT-20260328-091741
2026-03-28 11:00:31.358,6,SO,107227,1,0,650,6169.6,LT-20260328-091741
2026-03-28 11:00:31.995,6,SO,107228,1,0,635,6170.2,LT-20260328-091741
2026-03-28 11:00:32.618,6,SO,107229,1,0,622,6170.9,LT-20260328-091741
2026-03-28 11:00:33.257,6,SO,107230,1,0,636,6171.5,LT-20260328-091741
2026-03-28 11:00:33.900,6,SO,107231,1,0,641,6172.1,LT-20260328-091741
2026-03-28 11:00:34.537,6,SO,107232,1,0,636,6172.8,LT-20260328-091741
2026-03-28 11:00:35.178,6,SO,107233,1,0,638,6173.4,LT-20260328-091741
2026-03-28 11:00:35.820,6,SO,107234,1,0,641,6174.1,LT-20260328-091741
2026-03-28 11:00:36.471,6,SO,107235,1,0,648,6174.7,LT-20260328-091741
2026-03-28 11:00:37.131,6,SO,107236,1,0,659,6175.4,LT-20260328-091741
2026-03-28 11:00:37.778,6,SO,107237,1,0,645,6176,LT-20260328-091741
2026-03-28 11:00:38.411,6,SO,107238,1,0,632,6176.7,LT-20260328-091741
2026-03-28 11:00:39.062,6,SO,107239,1,0,648,6177.3,LT-20260328-091741
2026-03-28 11:00:39.815,6,SO,107240,1,0,752,6178.1,LT-20260328-091741
2026-03-28 11:00:40.645,6,SO,107241,1,0,828,6178.9,LT-20260328-091741
2026-03-28 11:00:41.491,6,SO,107242,1,0,844,6179.7,LT-20260328-091741
2026-03-28 11:00:42.318,6,SO,107243,1,0,825,6180.6,LT-20260328-091741
2026-03-28 11:00:43.170,6,SO,107244,1,0,849,6181.4,LT-20260328-091741
2026-03-28 11:00:44.031,6,SO,107245,1,0,859,6182.3,LT-20260328-091741
2026-03-28 11:00:44.896,6,SO,107246,1,0,864,6183.1,LT-20260328-091741
2026-03-28 11:00:45.751,6,SO,107247,1,0,853,6184,LT-20260328-091741
2026-03-28 11:00:46.620,6,SO,107248,1,0,868,6184.9,LT-20260328-091741
2026-03-28 11:00:47.520,6,SO,107249,1,0,899,6185.8,LT-20260328-091741
2026-03-28 11:00:48.386,6,SO,107250,1,0,864,6186.6,LT-20260328-091741
2026-03-28 11:00:49.249,6,SO,107251,1,0,861,6187.5,LT-20260328-091741
2026-03-28 11:00:50.178,6,SO,107252,1,0,927,6188.4,LT-20260328-091741
2026-03-28 11:00:51.061,6,SO,107253,1,0,880,6189.3,LT-20260328-091741
2026-03-28 11:00:52.015,6,SO,107254,1,0,951,6190.3,LT-20260328-091741
2026-03-28 11:00:52.867,6,SO,107255,1,0,849,6191.1,LT-20260328-091741
2026-03-28 11:00:53.737,6,SO,107256,1,0,867,6192,LT-20260328-091741
2026-03-28 11:00:54.630,6,SO,107257,1,0,891,6192.9,LT-20260328-091741
2026-03-28 11:00:55.561,6,SO,107258,1,0,928,6193.8,LT-20260328-091741
2026-03-28 11:00:56.532,6,SO,107259,1,0,967,6194.8,LT-20260328-091741
2026-03-28 11:00:57.410,6,SO,107260,1,0,876,6195.7,LT-20260328-091741
2026-03-28 11:00:58.295,6,SO,107261,1,0,882,6196.5,LT-20260328-091741
2026-03-28 11:00:59.188,6,SO,107262,1,0,891,6197.4,LT-20260328-091741
2026-03-28 11:00:59.879,6,SO,107263,1,0,687,6198.1,LT-20260328-091741
2026-03-28 11:01:00.600,6,SO,107264,1,0,717,6198.8,LT-20260328-091741
2026-03-28 11:01:01.297,6,SO,107265,1,0,694,6199.5,LT-20260328-091741
2026-03-28 11:01:01.998,6,SO,107266,1,0,698,6200.2,LT-20260328-091741
2026-03-28 11:01:02.672,6,SO,107267,1,0,672,6200.9,LT-20260328-091741
2026-03-28 11:01:03.342,6,SO,107268,1,0,669,6201.6,LT-20260328-091741
2026-03-28 11:01:04.112,6,SO,107269,1,0,764,6202.4,LT-20260328-091741
2026-03-28 11:01:04.804,6,SO,107270,1,0,689,6203,LT-20260328-091741
2026-03-28 11:01:05.491,6,SO,107271,1,0,684,6203.7,LT-20260328-091741
2026-03-28 11:01:06.176,6,SO,107272,1,0,678,6204.4,LT-20260328-091741
2026-03-28 11:01:06.930,6,SO,107273,1,0,751,6205.2,LT-20260328-091741
2026-03-28 11:01:07.635,6,SO,107274,1,0,701,6205.9,LT-20260328-091741
2026-03-28 11:01:08.375,6,SO,107275,1,0,738,6206.6,LT-20260328-091741
2026-03-28 11:01:09.367,6,SO,107276,1,0,988,6207.6,LT-20260328-091741
2026-03-28 11:01:10.234,6,SO,107277,1,0,864,6208.5,LT-20260328-091741
2026-03-28 11:01:11.095,6,SO,107278,1,0,860,6209.3,LT-20260328-091741
2026-03-28 11:01:11.960,6,SO,107279,1,0,861,6210.2,LT-20260328-091741
2026-03-28 11:01:12.923,6,SO,107280,1,0,959,6211.2,LT-20260328-091741
2026-03-28 11:01:13.906,6,SO,107281,1,0,979,6212.2,LT-20260328-091741
2026-03-28 11:01:14.844,6,SO,107282,1,0,937,6213.1,LT-20260328-091741
2026-03-28 11:01:15.709,6,SO,107283,1,0,862,6214,LT-20260328-091741
2026-03-28 11:01:16.593,6,SO,107284,1,0,883,6214.8,LT-20260328-091741
2026-03-28 11:01:17.517,6,SO,107285,1,0,922,6215.8,LT-20260328-091741
2026-03-28 11:01:18.433,6,SO,107286,1,0,913,6216.7,LT-20260328-091741
2026-03-28 11:01:19.311,6,SO,107287,1,0,875,6217.6,LT-20260328-091741
2026-03-28 11:01:20.018,6,SO,107288,1,0,705,6218.3,LT-20260328-091741
2026-03-28 11:01:20.764,6,SO,107289,1,0,743,6219,LT-20260328-091741
2026-03-28 11:01:21.537,6,SO,107290,1,0,770,6219.8,LT-20260328-091741
2026-03-28 11:01:22.206,6,SO,107291,1,0,665,6220.5,LT-20260328-091741
2026-03-28 11:01:22.991,6,SO,107292,1,0,782,6221.2,LT-20260328-091741
2026-03-28 11:01:23.709,6,SO,107293,1,0,715,6222,LT-20260328-091741
2026-03-28 11:01:24.438,6,SO,107294,1,0,727,6222.7,LT-20260328-091741
2026-03-28 11:01:25.174,6,SO,107295,1,0,732,6223.4,LT-20260328-091741
2026-03-28 11:01:25.868,6,SO,107296,1,0,692,6224.1,LT-20260328-091741
2026-03-28 11:01:26.585,6,SO,107297,1,0,712,6224.8,LT-20260328-091741
2026-03-28 11:01:27.274,6,SO,107298,1,0,686,6225.5,LT-20260328-091741
2026-03-28 11:01:28.132,6,SO,107299,1,0,855,6226.4,LT-20260328-091741
2026-03-28 11:01:29.141,6,SO,107300,1,0,1005,6227.4,LT-20260328-091741
2026-03-28 11:01:30.311,6,SO,107301,1,0,1166,6228.6,LT-20260328-091741
2026-03-28 11:01:31.278,6,SO,107302,1,0,965,6229.5,LT-20260328-091741
2026-03-28 11:01:32.111,6,SO,107303,1,0,832,6230.4,LT-20260328-091741
2026-03-28 11:01:32.969,6,SO,107304,1,0,854,6231.2,LT-20260328-091741
2026-03-28 11:01:33.866,6,SO,107305,1,0,893,6232.1,LT-20260328-091741
2026-03-28 11:01:34.744,6,SO,107306,1,0,874,6233,LT-20260328-091741
2026-03-28 11:01:35.614,6,SO,107307,1,0,866,6233.9,LT-20260328-091741
2026-03-28 11:01:36.948,6,SO,107308,1,0,1331,6235.2,LT-20260328-091741
2026-03-28 11:01:37.858,6,SO,107309,1,0,907,6236.1,LT-20260328-091741
2026-03-28 11:01:38.741,6,SO,107310,1,0,880,6237,LT-20260328-091741
2026-03-28 11:01:39.585,6,SO,107311,1,0,841,6237.8,LT-20260328-091741
2026-03-28 11:01:40.305,6,SO,107312,1,0,717,6238.6,LT-20260328-091741
2026-03-28 11:01:41.045,6,SO,107313,1,0,737,6239.3,LT-20260328-091741
2026-03-28 11:01:41.921,6,SO,107314,1,0,873,6240.2,LT-20260328-091741
2026-03-28 11:01:42.660,6,SO,107315,1,0,735,6240.9,LT-20260328-091741
2026-03-28 11:01:43.361,6,SO,107316,1,0,696,6241.6,LT-20260328-091741
2026-03-28 11:01:44.054,6,SO,107317,1,0,690,6242.3,LT-20260328-091741
2026-03-28 11:01:44.744,6,SO,107318,1,0,687,6243,LT-20260328-091741
2026-03-28 11:01:45.441,6,SO,107319,1,0,694,6243.7,LT-20260328-091741
2026-03-28 11:01:46.206,6,SO,107320,1,0,762,6244.5,LT-20260328-091741
2026-03-28 11:01:46.884,6,SO,107321,1,0,675,6245.1,LT-20260328-091741
2026-03-28 11:01:47.545,6,SO,107322,1,0,658,6245.8,LT-20260328-091741
2026-03-28 11:01:48.235,6,SO,107323,1,0,688,6246.5,LT-20260328-091741
2026-03-28 11:01:48.883,6,SO,107324,1,0,644,6247.1,LT-20260328-091741
2026-03-28 11:01:49.548,6,SO,107325,1,0,663,6247.8,LT-20260328-091741
2026-03-28 11:01:50.243,6,SO,107326,1,0,692,6248.5,LT-20260328-091741
2026-03-28 11:01:50.974,6,SO,107327,1,0,727,6249.2,LT-20260328-091741
2026-03-28 11:01:51.645,6,SO,107328,1,0,669,6249.9,LT-20260328-091741
2026-03-28 11:01:52.349,6,SO,107329,1,0,701,6250.6,LT-20260328-091741
2026-03-28 11:01:53.056,6,SO,107330,1,0,704,6251.3,LT-20260328-091741
2026-03-28 11:01:53.737,6,SO,107331,1,0,677,6252,LT-20260328-091741
2026-03-28 11:01:54.374,6,SO,107332,1,0,635,6252.6,LT-20260328-091741
2026-03-28 11:01:55.026,6,SO,107333,1,0,650,6253.3,LT-20260328-091741
2026-03-28 11:01:56.608,6,SO,107334,1,0,1579,6254.9,LT-20260328-091741
2026-03-28 11:01:57.297,6,SO,107335,1,0,687,6255.5,LT-20260328-091741
2026-03-28 11:01:57.994,6,SO,107336,1,0,693,6256.2,LT-20260328-091741
2026-03-28 11:01:58.695,6,SO,107337,1,0,698,6256.9,LT-20260328-091741
2026-03-28 11:01:59.380,6,SO,107338,1,0,682,6257.6,LT-20260328-091741
2026-03-28 11:02:00.247,6,SO,107339,1,0,865,6258.5,LT-20260328-091741
2026-03-28 11:02:01.121,6,SO,107340,1,0,871,6259.4,LT-20260328-091741
2026-03-28 11:02:01.986,6,SO,107341,1,0,863,6260.2,LT-20260328-091741
2026-03-28 11:02:02.865,6,SO,107342,1,0,877,6261.1,LT-20260328-091741
2026-03-28 11:02:03.888,6,SO,107343,1,0,1021,6262.1,LT-20260328-091741
2026-03-28 11:02:04.782,6,SO,107344,1,0,891,6263,LT-20260328-091741
2026-03-28 11:02:05.654,6,SO,107345,1,0,870,6263.9,LT-20260328-091741
2026-03-28 11:02:06.527,6,SO,107346,1,0,871,6264.8,LT-20260328-091741
2026-03-28 11:02:07.402,6,SO,107347,1,0,871,6265.6,LT-20260328-091741
2026-03-28 11:02:08.269,6,SO,107348,1,0,864,6266.5,LT-20260328-091741
2026-03-28 11:02:09.147,6,SO,107349,1,0,874,6267.4,LT-20260328-091741
2026-03-28 11:02:10.136,6,SO,107350,1,0,985,6268.4,LT-20260328-091741
2026-03-28 11:02:10.972,6,SO,107351,1,0,834,6269.2,LT-20260328-091741
2026-03-28 11:02:11.849,6,SO,107352,1,0,874,6270.1,LT-20260328-091741
2026-03-28 11:02:12.771,6,SO,107353,1,0,918,6271,LT-20260328-091741
2026-03-28 11:02:13.633,6,SO,107354,1,0,859,6271.9,LT-20260328-091741
2026-03-28 11:02:14.494,6,SO,107355,1,0,859,6272.7,LT-20260328-091741
2026-03-28 11:02:15.341,6,SO,107356,1,0,846,6273.6,LT-20260328-091741
2026-03-28 11:02:16.203,6,SO,107357,1,0,860,6274.4,LT-20260328-091741
2026-03-28 11:02:17.062,6,SO,107358,1,0,857,6275.3,LT-20260328-091741
2026-03-28 11:02:17.940,6,SO,107359,1,0,875,6276.2,LT-20260328-091741
2026-03-28 11:02:19.261,6,SO,107360,1,0,1319,6277.5,LT-20260328-091741
2026-03-28 11:02:20.143,6,SO,107361,1,0,879,6278.4,LT-20260328-091741
2026-03-28 11:02:21.010,6,SO,107362,1,0,863,6279.3,LT-20260328-091741
2026-03-28 11:02:21.898,6,SO,107363,1,0,883,6280.1,LT-20260328-091741
2026-03-28 11:02:22.752,6,SO,107364,1,0,852,6281,LT-20260328-091741
2026-03-28 11:02:23.619,6,SO,107365,1,0,864,6281.9,LT-20260328-091741
2026-03-28 11:02:24.463,6,SO,107366,1,0,840,6282.7,LT-20260328-091741
2026-03-28 11:02:25.369,6,SO,107367,1,0,900,6283.6,LT-20260328-091741
2026-03-28 11:02:26.239,6,SO,107368,1,0,867,6284.5,LT-20260328-091741
2026-03-28 11:02:27.144,6,SO,107369,1,0,901,6285.4,LT-20260328-091741
2026-03-28 11:02:28.004,6,SO,107370,1,0,857,6286.2,LT-20260328-091741
2026-03-28 11:02:28.896,6,SO,107371,1,0,889,6287.1,LT-20260328-091741
2026-03-28 11:02:29.682,6,SO,107372,1,0,782,6287.9,LT-20260328-091741
2026-03-28 11:02:30.369,6,SO,107373,1,0,682,6288.6,LT-20260328-091741
2026-03-28 11:02:31.056,6,SO,107374,1,0,684,6289.3,LT-20260328-091741
2026-03-28 11:02:31.779,6,SO,107375,1,0,720,6290,LT-20260328-091741
2026-03-28 11:02:32.471,6,SO,107376,1,0,688,6290.7,LT-20260328-091741
2026-03-28 11:02:33.169,6,SO,107377,1,0,695,6291.4,LT-20260328-091741
2026-03-28 11:02:33.860,6,SO,107378,1,0,687,6292.1,LT-20260328-091741
2026-03-28 11:02:34.535,6,SO,107379,1,0,671,6292.8,LT-20260328-091741
2026-03-28 11:02:35.203,6,SO,107380,1,0,665,6293.4,LT-20260328-091741
2026-03-28 11:02:35.877,6,SO,107381,1,0,671,6294.1,LT-20260328-091741
2026-03-28 11:02:36.556,6,SO,107382,1,0,676,6294.8,LT-20260328-091741
2026-03-28 11:02:37.257,6,SO,107383,1,0,697,6295.5,LT-20260328-091741
2026-03-28 11:02:37.903,6,SO,107384,1,0,643,6296.1,LT-20260328-091741
2026-03-28 11:02:38.563,6,SO,107385,1,0,659,6296.8,LT-20260328-091741
2026-03-28 11:02:39.242,6,SO,107386,1,0,675,6297.5,LT-20260328-091741
2026-03-28 11:02:40.147,6,SO,107387,1,0,901,6298.4,LT-20260328-091741
2026-03-28 11:02:41.026,6,SO,107388,1,0,876,6299.3,LT-20260328-091741
2026-03-28 11:02:41.881,6,SO,107389,1,0,851,6300.1,LT-20260328-091741
2026-03-28 11:02:42.779,6,SO,107390,1,0,894,6301,LT-20260328-091741
2026-03-28 11:02:43.690,6,SO,107391,1,0,908,6301.9,LT-20260328-091741
2026-03-28 11:02:44.621,6,SO,107392,1,0,928,6302.9,LT-20260328-091741
2026-03-28 11:02:45.499,6,SO,107393,1,0,875,6303.7,LT-20260328-091741
2026-03-28 11:02:46.357,6,SO,107394,1,0,855,6304.6,LT-20260328-091741
2026-03-28 11:02:47.244,6,SO,107395,1,0,885,6305.5,LT-20260328-091741
2026-03-28 11:02:48.116,6,SO,107396,1,0,869,6306.4,LT-20260328-091741
2026-03-28 11:02:49.026,6,SO,107397,1,0,905,6307.3,LT-20260328-091741
2026-03-28 11:02:49.890,6,SO,107398,1,0,862,6308.1,LT-20260328-091741
2026-03-28 11:02:50.786,6,SO,107399,1,0,893,6309,LT-20260328-091741
2026-03-28 11:02:51.661,6,SO,107400,1,0,871,6309.9,LT-20260328-091741
2026-03-28 11:02:52.524,6,SO,107401,1,0,861,6310.8,LT-20260328-091741
2026-03-28 11:02:53.416,6,SO,107402,1,0,889,6311.7,LT-20260328-091741
2026-03-28 11:02:54.277,6,SO,107403,1,0,858,6312.5,LT-20260328-091741
2026-03-28 11:02:55.147,6,SO,107404,1,0,868,6313.4,LT-20260328-091741
2026-03-28 11:02:56.000,6,SO,107405,1,0,850,6314.2,LT-20260328-091741
2026-03-28 11:02:56.858,6,SO,107406,1,0,855,6315.1,LT-20260328-091741
2026-03-28 11:02:57.767,6,SO,107407,1,0,907,6316,LT-20260328-091741
2026-03-28 11:02:58.636,6,SO,107408,1,0,865,6316.9,LT-20260328-091741
2026-03-28 11:02:59.480,6,SO,107409,1,0,841,6317.7,LT-20260328-091741
2026-03-28 11:03:00.351,6,SO,107410,1,0,865,6318.6,LT-20260328-091741
2026-03-28 11:03:01.228,6,SO,107411,1,0,874,6319.5,LT-20260328-091741
2026-03-28 11:03:02.129,6,SO,107412,1,0,897,6320.4,LT-20260328-091741
2026-03-28 11:03:02.997,6,SO,107413,1,0,864,6321.2,LT-20260328-091741
2026-03-28 11:03:03.898,6,SO,107414,1,0,897,6322.1,LT-20260328-091741
2026-03-28 11:03:04.879,6,SO,107415,1,0,977,6323.1,LT-20260328-091741
2026-03-28 11:03:05.741,6,SO,107416,1,0,858,6324,LT-20260328-091741
2026-03-28 11:03:06.594,6,SO,107417,1,0,850,6324.8,LT-20260328-091741
2026-03-28 11:03:07.470,6,SO,107418,1,0,873,6325.7,LT-20260328-091741
2026-03-28 11:03:08.280,6,SO,107419,1,0,807,6326.5,LT-20260328-091741
2026-03-28 11:03:08.945,6,SO,107420,1,0,661,6327.2,LT-20260328-091741
2026-03-28 11:03:09.651,6,SO,107421,1,0,703,6327.9,LT-20260328-091741
2026-03-28 11:03:10.293,6,SO,107422,1,0,638,6328.5,LT-20260328-091741
2026-03-28 11:03:10.948,6,SO,107423,1,0,653,6329.2,LT-20260328-091741
2026-03-28 11:03:11.659,6,SO,107424,1,0,705,6329.9,LT-20260328-091741
2026-03-28 11:03:12.321,6,SO,107425,1,0,658,6330.6,LT-20260328-091741
2026-03-28 11:03:13.017,6,SO,107426,1,0,692,6331.3,LT-20260328-091741
2026-03-28 11:03:13.700,6,SO,107427,1,0,678,6331.9,LT-20260328-091741
2026-03-28 11:03:14.365,6,SO,107428,1,0,661,6332.6,LT-20260328-091741
2026-03-28 11:03:14.987,6,SO,107429,1,0,620,6333.2,LT-20260328-091741
2026-03-28 11:03:15.646,6,SO,107430,1,0,657,6333.9,LT-20260328-091741
2026-03-28 11:03:16.351,6,SO,107431,1,0,701,6334.6,LT-20260328-091741
2026-03-28 11:03:17.071,6,SO,107432,1,0,718,6335.3,LT-20260328-091741
2026-03-28 11:03:17.729,6,SO,107433,1,0,655,6336,LT-20260328-091741
2026-03-28 11:03:18.456,6,SO,107434,1,0,725,6336.7,LT-20260328-091741
2026-03-28 11:03:19.316,6,SO,107435,1,0,856,6337.6,LT-20260328-091741
2026-03-28 11:03:20.186,6,SO,107436,1,0,866,6338.4,LT-20260328-091741
2026-03-28 11:03:21.027,6,SO,107437,1,0,839,6339.3,LT-20260328-091741
2026-03-28 11:03:21.873,6,SO,107438,1,0,843,6340.1,LT-20260328-091741
2026-03-28 11:03:22.727,6,SO,107439,1,0,852,6341,LT-20260328-091741
2026-03-28 11:03:23.566,6,SO,107440,1,0,835,6341.8,LT-20260328-091741
2026-03-28 11:03:24.411,6,SO,107441,1,0,842,6342.7,LT-20260328-091741
2026-03-28 11:03:25.273,6,SO,107442,1,0,858,6343.5,LT-20260328-091741
2026-03-28 11:03:26.142,6,SO,107443,1,0,864,6344.4,LT-20260328-091741
2026-03-28 11:03:27.034,6,SO,107444,1,0,890,6345.3,LT-20260328-091741
2026-03-28 11:03:28.019,6,SO,107445,1,0,983,6346.3,LT-20260328-091741
2026-03-28 11:03:28.801,6,SO,107446,1,0,778,6347,LT-20260328-091741
2026-03-28 11:03:29.575,6,SO,107447,1,0,772,6347.8,LT-20260328-091741
2026-03-28 11:03:30.249,6,SO,107448,1,0,671,6348.5,LT-20260328-091741
2026-03-28 11:03:30.939,6,SO,107449,1,0,688,6349.2,LT-20260328-091741
2026-03-28 11:03:31.791,6,SO,107450,1,0,849,6350,LT-20260328-091741
2026-03-28 11:03:32.660,6,SO,107451,1,0,864,6350.9,LT-20260328-091741
2026-03-28 11:03:33.395,6,SO,107452,1,0,732,6351.6,LT-20260328-091741
2026-03-28 11:03:34.144,6,SO,107453,1,0,746,6352.4,LT-20260328-091741
2026-03-28 11:03:34.832,6,SO,107454,1,0,684,6353.1,LT-20260328-091741
2026-03-28 11:03:35.519,6,SO,107455,1,0,682,6353.8,LT-20260328-091741
2026-03-28 11:03:36.199,6,SO,107456,1,0,674,6354.4,LT-20260328-091741
2026-03-28 11:03:36.890,6,SO,107457,1,0,688,6355.1,LT-20260328-091741
2026-03-28 11:03:37.586,6,SO,107458,1,0,692,6355.8,LT-20260328-091741
2026-03-28 11:03:38.347,6,SO,107459,1,0,759,6356.6,LT-20260328-091741
2026-03-28 11:03:39.209,6,SO,107460,1,0,858,6357.5,LT-20260328-091741
2026-03-28 11:03:40.069,6,SO,107461,1,0,858,6358.3,LT-20260328-091741
2026-03-28 11:03:40.938,6,SO,107462,1,0,865,6359.2,LT-20260328-091741
2026-03-28 11:03:41.782,6,SO,107463,1,0,839,6360,LT-20260328-091741
2026-03-28 11:03:42.663,6,SO,107464,1,0,878,6360.9,LT-20260328-091741
2026-03-28 11:03:43.537,6,SO,107465,1,0,871,6361.8,LT-20260328-091741
2026-03-28 11:03:44.450,6,SO,107466,1,0,906,6362.7,LT-20260328-091741
2026-03-28 11:03:45.323,6,SO,107467,1,0,869,6363.6,LT-20260328-091741
2026-03-28 11:03:46.193,6,SO,107468,1,0,866,6364.4,LT-20260328-091741
2026-03-28 11:03:47.105,6,SO,107469,1,0,909,6365.4,LT-20260328-091741
2026-03-28 11:03:47.981,6,SO,107470,1,0,872,6366.2,LT-20260328-091741
2026-03-28 11:03:48.876,6,SO,107471,1,0,892,6367.1,LT-20260328-091741
2026-03-28 11:03:49.718,6,SO,107472,1,0,839,6368,LT-20260328-091741
2026-03-28 11:03:50.562,6,SO,107473,1,0,841,6368.8,LT-20260328-091741
2026-03-28 11:03:51.427,6,SO,107474,1,0,862,6369.7,LT-20260328-091741
2026-03-28 11:03:52.300,6,SO,107475,1,0,870,6370.5,LT-20260328-091741
2026-03-28 11:03:53.186,6,SO,107476,1,0,883,6371.4,LT-20260328-091741
2026-03-28 11:03:54.086,6,SO,107477,1,0,896,6372.3,LT-20260328-091741
2026-03-28 11:03:54.936,6,SO,107478,1,0,847,6373.2,LT-20260328-091741
2026-03-28 11:03:55.814,6,SO,107479,1,0,874,6374.1,LT-20260328-091741
2026-03-28 11:03:56.746,6,SO,107480,1,0,929,6375,LT-20260328-091741
2026-03-28 11:03:57.604,6,SO,107481,1,0,854,6375.8,LT-20260328-091741
2026-03-28 11:03:58.420,6,SO,107482,1,0,811,6376.7,LT-20260328-091741
2026-03-28 11:03:59.136,6,SO,107483,1,0,714,6377.4,LT-20260328-091741
2026-03-28 11:03:59.834,6,SO,107484,1,0,694,6378.1,LT-20260328-091741
2026-03-28 11:04:00.525,6,SO,107485,1,0,688,6378.8,LT-20260328-091741
2026-03-28 11:04:01.229,6,SO,107486,1,0,702,6379.5,LT-20260328-091741
2026-03-28 11:04:01.913,6,SO,107487,1,0,679,6380.2,LT-20260328-091741
2026-03-28 11:04:02.616,6,SO,107488,1,0,699,6380.9,LT-20260328-091741
2026-03-28 11:04:03.321,6,SO,107489,1,0,701,6381.6,LT-20260328-091741
2026-03-28 11:04:04.011,6,SO,107490,1,0,686,6382.3,LT-20260328-091741
2026-03-28 11:04:04.782,6,SO,107491,1,0,768,6383,LT-20260328-091741
2026-03-28 11:04:05.500,6,SO,107492,1,0,714,6383.7,LT-20260328-091741
2026-03-28 11:04:06.165,6,SO,107493,1,0,662,6384.4,LT-20260328-091741
2026-03-28 11:04:06.823,6,SO,107494,1,0,655,6385.1,LT-20260328-091741
2026-03-28 11:04:07.537,6,SO,107495,1,0,711,6385.8,LT-20260328-091741
2026-03-28 11:04:08.231,6,SO,107496,1,0,689,6386.5,LT-20260328-091741
2026-03-28 11:04:08.930,6,SO,107497,1,0,695,6387.2,LT-20260328-091741
2026-03-28 11:04:09.611,6,SO,107498,1,0,677,6387.9,LT-20260328-091741
2026-03-28 11:04:10.260,6,SO,107499,1,0,645,6388.5,LT-20260328-091741
2026-03-28 11:04:10.940,6,SO,107500,1,0,679,6389.2,LT-20260328-091741
2026-03-28 11:04:11.632,6,SO,107501,1,0,689,6389.9,LT-20260328-091741
2026-03-28 11:04:12.327,6,SO,107502,1,0,691,6390.6,LT-20260328-091741
2026-03-28 11:04:13.004,6,SO,107503,1,0,673,6391.2,LT-20260328-091741
2026-03-28 11:04:13.680,6,SO,107504,1,0,672,6391.9,LT-20260328-091741
2026-03-28 11:04:14.331,6,SO,107505,1,0,648,6392.6,LT-20260328-091741
2026-03-28 11:04:14.998,6,SO,107506,1,0,664,6393.2,LT-20260328-091741
2026-03-28 11:04:15.661,6,SO,107507,1,0,661,6393.9,LT-20260328-091741
2026-03-28 11:04:16.339,6,SO,107508,1,0,674,6394.6,LT-20260328-091741
2026-03-28 11:04:17.020,6,SO,107509,1,0,678,6395.3,LT-20260328-091741
2026-03-28 11:04:17.699,6,SO,107510,1,0,676,6395.9,LT-20260328-091741
2026-03-28 11:04:18.380,6,SO,107511,1,0,678,6396.6,LT-20260328-091741
2026-03-28 11:04:19.056,6,SO,107512,1,0,674,6397.3,LT-20260328-091741
2026-03-28 11:04:19.741,6,SO,107513,1,0,681,6398,LT-20260328-091741
2026-03-28 11:04:20.483,6,SO,107514,1,0,738,6398.7,LT-20260328-091741
2026-03-28 11:04:21.213,6,SO,107515,1,0,727,6399.5,LT-20260328-091741
2026-03-28 11:04:21.892,6,SO,107516,1,0,674,6400.1,LT-20260328-091741
2026-03-28 11:04:22.558,6,SO,107517,1,0,664,6400.8,LT-20260328-091741
2026-03-28 11:04:23.258,6,SO,107518,1,0,697,6401.5,LT-20260328-091741
2026-03-28 11:04:23.922,6,SO,107519,1,0,660,6402.2,LT-20260328-091741
2026-03-28 11:04:24.635,6,SO,107520,1,0,710,6402.9,LT-20260328-091741
2026-03-28 11:04:25.320,6,SO,107521,1,0,682,6403.6,LT-20260328-091741
2026-03-28 11:04:25.969,6,SO,107522,1,0,646,6404.2,LT-20260328-091741
2026-03-28 11:04:26.641,6,SO,107523,1,0,669,6404.9,LT-20260328-091741
2026-03-28 11:04:27.312,6,SO,107524,1,0,663,6405.6,LT-20260328-091741
2026-03-28 11:04:28.018,6,SO,107525,1,0,703,6406.3,LT-20260328-091741
2026-03-28 11:04:28.702,6,SO,107526,1,0,679,6406.9,LT-20260328-091741
2026-03-28 11:04:29.379,6,SO,107527,1,0,674,6407.6,LT-20260328-091741
2026-03-28 11:04:30.064,6,SO,107528,1,0,681,6408.3,LT-20260328-091741
2026-03-28 11:04:30.747,6,SO,107529,1,0,679,6409,LT-20260328-091741
2026-03-28 11:04:31.448,6,SO,107530,1,0,698,6409.7,LT-20260328-091741
2026-03-28 11:04:32.190,6,SO,107531,1,0,739,6410.4,LT-20260328-091741
2026-03-28 11:04:32.908,6,SO,107532,1,0,714,6411.2,LT-20260328-091741
2026-03-28 11:04:33.662,6,SO,107533,1,0,750,6411.9,LT-20260328-091741
2026-03-28 11:04:34.335,6,SO,107534,1,0,671,6412.6,LT-20260328-091741
2026-03-28 11:04:35.016,6,SO,107535,1,0,678,6413.3,LT-20260328-091741
2026-03-28 11:04:35.675,6,SO,107536,1,0,656,6413.9,LT-20260328-091741
2026-03-28 11:04:36.370,6,SO,107537,1,0,691,6414.6,LT-20260328-091741
2026-03-28 11:04:37.047,6,SO,107538,1,0,675,6415.3,LT-20260328-091741
2026-03-28 11:04:37.728,6,SO,107539,1,0,677,6416,LT-20260328-091741
2026-03-28 11:04:38.448,6,SO,107540,1,0,716,6416.7,LT-20260328-091741
2026-03-28 11:04:39.149,6,SO,107541,1,0,697,6417.4,LT-20260328-091741
2026-03-28 11:04:39.846,6,SO,107542,1,0,694,6418.1,LT-20260328-091741
2026-03-28 11:04:40.515,6,SO,107543,1,0,665,6418.8,LT-20260328-091741
2026-03-28 11:04:41.215,6,SO,107544,1,0,697,6419.5,LT-20260328-091741
2026-03-28 11:04:41.865,6,SO,107545,1,0,647,6420.1,LT-20260328-091741
2026-03-28 11:04:42.537,6,SO,107546,1,0,669,6420.8,LT-20260328-091741
2026-03-28 11:04:43.230,6,SO,107547,1,0,690,6421.5,LT-20260328-091741
2026-03-28 11:04:43.900,6,SO,107548,1,0,667,6422.1,LT-20260328-091741
2026-03-28 11:04:44.634,6,SO,107549,1,0,730,6422.9,LT-20260328-091741
2026-03-28 11:04:45.313,6,SO,107550,1,0,676,6423.6,LT-20260328-091741
2026-03-28 11:04:46.009,6,SO,107551,1,0,694,6424.3,LT-20260328-091741
2026-03-28 11:04:46.705,6,SO,107552,1,0,691,6424.9,LT-20260328-091741
2026-03-28 11:04:47.413,6,SO,107553,1,0,702,6425.7,LT-20260328-091741
2026-03-28 11:04:48.112,6,SO,107554,1,0,696,6426.4,LT-20260328-091741
2026-03-28 11:04:48.998,6,SO,107555,1,0,884,6427.2,LT-20260328-091741
2026-03-28 11:04:49.861,6,SO,107556,1,0,860,6428.1,LT-20260328-091741
2026-03-28 11:04:50.724,6,SO,107557,1,0,861,6429,LT-20260328-091741
2026-03-28 11:04:51.638,6,SO,107558,1,0,909,6429.9,LT-20260328-091741
2026-03-28 11:04:52.582,6,SO,107559,1,0,940,6430.8,LT-20260328-091741
2026-03-28 11:04:53.463,6,SO,107560,1,0,877,6431.7,LT-20260328-091741
2026-03-28 11:04:54.353,6,SO,107561,1,0,886,6432.6,LT-20260328-091741
2026-03-28 11:04:55.217,6,SO,107562,1,0,860,6433.5,LT-20260328-091741
2026-03-28 11:04:56.083,6,SO,107563,1,0,865,6434.3,LT-20260328-091741
2026-03-28 11:04:56.972,6,SO,107564,1,0,886,6435.2,LT-20260328-091741
2026-03-28 11:04:57.820,6,SO,107565,1,0,844,6436.1,LT-20260328-091741
2026-03-28 11:04:58.582,6,SO,107566,1,0,760,6436.8,LT-20260328-091741
2026-03-28 11:04:59.259,6,SO,107567,1,0,674,6437.5,LT-20260328-091741
2026-03-28 11:04:59.979,6,SO,107568,1,0,717,6438.2,LT-20260328-091741
2026-03-28 11:05:00.679,6,SO,107569,1,0,696,6438.9,LT-20260328-091741
2026-03-28 11:05:01.415,6,SO,107570,1,0,734,6439.7,LT-20260328-091741
2026-03-28 11:05:02.155,6,SO,107571,1,0,735,6440.4,LT-20260328-091741
2026-03-28 11:05:02.868,6,SO,107572,1,0,710,6441.1,LT-20260328-091741
2026-03-28 11:05:03.562,6,SO,107573,1,0,691,6441.8,LT-20260328-091741
2026-03-28 11:05:04.234,6,SO,107574,1,0,669,6442.5,LT-20260328-091741
2026-03-28 11:05:04.930,6,SO,107575,1,0,692,6443.2,LT-20260328-091741
2026-03-28 11:05:05.641,6,SO,107576,1,0,707,6443.9,LT-20260328-091741
2026-03-28 11:05:06.347,6,SO,107577,1,0,702,6444.6,LT-20260328-091741
2026-03-28 11:05:07.067,6,SO,107578,1,0,718,6445.3,LT-20260328-091741
2026-03-28 11:05:07.773,6,SO,107579,1,0,701,6446,LT-20260328-091741
2026-03-28 11:05:08.467,6,SO,107580,1,0,691,6446.7,LT-20260328-091741
2026-03-28 11:05:09.158,6,SO,107581,1,0,688,6447.4,LT-20260328-091741
2026-03-28 11:05:09.906,6,SO,107582,1,0,745,6448.2,LT-20260328-091741
2026-03-28 11:05:10.577,6,SO,107583,1,0,670,6448.8,LT-20260328-091741
2026-03-28 11:05:11.270,6,SO,107584,1,0,692,6449.5,LT-20260328-091741
2026-03-28 11:05:11.962,6,SO,107585,1,0,688,6450.2,LT-20260328-091741
2026-03-28 11:05:12.652,6,SO,107586,1,0,686,6450.9,LT-20260328-091741
2026-03-28 11:05:13.328,6,SO,107587,1,0,673,6451.6,LT-20260328-091741
2026-03-28 11:05:13.976,6,SO,107588,1,0,646,6452.2,LT-20260328-091741
2026-03-28 11:05:14.690,6,SO,107589,1,0,710,6452.9,LT-20260328-091741
2026-03-28 11:05:15.330,6,SO,107590,1,0,639,6453.6,LT-20260328-091741
2026-03-28 11:05:16.023,6,SO,107591,1,0,690,6454.3,LT-20260328-091741
2026-03-28 11:05:16.696,6,SO,107592,1,0,670,6454.9,LT-20260328-091741
2026-03-28 11:05:17.422,6,SO,107593,1,0,723,6455.7,LT-20260328-091741
2026-03-28 11:05:18.120,6,SO,107594,1,0,696,6456.4,LT-20260328-091741
2026-03-28 11:05:18.816,6,SO,107595,1,0,693,6457.1,LT-20260328-091741
2026-03-28 11:05:19.498,6,SO,107596,1,0,679,6457.7,LT-20260328-091741
2026-03-28 11:05:20.242,6,SO,107597,1,0,741,6458.5,LT-20260328-091741
2026-03-28 11:05:20.916,6,SO,107598,1,0,670,6459.2,LT-20260328-091741
2026-03-28 11:05:21.634,6,SO,107599,1,0,715,6459.9,LT-20260328-091741
2026-03-28 11:05:22.331,6,SO,107600,1,0,692,6460.6,LT-20260328-091741
2026-03-28 11:05:23.005,6,SO,107601,1,0,672,6461.3,LT-20260328-091741
2026-03-28 11:05:23.684,6,SO,107602,1,0,676,6461.9,LT-20260328-091741
2026-03-28 11:05:24.384,6,SO,107603,1,0,696,6462.6,LT-20260328-091741
2026-03-28 11:05:25.069,6,SO,107604,1,0,681,6463.3,LT-20260328-091741
2026-03-28 11:05:25.740,6,SO,107605,1,0,669,6464,LT-20260328-091741
2026-03-28 11:05:26.420,6,SO,107606,1,0,676,6464.7,LT-20260328-091741
2026-03-28 11:05:27.123,6,SO,107607,1,0,700,6465.4,LT-20260328-091741
2026-03-28 11:05:27.810,6,SO,107608,1,0,685,6466.1,LT-20260328-091741
2026-03-28 11:05:28.541,6,SO,107609,1,0,728,6466.8,LT-20260328-091741
2026-03-28 11:05:29.281,6,SO,107610,1,0,738,6467.5,LT-20260328-091741
2026-03-28 11:05:29.971,6,SO,107611,1,0,685,6468.2,LT-20260328-091741
2026-03-28 11:05:30.720,6,SO,107612,1,0,746,6469,LT-20260328-091741
2026-03-28 11:05:31.460,6,SO,107613,1,0,736,6469.7,LT-20260328-091741
2026-03-28 11:05:32.140,6,SO,107614,1,0,678,6470.4,LT-20260328-091741
2026-03-28 11:05:32.844,6,SO,107615,1,0,701,6471.1,LT-20260328-091741
2026-03-28 11:05:33.512,6,SO,107616,1,0,664,6471.8,LT-20260328-091741
2026-03-28 11:05:34.177,6,SO,107617,1,0,662,6472.4,LT-20260328-091741
2026-03-28 11:05:34.898,6,SO,107618,1,0,718,6473.1,LT-20260328-091741
2026-03-28 11:05:35.629,6,SO,107619,1,0,728,6473.9,LT-20260328-091741
2026-03-28 11:05:36.317,6,SO,107620,1,0,686,6474.6,LT-20260328-091741
2026-03-28 11:05:36.980,6,SO,107621,1,0,660,6475.2,LT-20260328-091741
2026-03-28 11:05:37.681,6,SO,107622,1,0,698,6475.9,LT-20260328-091741
2026-03-28 11:05:38.401,6,SO,107623,1,0,716,6476.6,LT-20260328-091741
2026-03-28 11:05:39.270,6,SO,107624,1,0,867,6477.5,LT-20260328-091741
2026-03-28 11:05:40.163,6,SO,107625,1,0,890,6478.4,LT-20260328-091741
2026-03-28 11:05:41.049,6,SO,107626,1,0,882,6479.3,LT-20260328-091741
2026-03-28 11:05:41.921,6,SO,107627,1,0,866,6480.2,LT-20260328-091741
2026-03-28 11:05:42.830,6,SO,107628,1,0,907,6481.1,LT-20260328-091741
2026-03-28 11:05:43.707,6,SO,107629,1,0,873,6482,LT-20260328-091741
2026-03-28 11:05:44.606,6,SO,107630,1,0,897,6482.9,LT-20260328-091741
2026-03-28 11:05:45.511,6,SO,107631,1,0,902,6483.8,LT-20260328-091741
2026-03-28 11:05:46.415,6,SO,107632,1,0,901,6484.7,LT-20260328-091741
2026-03-28 11:05:47.325,6,SO,107633,1,0,906,6485.6,LT-20260328-091741
2026-03-28 11:05:48.176,6,SO,107634,1,0,846,6486.4,LT-20260328-091741
2026-03-28 11:05:49.111,6,SO,107635,1,0,932,6487.4,LT-20260328-091741
2026-03-28 11:05:49.973,6,SO,107636,1,0,857,6488.2,LT-20260328-091741
2026-03-28 11:05:50.828,6,SO,107637,1,0,851,6489.1,LT-20260328-091741
2026-03-28 11:05:51.708,6,SO,107638,1,0,876,6490,LT-20260328-091741
2026-03-28 11:05:52.609,6,SO,107639,1,0,898,6490.9,LT-20260328-091741
2026-03-28 11:05:53.484,6,SO,107640,1,0,871,6491.7,LT-20260328-091741
2026-03-28 11:05:54.352,6,SO,107641,1,0,865,6492.6,LT-20260328-091741
2026-03-28 11:05:55.205,6,SO,107642,1,0,849,6493.4,LT-20260328-091741
2026-03-28 11:05:56.041,6,SO,107643,1,0,833,6494.3,LT-20260328-091741
2026-03-28 11:05:56.892,6,SO,107644,1,0,849,6495.1,LT-20260328-091741
2026-03-28 11:05:57.736,6,SO,107645,1,0,843,6496,LT-20260328-091741
2026-03-28 11:05:58.667,6,SO,107646,1,0,928,6496.9,LT-20260328-091741
2026-03-28 11:05:59.587,6,SO,107647,1,0,917,6497.8,LT-20260328-091741
2026-03-28 11:06:00.503,6,SO,107648,1,0,912,6498.7,LT-20260328-091741
2026-03-28 11:06:01.399,6,SO,107649,1,0,892,6499.6,LT-20260328-091741
2026-03-28 11:06:02.289,6,SO,107650,1,0,887,6500.5,LT-20260328-091741
2026-03-28 11:06:03.156,6,SO,107651,1,0,864,6501.4,LT-20260328-091741
2026-03-28 11:06:04.038,6,SO,107652,1,0,880,6502.3,LT-20260328-091741
2026-03-28 11:06:04.970,6,SO,107653,1,0,928,6503.2,LT-20260328-091741
2026-03-28 11:06:05.837,6,SO,107654,1,0,864,6504.1,LT-20260328-091741
2026-03-28 11:06:06.809,6,SO,107655,1,0,968,6505.1,LT-20260328-091741
2026-03-28 11:06:07.714,6,SO,107656,1,0,902,6506,LT-20260328-091741
2026-03-28 11:06:08.594,6,SO,107657,1,0,878,6506.8,LT-20260328-091741
2026-03-28 11:06:09.292,6,SO,107658,1,0,694,6507.5,LT-20260328-091741
2026-03-28 11:06:09.977,6,SO,107659,1,0,680,6508.2,LT-20260328-091741
2026-03-28 11:06:10.653,6,SO,107660,1,0,674,6508.9,LT-20260328-091741
2026-03-28 11:06:11.343,6,SO,107661,1,0,688,6509.6,LT-20260328-091741
2026-03-28 11:06:12.021,6,SO,107662,1,0,674,6510.3,LT-20260328-091741
2026-03-28 11:06:12.723,6,SO,107663,1,0,696,6511,LT-20260328-091741
2026-03-28 11:06:13.453,6,SO,107664,1,0,727,6511.7,LT-20260328-091741
2026-03-28 11:06:14.149,6,SO,107665,1,0,693,6512.4,LT-20260328-091741
2026-03-28 11:06:14.874,6,SO,107666,1,0,724,6513.1,LT-20260328-091741
2026-03-28 11:06:15.566,6,SO,107667,1,0,691,6513.8,LT-20260328-091741
2026-03-28 11:06:16.256,6,SO,107668,1,0,687,6514.5,LT-20260328-091741
2026-03-28 11:06:16.929,6,SO,107669,1,0,670,6515.2,LT-20260328-091741
2026-03-28 11:06:17.637,6,SO,107670,1,0,705,6515.9,LT-20260328-091741
2026-03-28 11:06:18.318,6,SO,107671,1,0,678,6516.6,LT-20260328-091741
2026-03-28 11:06:19.223,6,SO,107672,1,0,902,6517.5,LT-20260328-091741
2026-03-28 11:06:20.119,6,SO,107673,1,0,893,6518.4,LT-20260328-091741
2026-03-28 11:06:21.003,6,SO,107674,1,0,881,6519.2,LT-20260328-091741
2026-03-28 11:06:21.941,6,SO,107675,1,0,935,6520.2,LT-20260328-091741
2026-03-28 11:06:22.959,6,SO,107676,1,0,1014,6521.2,LT-20260328-091741
2026-03-28 11:06:23.989,6,SO,107677,1,0,1026,6522.2,LT-20260328-091741
2026-03-28 11:06:25.073,6,SO,107678,1,0,1081,6523.3,LT-20260328-091741
2026-03-28 11:06:26.227,6,SO,107679,1,0,1150,6524.5,LT-20260328-091741
2026-03-28 11:06:27.123,6,SO,107680,1,0,893,6525.4,LT-20260328-091741
2026-03-28 11:06:28.017,6,SO,107681,1,0,890,6526.3,LT-20260328-091741
2026-03-28 11:06:28.820,6,SO,107682,1,0,799,6527.1,LT-20260328-091741
2026-03-28 11:06:29.553,6,SO,107683,1,0,729,6527.8,LT-20260328-091741
2026-03-28 11:06:30.244,6,SO,107684,1,0,688,6528.5,LT-20260328-091741
2026-03-28 11:06:30.925,6,SO,107685,1,0,677,6529.2,LT-20260328-091741
2026-03-28 11:06:31.639,6,SO,107686,1,0,711,6529.9,LT-20260328-091741
2026-03-28 11:06:32.348,6,SO,107687,1,0,705,6530.6,LT-20260328-091741
2026-03-28 11:06:33.016,6,SO,107688,1,0,665,6531.3,LT-20260328-091741
2026-03-28 11:06:33.690,6,SO,107689,1,0,671,6531.9,LT-20260328-091741
2026-03-28 11:06:34.384,6,SO,107690,1,0,690,6532.6,LT-20260328-091741
2026-03-28 11:06:35.075,6,SO,107691,1,0,687,6533.3,LT-20260328-091741
2026-03-28 11:06:35.773,6,SO,107692,1,0,694,6534,LT-20260328-091741
2026-03-28 11:06:36.462,6,SO,107693,1,0,685,6534.7,LT-20260328-091741
2026-03-28 11:06:37.189,6,SO,107694,1,0,724,6535.4,LT-20260328-091741
2026-03-28 11:06:37.882,6,SO,107695,1,0,689,6536.1,LT-20260328-091741
2026-03-28 11:06:38.631,6,SO,107696,1,0,746,6536.9,LT-20260328-091741
2026-03-28 11:06:39.333,6,SO,107697,1,0,698,6537.6,LT-20260328-091741
2026-03-28 11:06:40.039,6,SO,107698,1,0,703,6538.3,LT-20260328-091741
2026-03-28 11:06:40.718,6,SO,107699,1,0,675,6539,LT-20260328-091741
2026-03-28 11:06:41.421,6,SO,107700,1,0,699,6539.7,LT-20260328-091741
2026-03-28 11:06:42.134,6,SO,107701,1,0,710,6540.4,LT-20260328-091741
2026-03-28 11:06:42.849,6,SO,107702,1,0,713,6541.1,LT-20260328-091741
2026-03-28 11:06:43.555,6,SO,107703,1,0,704,6541.8,LT-20260328-091741
2026-03-28 11:06:44.253,6,SO,107704,1,0,694,6542.5,LT-20260328-091741
2026-03-28 11:06:45.005,6,SO,107705,1,0,749,6543.2,LT-20260328-091741
2026-03-28 11:06:45.688,6,SO,107706,1,0,678,6543.9,LT-20260328-091741
2026-03-28 11:06:46.364,6,SO,107707,1,0,673,6544.6,LT-20260328-091741
2026-03-28 11:06:47.066,6,SO,107708,1,0,698,6545.3,LT-20260328-091741
2026-03-28 11:06:47.733,6,SO,107709,1,0,664,6546,LT-20260328-091741
2026-03-28 11:06:48.424,6,SO,107710,1,0,687,6546.7,LT-20260328-091741
2026-03-28 11:06:49.108,6,SO,107711,1,0,679,6547.4,LT-20260328-091741
2026-03-28 11:06:49.783,6,SO,107712,1,0,673,6548,LT-20260328-091741
2026-03-28 11:06:50.437,6,SO,107713,1,0,652,6548.7,LT-20260328-091741
2026-03-28 11:06:51.087,6,SO,107714,1,0,647,6549.3,LT-20260328-091741
2026-03-28 11:06:51.783,6,SO,107715,1,0,693,6550,LT-20260328-091741
2026-03-28 11:06:52.465,6,SO,107716,1,0,678,6550.7,LT-20260328-091741
2026-03-28 11:06:53.174,6,SO,107717,1,0,705,6551.4,LT-20260328-091741
2026-03-28 11:06:53.887,6,SO,107718,1,0,710,6552.1,LT-20260328-091741
2026-03-28 11:06:54.581,6,SO,107719,1,0,690,6552.8,LT-20260328-091741
2026-03-28 11:06:55.277,6,SO,107720,1,0,692,6553.5,LT-20260328-091741
2026-03-28 11:06:55.958,6,SO,107721,1,0,678,6554.2,LT-20260328-091741
2026-03-28 11:06:56.631,6,SO,107722,1,0,669,6554.9,LT-20260328-091741
2026-03-28 11:06:57.318,6,SO,107723,1,0,684,6555.6,LT-20260328-091741
2026-03-28 11:06:58.024,6,SO,107724,1,0,703,6556.3,LT-20260328-091741
2026-03-28 11:06:58.754,6,SO,107725,1,0,726,6557,LT-20260328-091741
2026-03-28 11:06:59.527,6,SO,107726,1,0,769,6557.8,LT-20260328-091741
2026-03-28 11:07:00.259,6,SO,107727,1,0,728,6558.5,LT-20260328-091741
2026-03-28 11:07:00.948,6,SO,107728,1,0,686,6559.2,LT-20260328-091741
2026-03-28 11:07:01.611,6,SO,107729,1,0,662,6559.9,LT-20260328-091741
2026-03-28 11:07:02.352,6,SO,107730,1,0,739,6560.6,LT-20260328-091741
2026-03-28 11:07:03.085,6,SO,107731,1,0,729,6561.3,LT-20260328-091741
2026-03-28 11:07:03.830,6,SO,107732,1,0,743,6562.1,LT-20260328-091741
2026-03-28 11:07:04.605,6,SO,107733,1,0,771,6562.8,LT-20260328-091741
2026-03-28 11:07:05.311,6,SO,107734,1,0,702,6563.6,LT-20260328-091741
2026-03-28 11:07:06.013,6,SO,107735,1,0,700,6564.3,LT-20260328-091741
2026-03-28 11:07:06.703,6,SO,107736,1,0,686,6564.9,LT-20260328-091741
2026-03-28 11:07:07.412,6,SO,107737,1,0,705,6565.7,LT-20260328-091741
2026-03-28 11:07:08.132,6,SO,107738,1,0,717,6566.4,LT-20260328-091741
2026-03-28 11:07:09.024,6,SO,107739,1,0,888,6567.3,LT-20260328-091741
2026-03-28 11:07:09.955,6,SO,107740,1,0,927,6568.2,LT-20260328-091741
2026-03-28 11:07:10.849,6,SO,107741,1,0,893,6569.1,LT-20260328-091741
2026-03-28 11:07:11.776,6,SO,107742,1,0,924,6570,LT-20260328-091741
2026-03-28 11:07:12.760,6,SO,107743,1,0,981,6571,LT-20260328-091741
2026-03-28 11:07:13.677,6,SO,107744,1,0,913,6571.9,LT-20260328-091741
2026-03-28 11:07:14.607,6,SO,107745,1,0,926,6572.9,LT-20260328-091741
2026-03-28 11:07:15.437,6,SO,107746,1,0,828,6573.7,LT-20260328-091741
2026-03-28 11:07:16.323,6,SO,107747,1,0,882,6574.6,LT-20260328-091741
2026-03-28 11:07:17.203,6,SO,107748,1,0,874,6575.4,LT-20260328-091741
2026-03-28 11:07:18.074,6,SO,107749,1,0,868,6576.3,LT-20260328-091741
2026-03-28 11:07:18.822,6,SO,107750,1,0,744,6577.1,LT-20260328-091741
2026-03-28 11:07:19.524,6,SO,107751,1,0,699,6577.8,LT-20260328-091741
2026-03-28 11:07:20.220,6,SO,107752,1,0,692,6578.5,LT-20260328-091741
2026-03-28 11:07:20.922,6,SO,107753,1,0,698,6579.2,LT-20260328-091741
2026-03-28 11:07:21.595,6,SO,107754,1,0,669,6579.8,LT-20260328-091741
2026-03-28 11:07:22.290,6,SO,107755,1,0,692,6580.5,LT-20260328-091741
2026-03-28 11:07:22.962,6,SO,107756,1,0,669,6581.2,LT-20260328-091741
2026-03-28 11:07:23.654,6,SO,107757,1,0,689,6581.9,LT-20260328-091741
2026-03-28 11:07:24.401,6,SO,107758,1,0,744,6582.6,LT-20260328-091741
2026-03-28 11:07:25.097,6,SO,107759,1,0,692,6583.3,LT-20260328-091741
2026-03-28 11:07:25.790,6,SO,107760,1,0,690,6584,LT-20260328-091741
2026-03-28 11:07:26.508,6,SO,107761,1,0,714,6584.8,LT-20260328-091741
2026-03-28 11:07:27.217,6,SO,107762,1,0,705,6585.5,LT-20260328-091741
2026-03-28 11:07:27.933,6,SO,107763,1,0,711,6586.2,LT-20260328-091741
2026-03-28 11:07:28.635,6,SO,107764,1,0,699,6586.9,LT-20260328-091741
2026-03-28 11:07:29.339,6,SO,107765,1,0,699,6587.6,LT-20260328-091741
2026-03-28 11:07:30.029,6,SO,107766,1,0,686,6588.3,LT-20260328-091741
2026-03-28 11:07:30.711,6,SO,107767,1,0,679,6589,LT-20260328-091741
2026-03-28 11:07:31.403,6,SO,107768,1,0,688,6589.6,LT-20260328-091741
2026-03-28 11:07:32.079,6,SO,107769,1,0,673,6590.3,LT-20260328-091741
2026-03-28 11:07:32.759,6,SO,107770,1,0,677,6591,LT-20260328-091741
2026-03-28 11:07:33.453,6,SO,107771,1,0,690,6591.7,LT-20260328-091741
2026-03-28 11:07:34.193,6,SO,107772,1,0,736,6592.4,LT-20260328-091741
2026-03-28 11:07:34.884,6,SO,107773,1,0,688,6593.1,LT-20260328-091741
2026-03-28 11:07:35.584,6,SO,107774,1,0,696,6593.8,LT-20260328-091741
2026-03-28 11:07:36.240,6,SO,107775,1,0,654,6594.5,LT-20260328-091741
2026-03-28 11:07:36.941,6,SO,107776,1,0,697,6595.2,LT-20260328-091741
2026-03-28 11:07:37.652,6,SO,107777,1,0,707,6595.9,LT-20260328-091741
2026-03-28 11:07:38.359,6,SO,107778,1,0,704,6596.6,LT-20260328-091741
2026-03-28 11:07:39.228,6,SO,107779,1,0,865,6597.5,LT-20260328-091741
2026-03-28 11:07:40.165,6,SO,107780,1,0,933,6598.4,LT-20260328-091741
2026-03-28 11:07:41.069,6,SO,107781,1,0,900,6599.3,LT-20260328-091741
2026-03-28 11:07:42.036,6,SO,107782,1,0,963,6600.3,LT-20260328-091741
2026-03-28 11:07:42.909,6,SO,107783,1,0,870,6601.2,LT-20260328-091741
2026-03-28 11:07:43.857,6,SO,107784,1,0,945,6602.1,LT-20260328-091741
2026-03-28 11:07:44.779,6,SO,107785,1,0,918,6603,LT-20260328-091741
2026-03-28 11:07:45.757,6,PO,112610,1,0,967,6604,LT-20260328-091741
2026-03-28 11:07:46.506,6,PO,112611,1,0,745,6604.8,LT-20260328-091741
2026-03-28 11:07:47.268,6,PO,112612,1,0,760,6605.5,LT-20260328-091741
2026-03-28 11:07:48.049,6,PO,112613,1,0,778,6606.3,LT-20260328-091741
2026-03-28 11:07:48.786,6,PO,112614,1,0,733,6607,LT-20260328-091741
2026-03-28 11:07:49.596,6,PO,112615,1,0,807,6607.8,LT-20260328-091741
2026-03-28 11:07:50.373,6,PO,112616,1,0,774,6608.6,LT-20260328-091741
2026-03-28 11:07:51.069,6,PO,112617,1,0,692,6609.3,LT-20260328-091741
2026-03-28 11:07:51.769,6,PO,112618,1,0,696,6610,LT-20260328-091741
2026-03-28 11:07:52.515,6,PO,112619,1,0,743,6610.8,LT-20260328-091741
2026-03-28 11:07:53.244,6,PO,112620,1,0,725,6611.5,LT-20260328-091741
2026-03-28 11:07:53.996,6,PO,112621,1,0,749,6612.2,LT-20260328-091741
2026-03-28 11:07:54.770,6,PO,112622,1,0,770,6613,LT-20260328-091741
2026-03-28 11:07:55.534,6,PO,112623,1,0,761,6613.8,LT-20260328-091741
2026-03-28 11:07:56.296,6,PO,112624,1,0,759,6614.5,LT-20260328-091741
2026-03-28 11:07:57.008,6,PO,112625,1,0,709,6615.3,LT-20260328-091741
2026-03-28 11:07:57.720,6,PO,112626,1,0,708,6616,LT-20260328-091741
2026-03-28 11:07:58.507,6,PO,112627,1,0,786,6616.8,LT-20260328-091741
2026-03-28 11:07:59.202,6,PO,112628,1,0,692,6617.4,LT-20260328-091741
2026-03-28 11:07:59.914,6,PO,112629,1,0,709,6618.2,LT-20260328-091741
2026-03-28 11:08:00.611,6,PO,112630,1,0,695,6618.9,LT-20260328-091741
2026-03-28 11:08:01.344,6,PO,112631,1,0,732,6619.6,LT-20260328-091741
2026-03-28 11:08:02.063,6,PO,112632,1,0,716,6620.3,LT-20260328-091741
2026-03-28 11:08:02.781,6,PO,112633,1,0,714,6621,LT-20260328-091741
2026-03-28 11:08:03.491,6,PO,112634,1,0,708,6621.7,LT-20260328-091741
2026-03-28 11:08:04.213,6,PO,112635,1,0,720,6622.5,LT-20260328-091741
2026-03-28 11:08:04.974,6,PO,112636,1,0,757,6623.2,LT-20260328-091741
2026-03-28 11:08:05.684,6,PO,112637,1,0,707,6623.9,LT-20260328-091741
2026-03-28 11:08:06.455,6,PO,112638,1,0,767,6624.7,LT-20260328-091741
2026-03-28 11:08:07.177,6,PO,112639,1,0,718,6625.4,LT-20260328-091741
2026-03-28 11:08:07.890,6,PO,112640,1,0,710,6626.1,LT-20260328-091741
2026-03-28 11:08:08.597,6,PO,112641,1,0,703,6626.8,LT-20260328-091741
2026-03-28 11:08:09.253,6,PO,112642,1,0,654,6627.5,LT-20260328-091741
2026-03-28 11:08:09.765,6,PO,112643,1,0,507,6628,LT-20260328-091741
2026-03-28 11:08:10.284,6,PO,112644,1,0,517,6628.5,LT-20260328-091741
2026-03-28 11:08:10.829,6,PO,112645,1,0,541,6629.1,LT-20260328-091741
2026-03-28 11:08:11.356,6,PO,112646,1,0,523,6629.6,LT-20260328-091741
2026-03-28 11:08:11.866,6,PO,112647,1,0,506,6630.1,LT-20260328-091741
2026-03-28 11:08:12.377,6,PO,112648,1,0,508,6630.6,LT-20260328-091741
2026-03-28 11:08:12.934,6,PO,112649,1,0,551,6631.2,LT-20260328-091741
2026-03-28 11:08:13.458,6,PO,112650,1,0,521,6631.7,LT-20260328-091741
2026-03-28 11:08:14.026,6,PO,112651,1,0,565,6632.3,LT-20260328-091741
2026-03-28 11:08:14.529,6,PO,112652,1,0,500,6632.8,LT-20260328-091741
2026-03-28 11:08:15.054,6,PO,112653,1,0,524,6633.3,LT-20260328-091741
2026-03-28 11:08:15.592,6,PO,112654,1,0,535,6633.8,LT-20260328-091741
2026-03-28 11:08:16.120,6,PO,112655,1,0,525,6634.4,LT-20260328-091741
2026-03-28 11:08:16.625,6,PO,112656,1,0,502,6634.9,LT-20260328-091741
2026-03-28 11:08:17.129,6,PO,112657,1,0,501,6635.4,LT-20260328-091741
2026-03-28 11:08:17.650,6,PO,112658,1,0,518,6635.9,LT-20260328-091741
2026-03-28 11:08:18.217,6,PO,112659,1,0,565,6636.5,LT-20260328-091741
2026-03-28 11:08:18.713,6,PO,112660,1,0,494,6637,LT-20260328-091741
2026-03-28 11:08:19.233,6,PO,112661,1,0,517,6637.5,LT-20260328-091741
2026-03-28 11:08:19.945,6,PO,112662,1,0,708,6638.2,LT-20260328-091741
2026-03-28 11:08:20.708,6,PO,112663,1,0,760,6639,LT-20260328-091741
2026-03-28 11:08:21.418,6,PO,112664,1,0,707,6639.7,LT-20260328-091741
2026-03-28 11:08:22.133,6,PO,112665,1,0,713,6640.4,LT-20260328-091741
2026-03-28 11:08:22.845,6,PO,112666,1,0,707,6641.1,LT-20260328-091741
2026-03-28 11:08:23.580,6,PO,112667,1,0,728,6641.8,LT-20260328-091741
2026-03-28 11:08:24.320,6,PO,112668,1,0,737,6642.6,LT-20260328-091741
2026-03-28 11:08:25.037,6,PO,112669,1,0,714,6643.3,LT-20260328-091741
2026-03-28 11:08:25.752,6,PO,112670,1,0,712,6644,LT-20260328-091741
2026-03-28 11:08:26.440,6,PO,112671,1,0,686,6644.7,LT-20260328-091741
2026-03-28 11:08:27.158,6,PO,112672,1,0,716,6645.4,LT-20260328-091741
2026-03-28 11:08:27.927,6,PO,112673,1,0,766,6646.2,LT-20260328-091741
2026-03-28 11:08:28.646,6,PO,112674,1,0,715,6646.9,LT-20260328-091741
2026-03-28 11:08:29.322,6,PO,112675,1,0,673,6647.6,LT-20260328-091741
2026-03-28 11:08:29.851,6,PO,112676,1,0,525,6648.1,LT-20260328-091741
2026-03-28 11:08:30.408,6,PO,112677,1,0,555,6648.7,LT-20260328-091741
2026-03-28 11:08:30.950,6,PO,112678,1,0,539,6649.2,LT-20260328-091741
2026-03-28 11:08:31.482,6,PO,112679,1,0,528,6649.7,LT-20260328-091741
2026-03-28 11:08:31.983,6,PO,112680,1,0,498,6650.2,LT-20260328-091741
2026-03-28 11:08:32.504,6,PO,112681,1,0,517,6650.7,LT-20260328-091741
2026-03-28 11:08:33.051,6,PO,112682,1,0,543,6651.3,LT-20260328-091741
2026-03-28 11:08:33.640,6,PO,112683,1,0,585,6651.9,LT-20260328-091741
2026-03-28 11:08:34.157,6,PO,112684,1,0,514,6652.4,LT-20260328-091741
2026-03-28 11:08:34.684,6,PO,112685,1,0,522,6652.9,LT-20260328-091741
2026-03-28 11:08:35.198,6,PO,112686,1,0,511,6653.4,LT-20260328-091741
2026-03-28 11:08:35.734,6,PO,112687,1,0,531,6654,LT-20260328-091741
2026-03-28 11:08:36.275,6,PO,112688,1,0,537,6654.5,LT-20260328-091741
2026-03-28 11:08:36.854,6,PO,112689,1,0,576,6655.1,LT-20260328-091741
2026-03-28 11:08:37.389,6,PO,112690,1,0,530,6655.6,LT-20260328-091741
2026-03-28 11:08:37.935,6,PO,112691,1,0,543,6656.2,LT-20260328-091741
2026-03-28 11:08:38.473,6,PO,112692,1,0,534,6656.7,LT-20260328-091741
2026-03-28 11:08:39.004,6,PO,112693,1,0,528,6657.2,LT-20260328-091741
2026-03-28 11:08:39.534,6,PO,112694,1,0,525,6657.8,LT-20260328-091741
2026-03-28 11:08:40.059,6,PO,112695,1,0,521,6658.3,LT-20260328-091741
2026-03-28 11:08:40.613,6,PO,112696,1,0,552,6658.9,LT-20260328-091741
2026-03-28 11:08:41.142,6,PO,112697,1,0,524,6659.4,LT-20260328-091741
2026-03-28 11:08:41.713,6,PO,112698,1,0,567,6660,LT-20260328-091741
2026-03-28 11:08:42.269,6,PO,112699,1,0,552,6660.5,LT-20260328-091741
2026-03-28 11:08:42.832,6,PO,112700,1,0,560,6661.1,LT-20260328-091741
2026-03-28 11:08:43.422,6,PO,112701,1,0,586,6661.7,LT-20260328-091741
2026-03-28 11:08:43.947,6,PO,112702,1,0,521,6662.2,LT-20260328-091741
2026-03-28 11:08:44.493,6,PO,112703,1,0,542,6662.7,LT-20260328-091741
2026-03-28 11:08:45.038,6,PO,112704,1,0,542,6663.3,LT-20260328-091741
2026-03-28 11:08:45.596,6,PO,112705,1,0,555,6663.8,LT-20260328-091741
2026-03-28 11:08:46.137,6,PO,112706,1,0,538,6664.4,LT-20260328-091741
2026-03-28 11:08:46.675,6,PO,112707,1,0,534,6664.9,LT-20260328-091741
2026-03-28 11:08:47.184,6,PO,112708,1,0,506,6665.4,LT-20260328-091741
2026-03-28 11:08:47.720,6,PO,112709,1,0,534,6666,LT-20260328-091741
2026-03-28 11:08:48.249,6,PO,112710,1,0,525,6666.5,LT-20260328-091741
2026-03-28 11:08:48.850,6,PO,112711,1,0,598,6667.1,LT-20260328-091741
2026-03-28 11:08:49.489,6,PO,112712,1,0,637,6667.7,LT-20260328-091741
2026-03-28 11:08:50.185,6,PO,112713,1,0,693,6668.4,LT-20260328-091741
2026-03-28 11:08:50.763,6,PO,112714,1,0,576,6669,LT-20260328-091741
2026-03-28 11:08:51.406,6,PO,112715,1,0,639,6669.7,LT-20260328-091741
2026-03-28 11:08:51.932,6,PO,112716,1,0,524,6670.2,LT-20260328-091741
2026-03-28 11:08:52.485,6,PO,112717,1,0,550,6670.7,LT-20260328-091741
2026-03-28 11:08:53.066,6,PO,112718,1,0,578,6671.3,LT-20260328-091741
2026-03-28 11:08:53.609,6,PO,112719,1,0,539,6671.9,LT-20260328-091741
2026-03-28 11:08:54.139,6,PO,112720,1,0,526,6672.4,LT-20260328-091741
2026-03-28 11:08:54.770,6,PO,112721,1,0,625,6673,LT-20260328-091741
2026-03-28 11:08:55.325,6,PO,112722,1,0,552,6673.6,LT-20260328-091741
2026-03-28 11:08:55.855,6,PO,112723,1,0,526,6674.1,LT-20260328-091741
2026-03-28 11:08:56.412,6,PO,112724,1,0,554,6674.7,LT-20260328-091741
2026-03-28 11:08:56.962,6,PO,112725,1,0,546,6675.2,LT-20260328-091741
2026-03-28 11:08:57.520,6,PO,112726,1,0,555,6675.8,LT-20260328-091741
2026-03-28 11:08:58.085,6,PO,112727,1,0,561,6676.3,LT-20260328-091741
2026-03-28 11:08:58.619,6,PO,112728,1,0,531,6676.9,LT-20260328-091741
2026-03-28 11:08:59.167,6,PO,112729,1,0,545,6677.4,LT-20260328-091741
2026-03-28 11:08:59.739,6,PO,112730,1,0,571,6678,LT-20260328-091741
2026-03-28 11:09:00.438,6,PO,112731,1,0,696,6678.7,LT-20260328-091741
2026-03-28 11:09:01.163,6,PO,112732,1,0,722,6679.4,LT-20260328-091741
2026-03-28 11:09:01.965,6,PO,112733,1,0,799,6680.2,LT-20260328-091741
2026-03-28 11:09:02.849,6,PO,112734,1,0,881,6681.1,LT-20260328-091741
2026-03-28 11:09:03.700,6,PO,112735,1,0,848,6681.9,LT-20260328-091741
2026-03-28 11:09:04.458,6,PO,112736,1,0,754,6682.7,LT-20260328-091741
2026-03-28 11:09:05.363,6,PO,112737,1,0,900,6683.6,LT-20260328-091741
2026-03-28 11:09:06.169,6,PO,112738,1,0,803,6684.4,LT-20260328-091741
2026-03-28 11:09:07.042,6,PO,112739,1,0,869,6685.3,LT-20260328-091741
2026-03-28 11:09:07.905,6,PO,112740,1,0,861,6686.1,LT-20260328-091741
2026-03-28 11:09:08.704,6,PO,112741,1,0,796,6686.9,LT-20260328-091741
2026-03-28 11:09:09.411,6,PO,112742,1,0,704,6687.7,LT-20260328-091741
2026-03-28 11:09:09.964,6,PO,112743,1,0,551,6688.2,LT-20260328-091741
2026-03-28 11:09:10.467,6,PO,112744,1,0,500,6688.7,LT-20260328-091741
2026-03-28 11:09:11.011,6,PO,112745,1,0,541,6689.3,LT-20260328-091741
2026-03-28 11:09:11.570,6,PO,112746,1,0,557,6689.8,LT-20260328-091741
2026-03-28 11:09:12.130,6,PO,112747,1,0,557,6690.4,LT-20260328-091741
2026-03-28 11:09:12.693,6,PO,112748,1,0,559,6690.9,LT-20260328-091741
2026-03-28 11:09:13.223,6,PO,112749,1,0,526,6691.5,LT-20260328-091741
2026-03-28 11:09:13.734,6,PO,112750,1,0,507,6692,LT-20260328-091741
2026-03-28 11:09:14.206,6,PO,112751,1,0,470,6692.5,LT-20260328-091741
2026-03-28 11:09:14.725,6,PO,112752,1,0,513,6693,LT-20260328-091741
2026-03-28 11:09:15.238,6,PO,112753,1,0,510,6693.5,LT-20260328-091741
2026-03-28 11:09:15.750,6,PO,112754,1,0,510,6694,LT-20260328-091741
2026-03-28 11:09:16.280,6,PO,112755,1,0,527,6694.5,LT-20260328-091741
2026-03-28 11:09:16.881,6,PO,112756,1,0,561,6695.1,LT-20260328-091741
2026-03-28 11:09:17.383,6,PO,112757,1,0,501,6695.6,LT-20260328-091741
2026-03-28 11:09:17.861,6,PO,112758,1,0,476,6696.1,LT-20260328-091741
2026-03-28 11:09:18.337,6,PO,112759,1,0,474,6696.6,LT-20260328-091741
2026-03-28 11:09:18.869,6,PO,112760,1,0,531,6697.1,LT-20260328-091741
2026-03-28 11:09:19.396,6,PO,112761,1,0,524,6697.6,LT-20260328-091741
2026-03-28 11:09:19.904,6,PO,112762,1,0,504,6698.1,LT-20260328-091741
2026-03-28 11:09:20.431,6,PO,112763,1,0,524,6698.7,LT-20260328-091741
2026-03-28 11:09:21.014,6,PO,112764,1,0,578,6699.3,LT-20260328-091741
2026-03-28 11:09:21.526,6,PO,112765,1,0,509,6699.8,LT-20260328-091741
2026-03-28 11:09:22.010,6,PO,112766,1,0,482,6700.3,LT-20260328-091741
2026-03-28 11:09:22.516,6,PO,112767,1,0,504,6700.8,LT-20260328-091741
2026-03-28 11:09:23.004,6,PO,112768,1,0,485,6701.2,LT-20260328-091741
2026-03-28 11:09:23.486,6,PO,112769,1,0,480,6701.7,LT-20260328-091741
2026-03-28 11:09:24.020,6,PO,112770,1,0,532,6702.3,LT-20260328-091741
2026-03-28 11:09:24.530,6,PO,112771,1,0,507,6702.8,LT-20260328-091741
2026-03-28 11:09:25.018,6,PO,112772,1,0,485,6703.3,LT-20260328-091741
2026-03-28 11:09:25.535,6,PO,112773,1,0,515,6703.8,LT-20260328-091741
2026-03-28 11:09:26.040,6,PO,112774,1,0,503,6704.3,LT-20260328-091741
2026-03-28 11:09:26.549,6,PO,112775,1,0,507,6704.8,LT-20260328-091741
2026-03-28 11:09:27.036,6,PO,112776,1,0,486,6705.3,LT-20260328-091741
2026-03-28 11:09:27.528,6,PO,112777,1,0,490,6705.8,LT-20260328-091741
2026-03-28 11:09:27.998,6,PO,112778,1,0,466,6706.2,LT-20260328-091741
2026-03-28 11:09:28.511,6,PO,112779,1,0,511,6706.8,LT-20260328-091741
2026-03-28 11:09:28.991,6,PO,112780,1,0,478,6707.2,LT-20260328-091741
2026-03-28 11:09:29.492,6,PO,112781,1,0,498,6707.7,LT-20260328-091741
2026-03-28 11:09:29.990,6,PO,112782,1,0,496,6708.2,LT-20260328-091741
2026-03-28 11:09:30.476,6,PO,112783,1,0,484,6708.7,LT-20260328-091741
2026-03-28 11:09:31.062,6,PO,112784,1,0,584,6709.3,LT-20260328-091741
2026-03-28 11:09:31.713,6,PO,112785,1,0,649,6710,LT-20260328-091741
2026-03-28 11:09:32.460,6,PO,112786,1,0,746,6710.7,LT-20260328-091741
2026-03-28 11:09:33.248,6,PO,112787,1,0,786,6711.5,LT-20260328-091741
2026-03-28 11:09:33.973,6,PO,112788,1,0,724,6712.2,LT-20260328-091741
2026-03-28 11:09:34.525,6,PO,112789,1,0,549,6712.8,LT-20260328-091741
2026-03-28 11:09:35.151,6,PO,112790,1,0,624,6713.4,LT-20260328-091741
2026-03-28 11:09:35.657,6,PO,112791,1,0,503,6713.9,LT-20260328-091741
2026-03-28 11:09:36.151,6,PO,112792,1,0,492,6714.4,LT-20260328-091741
2026-03-28 11:09:36.647,6,PO,112793,1,0,493,6714.9,LT-20260328-091741
2026-03-28 11:09:37.146,6,PO,112794,1,0,496,6715.4,LT-20260328-091741
2026-03-28 11:09:37.650,6,PO,112795,1,0,502,6715.9,LT-20260328-091741
2026-03-28 11:09:38.141,6,PO,112796,1,0,489,6716.4,LT-20260328-091741
2026-03-28 11:09:38.617,6,PO,112797,1,0,474,6716.9,LT-20260328-091741
2026-03-28 11:09:39.116,6,PO,112798,1,0,497,6717.4,LT-20260328-091741
2026-03-28 11:09:39.921,6,PO,112799,1,0,803,6718.2,LT-20260328-091741
2026-03-28 11:09:40.801,6,PO,112800,1,0,877,6719,LT-20260328-091741
2026-03-28 11:09:41.504,6,PO,112801,1,0,700,6719.7,LT-20260328-091741
2026-03-28 11:09:42.204,6,PO,112802,1,0,698,6720.4,LT-20260328-091741
2026-03-28 11:09:42.896,6,PO,112803,1,0,690,6721.1,LT-20260328-091741
2026-03-28 11:09:43.577,6,PO,112804,1,0,678,6721.8,LT-20260328-091741
2026-03-28 11:09:44.253,6,PO,112805,1,0,673,6722.5,LT-20260328-091741
2026-03-28 11:09:45.460,6,PO,112806,1,0,1205,6723.7,LT-20260328-091741
2026-03-28 11:09:46.360,6,PO,112807,1,0,898,6724.6,LT-20260328-091741
2026-03-28 11:09:47.139,6,PO,112808,1,0,777,6725.4,LT-20260328-091741
2026-03-28 11:09:47.808,6,PO,112809,1,0,666,6726.1,LT-20260328-091741
2026-03-28 11:09:48.570,6,PO,112810,1,0,761,6726.8,LT-20260328-091741
2026-03-28 11:09:49.244,6,PO,112811,1,0,670,6727.5,LT-20260328-091741
2026-03-28 11:09:49.725,6,PO,112812,1,0,479,6728,LT-20260328-091741
2026-03-28 11:09:50.224,6,PO,112813,1,0,498,6728.5,LT-20260328-091741
2026-03-28 11:09:50.735,6,PO,112814,1,0,509,6729,LT-20260328-091741
2026-03-28 11:09:51.211,6,PO,112815,1,0,474,6729.5,LT-20260328-091741
2026-03-28 11:09:51.705,6,PO,112816,1,0,491,6729.9,LT-20260328-091741
2026-03-28 11:09:52.211,6,PO,112817,1,0,504,6730.5,LT-20260328-091741
2026-03-28 11:09:52.719,6,PO,112818,1,0,506,6731,LT-20260328-091741
2026-03-28 11:09:53.215,6,PO,112819,1,0,495,6731.5,LT-20260328-091741
2026-03-28 11:09:53.701,6,PO,112820,1,0,484,6731.9,LT-20260328-091741
2026-03-28 11:09:54.191,6,PO,112821,1,0,487,6732.4,LT-20260328-091741
2026-03-28 11:09:54.659,6,PO,112822,1,0,467,6732.9,LT-20260328-091741
2026-03-28 11:09:55.163,6,PO,112823,1,0,501,6733.4,LT-20260328-091741
2026-03-28 11:09:55.683,6,PO,112824,1,0,518,6733.9,LT-20260328-091741
2026-03-28 11:09:56.175,6,PO,112825,1,0,489,6734.4,LT-20260328-091741
2026-03-28 11:09:56.676,6,PO,112826,1,0,499,6734.9,LT-20260328-091741
2026-03-28 11:09:57.178,6,PO,112827,1,0,500,6735.4,LT-20260328-091741
2026-03-28 11:09:57.872,6,PO,112828,1,0,691,6736.1,LT-20260328-091741
2026-03-28 11:09:58.368,6,PO,112829,1,0,494,6736.6,LT-20260328-091741
2026-03-28 11:09:58.893,6,PO,112830,1,0,523,6737.1,LT-20260328-091741
2026-03-28 11:09:59.561,6,PO,112831,1,0,665,6737.8,LT-20260328-091741
2026-03-28 11:10:00.239,6,PO,112832,1,0,675,6738.5,LT-20260328-091741
2026-03-28 11:10:00.939,6,PO,112833,1,0,699,6739.2,LT-20260328-091741
2026-03-28 11:10:01.616,6,PO,112834,1,0,675,6739.9,LT-20260328-091741
2026-03-28 11:10:02.316,6,PO,112835,1,0,698,6740.6,LT-20260328-091741
2026-03-28 11:10:03.011,6,PO,112836,1,0,692,6741.3,LT-20260328-091741
2026-03-28 11:10:03.700,6,PO,112837,1,0,688,6741.9,LT-20260328-091741
2026-03-28 11:10:04.375,6,PO,112838,1,0,671,6742.6,LT-20260328-091741
2026-03-28 11:10:05.118,6,PO,112839,1,0,741,6743.4,LT-20260328-091741
2026-03-28 11:10:05.799,6,PO,112840,1,0,678,6744,LT-20260328-091741
2026-03-28 11:10:06.518,6,PO,112841,1,0,717,6744.8,LT-20260328-091741
2026-03-28 11:10:07.203,6,PO,112842,1,0,684,6745.4,LT-20260328-091741
2026-03-28 11:10:07.891,6,PO,112843,1,0,686,6746.1,LT-20260328-091741
2026-03-28 11:10:08.646,6,PO,112844,1,0,753,6746.9,LT-20260328-091741
2026-03-28 11:10:09.332,6,PO,112845,1,0,683,6747.6,LT-20260328-091741
2026-03-28 11:10:09.837,6,PO,112846,1,0,503,6748.1,LT-20260328-091741
2026-03-28 11:10:10.442,6,PO,112847,1,0,603,6748.7,LT-20260328-091741
2026-03-28 11:10:10.962,6,PO,112848,1,0,518,6749.2,LT-20260328-091741
2026-03-28 11:10:11.466,6,PO,112849,1,0,501,6749.7,LT-20260328-091741
2026-03-28 11:10:11.983,6,PO,112850,1,0,515,6750.2,LT-20260328-091741
2026-03-28 11:10:12.513,6,PO,112851,1,0,526,6750.8,LT-20260328-091741
2026-03-28 11:10:13.004,6,PO,112852,1,0,489,6751.2,LT-20260328-091741
2026-03-28 11:10:13.488,6,PO,112853,1,0,483,6751.7,LT-20260328-091741
2026-03-28 11:10:14.029,6,PO,112854,1,0,540,6752.3,LT-20260328-091741
2026-03-28 11:10:14.553,6,PO,112855,1,0,522,6752.8,LT-20260328-091741
2026-03-28 11:10:15.065,6,PO,112856,1,0,509,6753.3,LT-20260328-091741
2026-03-28 11:10:15.536,6,PO,112857,1,0,468,6753.8,LT-20260328-091741
2026-03-28 11:10:16.028,6,PO,112858,1,0,490,6754.3,LT-20260328-091741
2026-03-28 11:10:16.520,6,PO,112859,1,0,490,6754.8,LT-20260328-091741
2026-03-28 11:10:17.026,6,PO,112860,1,0,504,6755.3,LT-20260328-091741
2026-03-28 11:10:17.514,6,PO,112861,1,0,486,6755.8,LT-20260328-091741
2026-03-28 11:10:18.009,6,PO,112862,1,0,493,6756.3,LT-20260328-091741
2026-03-28 11:10:18.522,6,PO,112863,1,0,512,6756.8,LT-20260328-091741
2026-03-28 11:10:19.040,6,PO,112864,1,0,516,6757.3,LT-20260328-091741
2026-03-28 11:10:19.606,6,PO,112865,1,0,564,6757.9,LT-20260328-091741
2026-03-28 11:10:20.133,6,PO,112866,1,0,525,6758.4,LT-20260328-091741
2026-03-28 11:10:20.676,6,PO,112867,1,0,542,6758.9,LT-20260328-091741
2026-03-28 11:10:21.182,6,PO,112868,1,0,503,6759.4,LT-20260328-091741
2026-03-28 11:10:21.669,6,PO,112869,1,0,484,6759.9,LT-20260328-091741
2026-03-28 11:10:22.164,6,PO,112870,1,0,494,6760.4,LT-20260328-091741
2026-03-28 11:10:22.632,6,PO,112871,1,0,466,6760.9,LT-20260328-091741
2026-03-28 11:10:23.116,6,PO,112872,1,0,482,6761.4,LT-20260328-091741
2026-03-28 11:10:23.627,6,PO,112873,1,0,508,6761.9,LT-20260328-091741
2026-03-28 11:10:24.132,6,PO,112874,1,0,502,6762.4,LT-20260328-091741
2026-03-28 11:10:24.665,6,PO,112875,1,0,532,6762.9,LT-20260328-091741
2026-03-28 11:10:25.156,6,PO,112876,1,0,490,6763.4,LT-20260328-091741
2026-03-28 11:10:25.649,6,PO,112877,1,0,491,6763.9,LT-20260328-091741
2026-03-28 11:10:26.168,6,PO,112878,1,0,517,6764.4,LT-20260328-091741
2026-03-28 11:10:26.674,6,PO,112879,1,0,504,6764.9,LT-20260328-091741
2026-03-28 11:10:27.171,6,PO,112880,1,0,495,6765.4,LT-20260328-091741
2026-03-28 11:10:27.677,6,PO,112881,1,0,505,6765.9,LT-20260328-091741
2026-03-28 11:10:28.165,6,PO,112882,1,0,485,6766.4,LT-20260328-091741
2026-03-28 11:10:28.659,6,PO,112883,1,0,491,6766.9,LT-20260328-091741
2026-03-28 11:10:29.157,6,PO,112884,1,0,497,6767.4,LT-20260328-091741
2026-03-28 11:10:29.672,6,PO,112885,1,0,511,6767.9,LT-20260328-091741
2026-03-28 11:10:30.174,6,PO,112886,1,0,499,6768.4,LT-20260328-091741
2026-03-28 11:10:30.675,6,PO,112887,1,0,499,6768.9,LT-20260328-091741
2026-03-28 11:10:31.155,6,PO,112888,1,0,478,6769.4,LT-20260328-091741
2026-03-28 11:10:31.646,6,PO,112889,1,0,489,6769.9,LT-20260328-091741
2026-03-28 11:10:32.146,6,PO,112890,1,0,497,6770.4,LT-20260328-091741
2026-03-28 11:10:32.645,6,PO,112891,1,0,497,6770.9,LT-20260328-091741
2026-03-28 11:10:33.131,6,PO,112892,1,0,485,6771.4,LT-20260328-091741
2026-03-28 11:10:33.662,6,PO,112893,1,0,530,6771.9,LT-20260328-091741
2026-03-28 11:10:34.173,6,PO,112894,1,0,508,6772.4,LT-20260328-091741
2026-03-28 11:10:34.691,6,PO,112895,1,0,516,6772.9,LT-20260328-091741
2026-03-28 11:10:35.208,6,PO,112896,1,0,515,6773.5,LT-20260328-091741
2026-03-28 11:10:35.716,6,PO,112897,1,0,506,6774,LT-20260328-091741
2026-03-28 11:10:36.195,6,PO,112898,1,0,477,6774.4,LT-20260328-091741
2026-03-28 11:10:36.666,6,PO,112899,1,0,469,6774.9,LT-20260328-091741
2026-03-28 11:10:37.163,6,PO,112900,1,0,495,6775.4,LT-20260328-091741
2026-03-28 11:10:37.629,6,PO,112901,1,0,464,6775.9,LT-20260328-091741
2026-03-28 11:10:38.110,6,PO,112902,1,0,478,6776.4,LT-20260328-091741
2026-03-28 11:10:38.582,6,PO,112903,1,0,470,6776.8,LT-20260328-091741
2026-03-28 11:10:39.078,6,PO,112904,1,0,494,6777.3,LT-20260328-091741
2026-03-28 11:10:39.573,6,PO,112905,1,0,493,6777.8,LT-20260328-091741
2026-03-28 11:10:40.045,6,PO,112906,1,0,468,6778.3,LT-20260328-091741
2026-03-28 11:10:40.542,6,PO,112907,1,0,495,6778.8,LT-20260328-091741
2026-03-28 11:10:41.026,6,PO,112908,1,0,482,6779.3,LT-20260328-091741
2026-03-28 11:10:41.527,6,PO,112909,1,0,499,6779.8,LT-20260328-091741
2026-03-28 11:10:42.025,6,PO,112910,1,0,496,6780.3,LT-20260328-091741
2026-03-28 11:10:42.535,6,PO,112911,1,0,508,6780.8,LT-20260328-091741
2026-03-28 11:10:43.068,6,PO,112912,1,0,530,6781.3,LT-20260328-091741
2026-03-28 11:10:43.551,6,PO,112913,1,0,480,6781.8,LT-20260328-091741
2026-03-28 11:10:44.042,6,PO,112914,1,0,489,6782.3,LT-20260328-091741
2026-03-28 11:10:44.556,6,PO,112915,1,0,512,6782.8,LT-20260328-091741
2026-03-28 11:10:45.040,6,PO,112916,1,0,481,6783.3,LT-20260328-091741
2026-03-28 11:10:45.528,6,PO,112917,1,0,485,6783.8,LT-20260328-091741
2026-03-28 11:10:46.029,6,PO,112918,1,0,497,6784.3,LT-20260328-091741
2026-03-28 11:10:46.518,6,PO,112919,1,0,487,6784.8,LT-20260328-091741
2026-03-28 11:10:46.995,6,PO,112920,1,0,476,6785.2,LT-20260328-091741
2026-03-28 11:10:47.504,6,PO,112921,1,0,507,6785.7,LT-20260328-091741
2026-03-28 11:10:48.023,6,PO,112922,1,0,518,6786.3,LT-20260328-091741
2026-03-28 11:10:48.545,6,PO,112923,1,0,519,6786.8,LT-20260328-091741
2026-03-28 11:10:49.072,6,PO,112924,1,0,523,6787.3,LT-20260328-091741
2026-03-28 11:10:49.624,6,PO,112925,1,0,548,6787.9,LT-20260328-091741
2026-03-28 11:10:50.169,6,PO,112926,1,0,541,6788.4,LT-20260328-091741
2026-03-28 11:10:50.679,6,PO,112927,1,0,507,6788.9,LT-20260328-091741
2026-03-28 11:10:51.174,6,PO,112928,1,0,492,6789.4,LT-20260328-091741
2026-03-28 11:10:51.648,6,PO,112929,1,0,471,6789.9,LT-20260328-091741
2026-03-28 11:10:52.138,6,PO,112930,1,0,487,6790.4,LT-20260328-091741
2026-03-28 11:10:52.638,6,PO,112931,1,0,497,6790.9,LT-20260328-091741
2026-03-28 11:10:53.154,6,PO,112932,1,0,513,6791.4,LT-20260328-091741
2026-03-28 11:10:53.707,6,PO,112933,1,0,550,6792,LT-20260328-091741
2026-03-28 11:10:54.212,6,PO,112934,1,0,501,6792.5,LT-20260328-091741
2026-03-28 11:10:54.728,6,PO,112935,1,0,512,6793,LT-20260328-091741
2026-03-28 11:10:55.239,6,PO,112936,1,0,508,6793.5,LT-20260328-091741
2026-03-28 11:10:55.742,6,PO,112937,1,0,500,6794,LT-20260328-091741
2026-03-28 11:10:56.250,6,PO,112938,1,0,505,6794.5,LT-20260328-091741
2026-03-28 11:10:56.760,6,PO,112939,1,0,507,6795,LT-20260328-091741
2026-03-28 11:10:57.254,6,PO,112940,1,0,490,6795.5,LT-20260328-091741
2026-03-28 11:10:57.773,6,PO,112941,1,0,514,6796,LT-20260328-091741
2026-03-28 11:10:58.274,6,PO,112942,1,0,496,6796.5,LT-20260328-091741
2026-03-28 11:10:58.790,6,PO,112943,1,0,513,6797,LT-20260328-091741
2026-03-28 11:10:59.332,6,PO,112944,1,0,537,6797.6,LT-20260328-091741
2026-03-28 11:10:59.846,6,PO,112945,1,0,511,6798.1,LT-20260328-091741
2026-03-28 11:11:00.355,6,PO,112946,1,0,505,6798.6,LT-20260328-091741
2026-03-28 11:11:00.887,6,PO,112947,1,0,528,6799.1,LT-20260328-091741
2026-03-28 11:11:01.405,6,PO,112948,1,0,515,6799.6,LT-20260328-091741
2026-03-28 11:11:01.953,6,PO,112949,1,0,544,6800.2,LT-20260328-091741
2026-03-28 11:11:02.518,6,PO,112950,1,0,561,6800.8,LT-20260328-091741
2026-03-28 11:11:03.036,6,PO,112951,1,0,514,6801.3,LT-20260328-091741
2026-03-28 11:11:03.578,6,PO,112952,1,0,537,6801.8,LT-20260328-091741
2026-03-28 11:11:04.074,6,PO,112953,1,0,493,6802.3,LT-20260328-091741
2026-03-28 11:11:04.612,6,PO,112954,1,0,536,6802.9,LT-20260328-091741
2026-03-28 11:11:05.153,6,PO,112955,1,0,536,6803.4,LT-20260328-091741
2026-03-28 11:11:05.688,6,PO,112956,1,0,532,6803.9,LT-20260328-091741
2026-03-28 11:11:06.186,6,PO,112957,1,0,495,6804.4,LT-20260328-091741
2026-03-28 11:11:06.713,6,PO,112958,1,0,524,6805,LT-20260328-091741
2026-03-28 11:11:07.243,6,PO,112959,1,0,526,6805.5,LT-20260328-091741
2026-03-28 11:11:07.781,6,PO,112960,1,0,534,6806,LT-20260328-091741
2026-03-28 11:11:08.376,6,PO,112961,1,0,591,6806.6,LT-20260328-091741
2026-03-28 11:11:08.915,6,PO,112962,1,0,535,6807.2,LT-20260328-091741
2026-03-28 11:11:09.459,6,PO,112963,1,0,540,6807.7,LT-20260328-091741
2026-03-28 11:11:09.976,6,PO,112964,1,0,513,6808.2,LT-20260328-091741
2026-03-28 11:11:10.472,6,PO,112965,1,0,494,6808.7,LT-20260328-091741
2026-03-28 11:11:11.008,6,PO,112966,1,0,533,6809.3,LT-20260328-091741
2026-03-28 11:11:11.625,6,PO,112967,1,0,615,6809.9,LT-20260328-091741
2026-03-28 11:11:12.220,6,PO,112968,1,0,592,6810.5,LT-20260328-091741
2026-03-28 11:11:12.813,6,PO,112969,1,0,590,6811.1,LT-20260328-091741
2026-03-28 11:11:13.323,6,PO,112970,1,0,506,6811.6,LT-20260328-091741
2026-03-28 11:11:13.855,6,PO,112971,1,0,528,6812.1,LT-20260328-091741
2026-03-28 11:11:14.374,6,PO,112972,1,0,516,6812.6,LT-20260328-091741
2026-03-28 11:11:14.900,6,PO,112973,1,0,524,6813.1,LT-20260328-091741
2026-03-28 11:11:15.402,6,PO,112974,1,0,500,6813.6,LT-20260328-091741
2026-03-28 11:11:15.907,6,PO,112975,1,0,504,6814.2,LT-20260328-091741
2026-03-28 11:11:16.416,6,PO,112976,1,0,505,6814.7,LT-20260328-091741
2026-03-28 11:11:16.927,6,PO,112977,1,0,508,6815.2,LT-20260328-091741
2026-03-28 11:11:17.504,6,PO,112978,1,0,573,6815.7,LT-20260328-091741
2026-03-28 11:11:18.010,6,PO,112979,1,0,502,6816.3,LT-20260328-091741
2026-03-28 11:11:18.523,6,PO,112980,1,0,509,6816.8,LT-20260328-091741
2026-03-28 11:11:19.071,6,PO,112981,1,0,545,6817.3,LT-20260328-091741
2026-03-28 11:11:19.860,6,PO,112982,1,0,786,6818.1,LT-20260328-091741
2026-03-28 11:11:20.858,6,PO,112983,1,0,995,6819.1,LT-20260328-091741
2026-03-28 11:11:21.701,6,PO,112984,1,0,839,6819.9,LT-20260328-091741
2026-03-28 11:11:22.570,6,PO,112985,1,0,866,6820.8,LT-20260328-091741
2026-03-28 11:11:23.517,6,PO,112986,1,0,943,6821.8,LT-20260328-091741
2026-03-28 11:11:24.631,6,PO,112987,1,0,1110,6822.9,LT-20260328-091741
2026-03-28 11:11:25.305,6,PO,112988,1,0,672,6823.5,LT-20260328-091741
2026-03-28 11:11:25.996,6,PO,112989,1,0,688,6824.2,LT-20260328-091741
2026-03-28 11:11:26.742,6,PO,112990,1,0,742,6825,LT-20260328-091741
2026-03-28 11:11:27.440,6,PO,112991,1,0,695,6825.7,LT-20260328-091741
2026-03-28 11:11:28.129,6,PO,112992,1,0,687,6826.4,LT-20260328-091741
2026-03-28 11:11:28.828,6,PO,112993,1,0,696,6827.1,LT-20260328-091741
2026-03-28 11:11:29.514,6,PO,112994,1,0,683,6827.8,LT-20260328-091741
2026-03-28 11:11:30.194,6,PO,112995,1,0,677,6828.4,LT-20260328-091741
2026-03-28 11:11:30.896,6,PO,112996,1,0,700,6829.1,LT-20260328-091741
2026-03-28 11:11:31.719,6,PO,112997,1,0,820,6830,LT-20260328-091741
2026-03-28 11:11:32.757,6,PO,112998,1,0,1036,6831,LT-20260328-091741
2026-03-28 11:11:33.848,6,PO,112999,1,0,1088,6832.1,LT-20260328-091741
2026-03-28 11:11:34.747,6,PO,113000,1,0,896,6833,LT-20260328-091741
2026-03-28 11:11:35.471,6,PO,113001,1,0,720,6833.7,LT-20260328-091741
2026-03-28 11:11:36.203,6,PO,113002,1,0,729,6834.4,LT-20260328-091741
2026-03-28 11:11:36.915,6,PO,113003,1,0,710,6835.2,LT-20260328-091741
2026-03-28 11:11:37.647,6,PO,113004,1,0,729,6835.9,LT-20260328-091741
2026-03-28 11:11:38.369,6,PO,113005,1,0,717,6836.6,LT-20260328-091741
2026-03-28 11:11:39.082,6,PO,113006,1,0,711,6837.3,LT-20260328-091741
2026-03-28 11:11:39.825,6,PO,113007,1,0,740,6838.1,LT-20260328-091741
2026-03-28 11:11:40.536,6,PO,113008,1,0,705,6838.8,LT-20260328-091741
2026-03-28 11:11:41.251,6,PO,113009,1,0,713,6839.5,LT-20260328-091741
2026-03-28 11:11:41.965,6,PO,113010,1,0,709,6840.2,LT-20260328-091741
2026-03-28 11:11:42.679,6,PO,113011,1,0,711,6840.9,LT-20260328-091741
2026-03-28 11:11:43.394,6,PO,113012,1,0,711,6841.6,LT-20260328-091741
2026-03-28 11:11:44.104,6,PO,113013,1,0,706,6842.3,LT-20260328-091741
2026-03-28 11:11:44.803,6,PO,113014,1,0,696,6843,LT-20260328-091741
2026-03-28 11:11:45.493,6,PO,113015,1,0,687,6843.7,LT-20260328-091741
2026-03-28 11:11:46.216,6,PO,113016,1,0,721,6844.5,LT-20260328-091741
2026-03-28 11:11:46.905,6,PO,113017,1,0,686,6845.1,LT-20260328-091741
2026-03-28 11:11:47.603,6,PO,113018,1,0,695,6845.8,LT-20260328-091741
2026-03-28 11:11:48.294,6,PO,113019,1,0,687,6846.5,LT-20260328-091741
2026-03-28 11:11:48.987,6,PO,113020,1,0,690,6847.2,LT-20260328-091741
2026-03-28 11:11:49.703,6,PO,113021,1,0,712,6847.9,LT-20260328-091741
2026-03-28 11:11:50.397,6,PO,113022,1,0,689,6848.6,LT-20260328-091741
2026-03-28 11:11:51.081,6,PO,113023,1,0,681,6849.3,LT-20260328-091741
2026-03-28 11:11:51.803,6,PO,113024,1,0,718,6850,LT-20260328-091741
2026-03-28 11:11:52.509,6,PO,113025,1,0,703,6850.8,LT-20260328-091741
2026-03-28 11:11:53.186,6,PO,113026,1,0,675,6851.4,LT-20260328-091741
2026-03-28 11:11:53.863,6,PO,113027,1,0,674,6852.1,LT-20260328-091741
2026-03-28 11:11:54.567,6,PO,113028,1,0,701,6852.8,LT-20260328-091741
2026-03-28 11:11:55.265,6,PO,113029,1,0,692,6853.5,LT-20260328-091741
2026-03-28 11:11:55.979,6,PO,113030,1,0,711,6854.2,LT-20260328-091741
2026-03-28 11:11:56.690,6,PO,113031,1,0,708,6854.9,LT-20260328-091741
2026-03-28 11:11:57.427,6,PO,113032,1,0,731,6855.7,LT-20260328-091741
2026-03-28 11:11:58.156,6,PO,113033,1,0,726,6856.4,LT-20260328-091741
2026-03-28 11:11:58.867,6,PO,113034,1,0,709,6857.1,LT-20260328-091741
2026-03-28 11:11:59.508,6,PO,113035,1,0,639,6857.8,LT-20260328-091741
2026-03-28 11:12:00.012,6,PO,113036,1,0,501,6858.3,LT-20260328-091741
2026-03-28 11:12:00.505,6,PO,113037,1,0,491,6858.7,LT-20260328-091741
2026-03-28 11:12:01.016,6,PO,113038,1,0,508,6859.3,LT-20260328-091741
2026-03-28 11:12:01.533,6,PO,113039,1,0,515,6859.8,LT-20260328-091741
2026-03-28 11:12:02.061,6,PO,113040,1,0,524,6860.3,LT-20260328-091741
2026-03-28 11:12:02.587,6,PO,113041,1,0,522,6860.8,LT-20260328-091741
2026-03-28 11:12:03.144,6,PO,113042,1,0,554,6861.4,LT-20260328-091741
2026-03-28 11:12:03.658,6,PO,113043,1,0,511,6861.9,LT-20260328-091741
2026-03-28 11:12:04.198,6,PO,113044,1,0,537,6862.4,LT-20260328-091741
2026-03-28 11:12:04.751,6,PO,113045,1,0,549,6863,LT-20260328-091741
2026-03-28 11:12:05.297,6,PO,113046,1,0,543,6863.5,LT-20260328-091741
2026-03-28 11:12:05.825,6,PO,113047,1,0,526,6864.1,LT-20260328-091741
2026-03-28 11:12:06.335,6,PO,113048,1,0,507,6864.6,LT-20260328-091741
2026-03-28 11:12:07.039,6,PO,113049,1,0,701,6865.3,LT-20260328-091741
2026-03-28 11:12:07.750,6,PO,113050,1,0,707,6866,LT-20260328-091741
2026-03-28 11:12:08.503,6,PO,113051,1,0,748,6866.7,LT-20260328-091741
2026-03-28 11:12:09.221,6,PO,113052,1,0,715,6867.5,LT-20260328-091741
2026-03-28 11:12:09.986,6,PO,113053,1,0,762,6868.2,LT-20260328-091741
2026-03-28 11:12:10.683,6,PO,113054,1,0,695,6868.9,LT-20260328-091741
2026-03-28 11:12:11.378,6,PO,113055,1,0,693,6869.6,LT-20260328-091741
2026-03-28 11:12:12.077,6,PO,113056,1,0,695,6870.3,LT-20260328-091741
2026-03-28 11:12:12.775,6,PO,113057,1,0,696,6871,LT-20260328-091741
2026-03-28 11:12:13.460,6,PO,113058,1,0,681,6871.7,LT-20260328-091741
2026-03-28 11:12:14.128,6,PO,113059,1,0,666,6872.4,LT-20260328-091741
2026-03-28 11:12:14.797,6,PO,113060,1,0,667,6873,LT-20260328-091741
2026-03-28 11:12:15.488,6,PO,113061,1,0,689,6873.7,LT-20260328-091741
2026-03-28 11:12:16.180,6,PO,113062,1,0,689,6874.4,LT-20260328-091741
2026-03-28 11:12:16.932,6,PO,113063,1,0,750,6875.2,LT-20260328-091741
2026-03-28 11:12:17.631,6,PO,113064,1,0,697,6875.9,LT-20260328-091741
2026-03-28 11:12:18.347,6,PO,113065,1,0,712,6876.6,LT-20260328-091741
2026-03-28 11:12:19.028,6,PO,113066,1,0,678,6877.3,LT-20260328-091741
2026-03-28 11:12:19.594,6,PO,113067,1,0,564,6877.8,LT-20260328-091741
2026-03-28 11:12:20.113,6,PO,113068,1,0,516,6878.4,LT-20260328-091741
2026-03-28 11:12:20.626,6,PO,113069,1,0,508,6878.9,LT-20260328-091741
2026-03-28 11:12:21.136,6,PO,113070,1,0,506,6879.4,LT-20260328-091741
2026-03-28 11:12:21.674,6,PO,113071,1,0,535,6879.9,LT-20260328-091741
2026-03-28 11:12:22.173,6,PO,113072,1,0,497,6880.4,LT-20260328-091741
2026-03-28 11:12:22.656,6,PO,113073,1,0,481,6880.9,LT-20260328-091741
2026-03-28 11:12:23.158,6,PO,113074,1,0,499,6881.4,LT-20260328-091741
2026-03-28 11:12:23.669,6,PO,113075,1,0,507,6881.9,LT-20260328-091741
2026-03-28 11:12:24.197,6,PO,113076,1,0,523,6882.4,LT-20260328-091741
2026-03-28 11:12:24.698,6,PO,113077,1,0,498,6882.9,LT-20260328-091741
2026-03-28 11:12:25.225,6,PO,113078,1,0,524,6883.5,LT-20260328-091741
2026-03-28 11:12:25.736,6,PO,113079,1,0,505,6884,LT-20260328-091741
2026-03-28 11:12:26.243,6,PO,113080,1,0,504,6884.5,LT-20260328-091741
2026-03-28 11:12:26.750,6,PO,113081,1,0,504,6885,LT-20260328-091741
2026-03-28 11:12:27.302,6,PO,113082,1,0,548,6885.5,LT-20260328-091741
2026-03-28 11:12:27.819,6,PO,113083,1,0,513,6886.1,LT-20260328-091741
2026-03-28 11:12:28.349,6,PO,113084,1,0,527,6886.6,LT-20260328-091741
2026-03-28 11:12:28.848,6,PO,113085,1,0,496,6887.1,LT-20260328-091741
2026-03-28 11:12:29.366,6,PO,113086,1,0,514,6887.6,LT-20260328-091741
2026-03-28 11:12:29.878,6,PO,113087,1,0,509,6888.1,LT-20260328-091741
2026-03-28 11:12:30.413,6,PO,113088,1,0,533,6888.7,LT-20260328-091741
2026-03-28 11:12:30.917,6,PO,113089,1,0,501,6889.2,LT-20260328-091741
2026-03-28 11:12:31.427,6,PO,113090,1,0,505,6889.7,LT-20260328-091741
2026-03-28 11:12:31.936,6,PO,113091,1,0,505,6890.2,LT-20260328-091741
2026-03-28 11:12:32.469,6,PO,113092,1,0,530,6890.7,LT-20260328-091741
2026-03-28 11:12:32.977,6,PO,113093,1,0,505,6891.2,LT-20260328-091741
2026-03-28 11:12:33.493,6,PO,113094,1,0,512,6891.7,LT-20260328-091741
2026-03-28 11:12:33.998,6,PO,113095,1,0,501,6892.2,LT-20260328-091741
2026-03-28 11:12:34.515,6,PO,113096,1,0,513,6892.8,LT-20260328-091741
2026-03-28 11:12:35.020,6,PO,113097,1,0,503,6893.3,LT-20260328-091741
2026-03-28 11:12:35.574,6,PO,113098,1,0,551,6893.8,LT-20260328-091741
2026-03-28 11:12:36.124,6,PO,113099,1,0,545,6894.4,LT-20260328-091741
2026-03-28 11:12:36.649,6,PO,113100,1,0,522,6894.9,LT-20260328-091741
2026-03-28 11:12:37.197,6,PO,113101,1,0,544,6895.4,LT-20260328-091741
2026-03-28 11:12:37.747,6,PO,113102,1,0,547,6896,LT-20260328-091741
2026-03-28 11:12:38.271,6,PO,113103,1,0,521,6896.5,LT-20260328-091741
2026-03-28 11:12:38.791,6,PO,113104,1,0,516,6897,LT-20260328-091741
2026-03-28 11:12:39.360,6,PO,113105,1,0,566,6897.6,LT-20260328-091741
2026-03-28 11:12:39.873,6,PO,113106,1,0,510,6898.1,LT-20260328-091741
2026-03-28 11:12:40.398,6,PO,113107,1,0,522,6898.6,LT-20260328-091741
2026-03-28 11:12:40.913,6,PO,113108,1,0,513,6899.2,LT-20260328-091741
2026-03-28 11:12:41.423,6,PO,113109,1,0,506,6899.7,LT-20260328-091741
2026-03-28 11:12:41.954,6,PO,113110,1,0,528,6900.2,LT-20260328-091741
2026-03-28 11:12:42.540,6,PO,113111,1,0,582,6900.8,LT-20260328-091741
2026-03-28 11:12:43.071,6,PO,113112,1,0,528,6901.3,LT-20260328-091741
2026-03-28 11:12:43.587,6,PO,113113,1,0,513,6901.8,LT-20260328-091741
2026-03-28 11:12:44.174,6,PO,113114,1,0,583,6902.4,LT-20260328-091741
2026-03-28 11:12:44.689,6,PO,113115,1,0,513,6902.9,LT-20260328-091741
2026-03-28 11:12:45.195,6,PO,113116,1,0,503,6903.4,LT-20260328-091741
2026-03-28 11:12:45.708,6,PO,113117,1,0,509,6904,LT-20260328-091741
2026-03-28 11:12:46.260,6,PO,113118,1,0,548,6904.5,LT-20260328-091741
2026-03-28 11:12:46.771,6,PO,113119,1,0,507,6905,LT-20260328-091741
2026-03-28 11:12:47.284,6,PO,113120,1,0,511,6905.5,LT-20260328-091741
2026-03-28 11:12:47.826,6,PO,113121,1,0,538,6906.1,LT-20260328-091741
2026-03-28 11:12:48.350,6,PO,113122,1,0,522,6906.6,LT-20260328-091741
2026-03-28 11:12:48.890,6,PO,113123,1,0,536,6907.1,LT-20260328-091741
2026-03-28 11:12:49.550,6,PO,113124,1,0,656,6907.8,LT-20260328-091741
2026-03-28 11:12:50.285,6,PO,113125,1,0,731,6908.5,LT-20260328-091741
2026-03-28 11:12:50.962,6,PO,113126,1,0,671,6909.2,LT-20260328-091741
2026-03-28 11:12:51.650,6,PO,113127,1,0,684,6909.9,LT-20260328-091741
2026-03-28 11:12:52.354,6,PO,113128,1,0,701,6910.6,LT-20260328-091741
2026-03-28 11:12:53.037,6,PO,113129,1,0,679,6911.3,LT-20260328-091741
2026-03-28 11:12:53.758,6,PO,113130,1,0,718,6912,LT-20260328-091741
2026-03-28 11:12:54.462,6,PO,113131,1,0,702,6912.7,LT-20260328-091741
2026-03-28 11:12:55.184,6,PO,113132,1,0,719,6913.4,LT-20260328-091741
2026-03-28 11:12:55.888,6,PO,113133,1,0,700,6914.1,LT-20260328-091741
2026-03-28 11:12:56.575,6,PO,113134,1,0,684,6914.8,LT-20260328-091741
2026-03-28 11:12:57.303,6,PO,113135,1,0,724,6915.5,LT-20260328-091741
2026-03-28 11:12:58.005,6,PO,113136,1,0,699,6916.2,LT-20260328-091741
2026-03-28 11:12:58.728,6,PO,113137,1,0,720,6917,LT-20260328-091741
2026-03-28 11:12:59.443,6,PO,113138,1,0,711,6917.7,LT-20260328-091741
2026-03-28 11:12:59.989,6,PO,113139,1,0,543,6918.2,LT-20260328-091741
2026-03-28 11:13:00.518,6,PO,113140,1,0,526,6918.8,LT-20260328-091741
2026-03-28 11:13:01.051,6,PO,113141,1,0,529,6919.3,LT-20260328-091741
2026-03-28 11:13:01.583,6,PO,113142,1,0,530,6919.8,LT-20260328-091741
2026-03-28 11:13:02.116,6,PO,113143,1,0,530,6920.4,LT-20260328-091741
2026-03-28 11:13:02.666,6,PO,113144,1,0,546,6920.9,LT-20260328-091741
2026-03-28 11:13:03.214,6,PO,113145,1,0,545,6921.5,LT-20260328-091741
2026-03-28 11:13:03.767,6,PO,113146,1,0,550,6922,LT-20260328-091741
2026-03-28 11:13:04.299,6,PO,113147,1,0,528,6922.5,LT-20260328-091741
2026-03-28 11:13:04.810,6,PO,113148,1,0,507,6923.1,LT-20260328-091741
2026-03-28 11:13:05.331,6,PO,113149,1,0,518,6923.6,LT-20260328-091741
2026-03-28 11:13:05.836,6,PO,113150,1,0,501,6924.1,LT-20260328-091741
2026-03-28 11:13:06.347,6,PO,113151,1,0,509,6924.6,LT-20260328-091741
2026-03-28 11:13:06.864,6,PO,113152,1,0,513,6925.1,LT-20260328-091741
2026-03-28 11:13:07.389,6,PO,113153,1,0,521,6925.6,LT-20260328-091741
2026-03-28 11:13:07.920,6,PO,113154,1,0,529,6926.2,LT-20260328-091741
2026-03-28 11:13:08.472,6,PO,113155,1,0,549,6926.7,LT-20260328-091741
2026-03-28 11:13:09.000,6,PO,113156,1,0,525,6927.2,LT-20260328-091741
2026-03-28 11:13:09.686,6,PO,113157,1,0,684,6927.9,LT-20260328-091741
2026-03-28 11:13:10.421,6,PO,113158,1,0,731,6928.7,LT-20260328-091741
2026-03-28 11:13:11.110,6,PO,113159,1,0,687,6929.4,LT-20260328-091741
2026-03-28 11:13:11.798,6,PO,113160,1,0,685,6930,LT-20260328-091741
2026-03-28 11:13:12.493,6,PO,113161,1,0,690,6930.7,LT-20260328-091741
2026-03-28 11:13:13.207,6,PO,113162,1,0,711,6931.5,LT-20260328-091741
2026-03-28 11:13:13.884,6,PO,113163,1,0,676,6932.1,LT-20260328-091741
2026-03-28 11:13:14.618,6,PO,113164,1,0,730,6932.9,LT-20260328-091741
2026-03-28 11:13:15.336,6,PO,113165,1,0,716,6933.6,LT-20260328-091741
2026-03-28 11:13:16.040,6,PO,113166,1,0,701,6934.3,LT-20260328-091741
2026-03-28 11:13:16.768,6,PO,113167,1,0,724,6935,LT-20260328-091741
2026-03-28 11:13:17.455,6,PO,113168,1,0,685,6935.7,LT-20260328-091741
2026-03-28 11:13:18.159,6,PO,113169,1,0,701,6936.4,LT-20260328-091741
2026-03-28 11:13:18.887,6,PO,113170,1,0,724,6937.1,LT-20260328-091741
2026-03-28 11:13:19.571,6,PO,113171,1,0,680,6937.8,LT-20260328-091741
2026-03-28 11:13:20.052,6,PO,113172,1,0,479,6938.3,LT-20260328-091741
2026-03-28 11:13:20.537,6,PO,113173,1,0,483,6938.8,LT-20260328-091741
2026-03-28 11:13:21.076,6,PO,113174,1,0,534,6939.3,LT-20260328-091741
2026-03-28 11:13:21.596,6,PO,113175,1,0,518,6939.8,LT-20260328-091741
2026-03-28 11:13:22.095,6,PO,113176,1,0,495,6940.3,LT-20260328-091741
2026-03-28 11:13:22.584,6,PO,113177,1,0,487,6940.8,LT-20260328-091741
2026-03-28 11:13:23.073,6,PO,113178,1,0,487,6941.3,LT-20260328-091741
2026-03-28 11:13:23.575,6,PO,113179,1,0,498,6941.8,LT-20260328-091741
2026-03-28 11:13:24.077,6,PO,113180,1,0,498,6942.3,LT-20260328-091741
2026-03-28 11:13:24.582,6,PO,113181,1,0,502,6942.8,LT-20260328-091741
2026-03-28 11:13:25.090,6,PO,113182,1,0,505,6943.3,LT-20260328-091741
2026-03-28 11:13:25.595,6,PO,113183,1,0,501,6943.8,LT-20260328-091741
2026-03-28 11:13:26.068,6,PO,113184,1,0,471,6944.3,LT-20260328-091741
2026-03-28 11:13:26.553,6,PO,113185,1,0,483,6944.8,LT-20260328-091741
2026-03-28 11:13:27.025,6,PO,113186,1,0,471,6945.3,LT-20260328-091741
2026-03-28 11:13:27.501,6,PO,113187,1,0,473,6945.7,LT-20260328-091741
2026-03-28 11:13:27.999,6,PO,113188,1,0,495,6946.2,LT-20260328-091741
2026-03-28 11:13:28.501,6,PO,113189,1,0,499,6946.7,LT-20260328-091741
2026-03-28 11:13:29.077,6,PO,113190,1,0,573,6947.3,LT-20260328-091741
2026-03-28 11:13:29.654,6,PO,113191,1,0,574,6947.9,LT-20260328-091741
2026-03-28 11:13:30.233,6,PO,113192,1,0,576,6948.5,LT-20260328-091741
2026-03-28 11:13:30.753,6,PO,113193,1,0,517,6949,LT-20260328-091741
2026-03-28 11:13:31.259,6,PO,113194,1,0,502,6949.5,LT-20260328-091741
2026-03-28 11:13:31.787,6,PO,113195,1,0,525,6950,LT-20260328-091741
2026-03-28 11:13:32.330,6,PO,113196,1,0,540,6950.6,LT-20260328-091741
2026-03-28 11:13:32.867,6,PO,113197,1,0,533,6951.1,LT-20260328-091741
2026-03-28 11:13:33.374,6,PO,113198,1,0,504,6951.6,LT-20260328-091741
2026-03-28 11:13:33.919,6,PO,113199,1,0,543,6952.2,LT-20260328-091741
2026-03-28 11:13:34.454,6,PO,113200,1,0,531,6952.7,LT-20260328-091741
2026-03-28 11:13:34.952,6,PO,113201,1,0,494,6953.2,LT-20260328-091741
2026-03-28 11:13:35.460,6,PO,113202,1,0,507,6953.7,LT-20260328-091741
2026-03-28 11:13:35.970,6,PO,113203,1,0,507,6954.2,LT-20260328-091741
2026-03-28 11:13:36.485,6,PO,113204,1,0,510,6954.7,LT-20260328-091741
2026-03-28 11:13:37.001,6,PO,113205,1,0,511,6955.2,LT-20260328-091741
2026-03-28 11:13:37.527,6,PO,113206,1,0,522,6955.8,LT-20260328-091741
2026-03-28 11:13:38.045,6,PO,113207,1,0,513,6956.3,LT-20260328-091741
2026-03-28 11:13:38.569,6,PO,113208,1,0,520,6956.8,LT-20260328-091741
2026-03-28 11:13:39.073,6,PO,113209,1,0,501,6957.3,LT-20260328-091741
2026-03-28 11:13:39.585,6,PO,113210,1,0,508,6957.8,LT-20260328-091741
2026-03-28 11:13:40.070,6,PO,113211,1,0,482,6958.3,LT-20260328-091741
2026-03-28 11:13:40.583,6,PO,113212,1,0,511,6958.8,LT-20260328-091741
2026-03-28 11:13:41.098,6,PO,113213,1,0,512,6959.3,LT-20260328-091741
2026-03-28 11:13:41.595,6,PO,113214,1,0,493,6959.8,LT-20260328-091741
2026-03-28 11:13:42.086,6,PO,113215,1,0,487,6960.3,LT-20260328-091741
2026-03-28 11:13:42.607,6,PO,113216,1,0,518,6960.9,LT-20260328-091741
2026-03-28 11:13:43.104,6,PO,113217,1,0,493,6961.3,LT-20260328-091741
2026-03-28 11:13:43.609,6,PO,113218,1,0,502,6961.9,LT-20260328-091741
2026-03-28 11:13:44.104,6,PO,113219,1,0,491,6962.3,LT-20260328-091741
2026-03-28 11:13:44.648,6,PO,113220,1,0,540,6962.9,LT-20260328-091741
2026-03-28 11:13:45.158,6,PO,113221,1,0,507,6963.4,LT-20260328-091741
2026-03-28 11:13:45.669,6,PO,113222,1,0,508,6963.9,LT-20260328-091741
2026-03-28 11:13:46.182,6,PO,113223,1,0,510,6964.4,LT-20260328-091741
2026-03-28 11:13:46.683,6,PO,113224,1,0,498,6964.9,LT-20260328-091741
2026-03-28 11:13:47.184,6,PO,113225,1,0,498,6965.4,LT-20260328-091741
2026-03-28 11:13:47.705,6,PO,113226,1,0,516,6965.9,LT-20260328-091741
2026-03-28 11:13:48.242,6,PO,113227,1,0,535,6966.5,LT-20260328-091741
2026-03-28 11:13:48.745,6,PO,113228,1,0,500,6967,LT-20260328-091741
2026-03-28 11:13:49.275,6,PO,113229,1,0,527,6967.5,LT-20260328-091741
2026-03-28 11:13:49.791,6,PO,113230,1,0,513,6968,LT-20260328-091741
2026-03-28 11:13:50.297,6,PO,113231,1,0,503,6968.5,LT-20260328-091741
2026-03-28 11:13:50.803,6,PO,113232,1,0,503,6969,LT-20260328-091741
2026-03-28 11:13:51.299,6,PO,113233,1,0,493,6969.5,LT-20260328-091741
2026-03-28 11:13:51.857,6,PO,113234,1,0,554,6970.1,LT-20260328-091741
2026-03-28 11:13:52.391,6,PO,113235,1,0,530,6970.6,LT-20260328-091741
2026-03-28 11:13:52.912,6,PO,113236,1,0,517,6971.2,LT-20260328-091741
2026-03-28 11:13:53.411,6,PO,113237,1,0,496,6971.7,LT-20260328-091741
2026-03-28 11:13:53.909,6,PO,113238,1,0,495,6972.2,LT-20260328-091741
2026-03-28 11:13:54.393,6,PO,113239,1,0,483,6972.6,LT-20260328-091741
2026-03-28 11:13:54.926,6,PO,113240,1,0,529,6973.2,LT-20260328-091741
2026-03-28 11:13:55.441,6,PO,113241,1,0,512,6973.7,LT-20260328-091741
2026-03-28 11:13:55.987,6,PO,113242,1,0,543,6974.2,LT-20260328-091741
2026-03-28 11:13:56.497,6,PO,113243,1,0,506,6974.7,LT-20260328-091741
2026-03-28 11:13:57.004,6,PO,113244,1,0,503,6975.2,LT-20260328-091741
2026-03-28 11:13:57.507,6,PO,113245,1,0,500,6975.8,LT-20260328-091741
2026-03-28 11:13:58.035,6,PO,113246,1,0,525,6976.3,LT-20260328-091741
2026-03-28 11:13:58.578,6,PO,113247,1,0,540,6976.8,LT-20260328-091741
2026-03-28 11:13:59.090,6,PO,113248,1,0,508,6977.3,LT-20260328-091741
2026-03-28 11:13:59.723,6,PO,113249,1,0,631,6978,LT-20260328-091741
2026-03-28 11:14:00.427,6,PO,113250,1,0,700,6978.7,LT-20260328-091741
2026-03-28 11:14:01.137,6,PO,113251,1,0,706,6979.4,LT-20260328-091741
2026-03-28 11:14:01.824,6,PO,113252,1,0,684,6980.1,LT-20260328-091741
2026-03-28 11:14:02.577,6,PO,113253,1,0,750,6980.8,LT-20260328-091741
2026-03-28 11:14:03.299,6,PO,113254,1,0,718,6981.5,LT-20260328-091741
2026-03-28 11:14:04.025,6,PO,113255,1,0,722,6982.3,LT-20260328-091741
2026-03-28 11:14:04.708,6,PO,113256,1,0,679,6983,LT-20260328-091741
2026-03-28 11:14:05.472,6,PO,113257,1,0,758,6983.7,LT-20260328-091741
2026-03-28 11:14:06.177,6,PO,113258,1,0,701,6984.4,LT-20260328-091741
2026-03-28 11:14:06.935,6,PO,113259,1,0,755,6985.2,LT-20260328-091741
2026-03-28 11:14:07.649,6,PO,113260,1,0,710,6985.9,LT-20260328-091741
2026-03-28 11:14:08.342,6,PO,113261,1,0,690,6986.6,LT-20260328-091741
2026-03-28 11:14:09.064,6,PO,113262,1,0,719,6987.3,LT-20260328-091741
2026-03-28 11:14:09.797,6,PO,113263,1,0,729,6988,LT-20260328-091741
2026-03-28 11:14:10.549,6,PO,113264,1,0,748,6988.8,LT-20260328-091741
2026-03-28 11:14:11.254,6,PO,113265,1,0,703,6989.5,LT-20260328-091741
2026-03-28 11:14:11.962,6,PO,113266,1,0,706,6990.2,LT-20260328-091741
2026-03-28 11:14:12.660,6,PO,113267,1,0,695,6990.9,LT-20260328-091741
2026-03-28 11:14:13.373,6,PO,113268,1,0,710,6991.6,LT-20260328-091741
2026-03-28 11:14:14.057,6,PO,113269,1,0,682,6992.3,LT-20260328-091741
2026-03-28 11:14:14.729,6,PO,113270,1,0,669,6993,LT-20260328-091741
2026-03-28 11:14:15.411,6,PO,113271,1,0,680,6993.7,LT-20260328-091741
2026-03-28 11:14:16.099,6,PO,113272,1,0,686,6994.3,LT-20260328-091741
2026-03-28 11:14:16.786,6,PO,113273,1,0,684,6995,LT-20260328-091741
2026-03-28 11:14:17.493,6,PO,113274,1,0,702,6995.7,LT-20260328-091741
2026-03-28 11:14:18.213,6,PO,113275,1,0,717,6996.5,LT-20260328-091741
2026-03-28 11:14:18.892,6,PO,113276,1,0,676,6997.1,LT-20260328-091741
2026-03-28 11:14:19.523,6,PO,113277,1,0,627,6997.8,LT-20260328-091741
2026-03-28 11:14:20.036,6,PO,113278,1,0,509,6998.3,LT-20260328-091741
2026-03-28 11:14:20.538,6,PO,113279,1,0,498,6998.8,LT-20260328-091741
2026-03-28 11:14:21.045,6,PO,113280,1,0,504,6999.3,LT-20260328-091741
2026-03-28 11:14:21.574,6,PO,113281,1,0,526,6999.8,LT-20260328-091741
2026-03-28 11:14:22.092,6,PO,113282,1,0,515,7000.3,LT-20260328-091741
2026-03-28 11:14:22.604,6,PO,113283,1,0,509,7000.8,LT-20260328-091741
2026-03-28 11:14:23.102,6,PO,113284,1,0,495,7001.3,LT-20260328-091741
2026-03-28 11:14:23.613,6,PO,113285,1,0,507,7001.9,LT-20260328-091741
2026-03-28 11:14:24.120,6,PO,113286,1,0,504,7002.4,LT-20260328-091741
2026-03-28 11:14:24.645,6,PO,113287,1,0,519,7002.9,LT-20260328-091741
2026-03-28 11:14:25.149,6,PO,113288,1,0,500,7003.4,LT-20260328-091741
2026-03-28 11:14:25.668,6,PO,113289,1,0,515,7003.9,LT-20260328-091741
2026-03-28 11:14:26.199,6,PO,113290,1,0,522,7004.4,LT-20260328-091741
2026-03-28 11:14:26.706,6,PO,113291,1,0,505,7005,LT-20260328-091741
2026-03-28 11:14:27.242,6,PO,113292,1,0,532,7005.5,LT-20260328-091741
2026-03-28 11:14:27.759,6,PO,113293,1,0,514,7006,LT-20260328-091741
2026-03-28 11:14:28.280,6,PO,113294,1,0,518,7006.5,LT-20260328-091741
2026-03-28 11:14:28.783,6,PO,113295,1,0,499,7007,LT-20260328-091741
2026-03-28 11:14:29.352,6,PO,113296,1,0,565,7007.6,LT-20260328-091741
2026-03-28 11:14:30.055,6,PO,113297,1,0,701,7008.3,LT-20260328-091741
2026-03-28 11:14:30.769,6,PO,113298,1,0,712,7009,LT-20260328-091741
2026-03-28 11:14:31.463,6,PO,113299,1,0,690,7009.7,LT-20260328-091741
2026-03-28 11:14:32.172,6,PO,113300,1,0,706,7010.4,LT-20260328-091741
2026-03-28 11:14:32.867,6,PO,113301,1,0,692,7011.1,LT-20260328-091741
2026-03-28 11:14:33.556,6,PO,113302,1,0,685,7011.8,LT-20260328-091741
2026-03-28 11:14:34.239,6,PO,113303,1,0,679,7012.5,LT-20260328-091741
2026-03-28 11:14:34.983,6,PO,113304,1,0,741,7013.2,LT-20260328-091741
2026-03-28 11:14:35.686,6,PO,113305,1,0,700,7013.9,LT-20260328-091741
2026-03-28 11:14:36.379,6,PO,113306,1,0,690,7014.6,LT-20260328-091741
2026-03-28 11:14:37.077,6,PO,113307,1,0,694,7015.3,LT-20260328-091741
2026-03-28 11:14:37.785,6,PO,113308,1,0,704,7016,LT-20260328-091741
2026-03-28 11:14:38.494,6,PO,113309,1,0,706,7016.7,LT-20260328-091741
2026-03-28 11:14:39.171,6,PO,113310,1,0,673,7017.4,LT-20260328-091741
2026-03-28 11:14:39.876,6,PO,113311,1,0,702,7018.1,LT-20260328-091741
2026-03-28 11:14:40.563,6,PO,113312,1,0,684,7018.8,LT-20260328-091741
2026-03-28 11:14:41.279,6,PO,113313,1,0,713,7019.5,LT-20260328-091741
2026-03-28 11:14:42.058,6,PO,113314,1,0,775,7020.3,LT-20260328-091741
2026-03-28 11:14:42.761,6,PO,113315,1,0,699,7021,LT-20260328-091741
2026-03-28 11:14:43.459,6,PO,113316,1,0,695,7021.7,LT-20260328-091741
2026-03-28 11:14:44.137,6,PO,113317,1,0,675,7022.4,LT-20260328-091741
2026-03-28 11:14:44.881,6,PO,113318,1,0,741,7023.1,LT-20260328-091741
2026-03-28 11:14:45.571,6,PO,113319,1,0,687,7023.8,LT-20260328-091741
2026-03-28 11:14:46.264,6,PO,113320,1,0,689,7024.5,LT-20260328-091741
2026-03-28 11:14:46.970,6,PO,113321,1,0,703,7025.2,LT-20260328-091741
2026-03-28 11:14:47.675,6,PO,113322,1,0,702,7025.9,LT-20260328-091741
2026-03-28 11:14:48.373,6,PO,113323,1,0,694,7026.6,LT-20260328-091741
2026-03-28 11:14:49.046,6,PO,113324,1,0,670,7027.3,LT-20260328-091741
2026-03-28 11:14:49.621,6,PO,113325,1,0,571,7027.9,LT-20260328-091741
2026-03-28 11:14:50.120,6,PO,113326,1,0,495,7028.4,LT-20260328-091741
2026-03-28 11:14:50.641,6,PO,113327,1,0,518,7028.9,LT-20260328-091741
2026-03-28 11:14:51.153,6,PO,113328,1,0,508,7029.4,LT-20260328-091741
2026-03-28 11:14:51.659,6,PO,113329,1,0,502,7029.9,LT-20260328-091741
2026-03-28 11:14:52.180,6,PO,113330,1,0,518,7030.4,LT-20260328-091741
2026-03-28 11:14:52.702,6,PO,113331,1,0,518,7030.9,LT-20260328-091741
2026-03-28 11:14:53.230,6,PO,113332,1,0,524,7031.5,LT-20260328-091741
2026-03-28 11:14:53.739,6,PO,113333,1,0,505,7032,LT-20260328-091741
2026-03-28 11:14:54.226,6,PO,113334,1,0,484,7032.5,LT-20260328-091741
2026-03-28 11:14:54.737,6,PO,113335,1,0,509,7033,LT-20260328-091741
2026-03-28 11:14:55.235,6,PO,113336,1,0,496,7033.5,LT-20260328-091741
2026-03-28 11:14:55.744,6,PO,113337,1,0,506,7034,LT-20260328-091741
2026-03-28 11:14:56.255,6,PO,113338,1,0,507,7034.5,LT-20260328-091741
2026-03-28 11:14:56.761,6,PO,113339,1,0,503,7035,LT-20260328-091741
2026-03-28 11:14:57.270,6,PO,113340,1,0,506,7035.5,LT-20260328-091741
2026-03-28 11:14:57.787,6,PO,113341,1,0,513,7036,LT-20260328-091741
2026-03-28 11:14:58.322,6,PO,113342,1,0,532,7036.6,LT-20260328-091741
2026-03-28 11:14:58.819,6,PO,113343,1,0,493,7037.1,LT-20260328-091741
2026-03-28 11:14:59.535,6,PO,113344,1,0,713,7037.8,LT-20260328-091741
2026-03-28 11:15:00.296,6,PO,113345,1,0,757,7038.5,LT-20260328-091741
2026-03-28 11:15:00.823,6,PO,113346,1,0,524,7039.1,LT-20260328-091741
2026-03-28 11:15:01.375,6,PO,113347,1,0,548,7039.6,LT-20260328-091741
2026-03-28 11:15:01.905,6,PO,113348,1,0,527,7040.1,LT-20260328-091741
2026-03-28 11:15:02.433,6,PO,113349,1,0,524,7040.7,LT-20260328-091741
2026-03-28 11:15:02.956,6,PO,113350,1,0,520,7041.2,LT-20260328-091741
2026-03-28 11:15:03.512,6,PO,113351,1,0,553,7041.8,LT-20260328-091741
2026-03-28 11:15:04.102,6,PO,113352,1,0,587,7042.3,LT-20260328-091741
2026-03-28 11:15:04.640,6,PO,113353,1,0,535,7042.9,LT-20260328-091741
2026-03-28 11:15:05.192,6,PO,113354,1,0,549,7043.4,LT-20260328-091741
2026-03-28 11:15:05.763,6,PO,113355,1,0,566,7044,LT-20260328-091741
2026-03-28 11:15:06.312,6,PO,113356,1,0,545,7044.6,LT-20260328-091741
2026-03-28 11:15:06.839,6,PO,113357,1,0,523,7045.1,LT-20260328-091741
2026-03-28 11:15:07.425,6,PO,113358,1,0,582,7045.7,LT-20260328-091741
2026-03-28 11:15:07.981,6,PO,113359,1,0,553,7046.2,LT-20260328-091741
2026-03-28 11:15:08.557,6,PO,113360,1,0,572,7046.8,LT-20260328-091741
2026-03-28 11:15:09.185,6,PO,113361,1,0,625,7047.4,LT-20260328-091741
2026-03-28 11:15:09.770,6,PO,113362,1,0,582,7048,LT-20260328-091741
2026-03-28 11:15:10.325,6,PO,113363,1,0,551,7048.6,LT-20260328-091741
2026-03-28 11:15:10.820,6,PO,113364,1,0,493,7049.1,LT-20260328-091741
2026-03-28 11:15:11.334,6,PO,113365,1,0,511,7049.6,LT-20260328-091741
2026-03-28 11:15:11.890,6,PO,113366,1,0,553,7050.1,LT-20260328-091741
2026-03-28 11:15:12.538,6,PO,113367,1,0,645,7050.8,LT-20260328-091741
2026-03-28 11:15:13.084,6,PO,113368,1,0,543,7051.3,LT-20260328-091741
2026-03-28 11:15:13.603,6,PO,113369,1,0,516,7051.8,LT-20260328-091741
2026-03-28 11:15:14.158,6,PO,113370,1,0,550,7052.4,LT-20260328-091741
2026-03-28 11:15:14.668,6,PO,113371,1,0,508,7052.9,LT-20260328-091741
2026-03-28 11:15:15.164,6,PO,113372,1,0,493,7053.4,LT-20260328-091741
2026-03-28 11:15:15.689,6,PO,113373,1,0,522,7053.9,LT-20260328-091741
2026-03-28 11:15:16.230,6,PO,113374,1,0,538,7054.5,LT-20260328-091741
2026-03-28 11:15:16.765,6,PO,113375,1,0,533,7055,LT-20260328-091741
2026-03-28 11:15:17.282,6,PO,113376,1,0,514,7055.5,LT-20260328-091741
2026-03-28 11:15:17.787,6,PO,113377,1,0,502,7056,LT-20260328-091741
2026-03-28 11:15:18.321,6,PO,113378,1,0,532,7056.6,LT-20260328-091741
2026-03-28 11:15:18.965,6,PO,113379,1,0,639,7057.2,LT-20260328-091741
2026-03-28 11:15:19.654,6,PO,113380,1,0,685,7057.9,LT-20260328-091741
2026-03-28 11:15:20.388,6,PO,113381,1,0,731,7058.6,LT-20260328-091741
2026-03-28 11:15:21.093,6,PO,113382,1,0,701,7059.3,LT-20260328-091741
2026-03-28 11:15:21.802,6,PO,113383,1,0,706,7060,LT-20260328-091741
2026-03-28 11:15:22.565,6,PO,113384,1,0,759,7060.8,LT-20260328-091741
2026-03-28 11:15:23.287,6,PO,113385,1,0,720,7061.5,LT-20260328-091741
2026-03-28 11:15:23.995,6,PO,113386,1,0,703,7062.2,LT-20260328-091741
2026-03-28 11:15:24.722,6,PO,113387,1,0,724,7063,LT-20260328-091741
2026-03-28 11:15:25.434,6,PO,113388,1,0,709,7063.7,LT-20260328-091741
2026-03-28 11:15:26.173,6,PO,113389,1,0,735,7064.4,LT-20260328-091741
2026-03-28 11:15:26.871,6,PO,113390,1,0,695,7065.1,LT-20260328-091741
2026-03-28 11:15:27.586,6,PO,113391,1,0,712,7065.8,LT-20260328-091741
2026-03-28 11:15:28.354,6,PO,113392,1,0,764,7066.6,LT-20260328-091741
2026-03-28 11:15:29.074,6,PO,113393,1,0,717,7067.3,LT-20260328-091741
2026-03-28 11:15:30.049,6,PO,113394,1,0,973,7068.3,LT-20260328-091741
2026-03-28 11:15:30.791,6,PO,113395,1,0,739,7069,LT-20260328-091741
2026-03-28 11:15:31.340,6,PO,113396,1,0,547,7069.6,LT-20260328-091741
2026-03-28 11:15:31.869,6,PO,113397,1,0,526,7070.1,LT-20260328-091741
2026-03-28 11:15:32.382,6,PO,113398,1,0,510,7070.6,LT-20260328-091741
2026-03-28 11:15:32.895,6,PO,113399,1,0,509,7071.1,LT-20260328-091741
2026-03-28 11:15:33.452,6,PO,113400,1,0,554,7071.7,LT-20260328-091741
2026-03-28 11:15:33.985,6,PO,113401,1,0,528,7072.2,LT-20260328-091741
2026-03-28 11:15:34.525,6,PO,113402,1,0,536,7072.8,LT-20260328-091741
2026-03-28 11:15:35.060,6,PO,113403,1,0,532,7073.3,LT-20260328-091741
2026-03-28 11:15:35.581,6,PO,113404,1,0,516,7073.8,LT-20260328-091741
2026-03-28 11:15:36.086,6,PO,113405,1,0,501,7074.3,LT-20260328-091741
2026-03-28 11:15:36.595,6,PO,113406,1,0,504,7074.8,LT-20260328-091741
2026-03-28 11:15:37.095,6,PO,113407,1,0,497,7075.3,LT-20260328-091741
2026-03-28 11:15:37.656,6,PO,113408,1,0,557,7075.9,LT-20260328-091741
2026-03-28 11:15:38.167,6,PO,113409,1,0,507,7076.4,LT-20260328-091741
2026-03-28 11:15:38.682,6,PO,113410,1,0,511,7076.9,LT-20260328-091741
2026-03-28 11:15:39.201,6,PO,113411,1,0,515,7077.4,LT-20260328-091741
2026-03-28 11:15:39.716,6,PO,113412,1,0,512,7078,LT-20260328-091741
2026-03-28 11:15:40.213,6,PO,113413,1,0,495,7078.5,LT-20260328-091741
2026-03-28 11:15:40.776,6,PO,113414,1,0,559,7079,LT-20260328-091741
2026-03-28 11:15:41.279,6,PO,113415,1,0,501,7079.5,LT-20260328-091741
2026-03-28 11:15:41.831,6,PO,113416,1,0,548,7080.1,LT-20260328-091741
2026-03-28 11:15:42.393,6,PO,113417,1,0,559,7080.6,LT-20260328-091741
2026-03-28 11:15:42.906,6,PO,113418,1,0,509,7081.2,LT-20260328-091741
2026-03-28 11:15:43.458,6,PO,113419,1,0,548,7081.7,LT-20260328-091741
2026-03-28 11:15:43.997,6,PO,113420,1,0,535,7082.2,LT-20260328-091741
2026-03-28 11:15:44.534,6,PO,113421,1,0,533,7082.8,LT-20260328-091741
2026-03-28 11:15:45.040,6,PO,113422,1,0,503,7083.3,LT-20260328-091741
2026-03-28 11:15:45.564,6,PO,113423,1,0,521,7083.8,LT-20260328-091741
2026-03-28 11:15:46.072,6,PO,113424,1,0,504,7084.3,LT-20260328-091741
2026-03-28 11:15:46.611,6,PO,113425,1,0,535,7084.9,LT-20260328-091741
2026-03-28 11:15:47.168,6,PO,113426,1,0,552,7085.4,LT-20260328-091741
2026-03-28 11:15:47.710,6,PO,113427,1,0,539,7086,LT-20260328-091741
2026-03-28 11:15:48.240,6,PO,113428,1,0,527,7086.5,LT-20260328-091741
2026-03-28 11:15:48.759,6,PO,113429,1,0,512,7087,LT-20260328-091741
2026-03-28 11:15:49.305,6,PO,113430,1,0,542,7087.5,LT-20260328-091741
2026-03-28 11:15:49.813,6,PO,113431,1,0,505,7088.1,LT-20260328-091741
2026-03-28 11:15:50.340,6,PO,113432,1,0,523,7088.6,LT-20260328-091741
2026-03-28 11:15:50.853,6,PO,113433,1,0,510,7089.1,LT-20260328-091741
2026-03-28 11:15:51.368,6,PO,113434,1,0,511,7089.6,LT-20260328-091741
2026-03-28 11:15:51.874,6,PO,113435,1,0,502,7090.1,LT-20260328-091741
2026-03-28 11:15:52.397,6,PO,113436,1,0,519,7090.6,LT-20260328-091741
2026-03-28 11:15:52.945,6,PO,113437,1,0,542,7091.2,LT-20260328-091741
2026-03-28 11:15:53.465,6,PO,113438,1,0,517,7091.7,LT-20260328-091741
2026-03-28 11:15:53.987,6,PO,113439,1,0,519,7092.2,LT-20260328-091741
2026-03-28 11:15:54.476,6,PO,113440,1,0,485,7092.7,LT-20260328-091741
2026-03-28 11:15:54.962,6,PO,113441,1,0,485,7093.2,LT-20260328-091741
2026-03-28 11:15:55.458,6,PO,113442,1,0,495,7093.7,LT-20260328-091741
2026-03-28 11:15:55.973,6,PO,113443,1,0,510,7094.2,LT-20260328-091741
2026-03-28 11:15:56.483,6,PO,113444,1,0,506,7094.7,LT-20260328-091741
2026-03-28 11:15:56.993,6,PO,113445,1,0,506,7095.2,LT-20260328-091741
2026-03-28 11:15:57.509,6,PO,113446,1,0,513,7095.8,LT-20260328-091741
2026-03-28 11:15:58.018,6,PO,113447,1,0,506,7096.3,LT-20260328-091741
2026-03-28 11:15:58.598,6,PO,113448,1,0,576,7096.8,LT-20260328-091741
2026-03-28 11:15:59.125,6,PO,113449,1,0,523,7097.4,LT-20260328-091741
2026-03-28 11:15:59.651,6,PO,113450,1,0,522,7097.9,LT-20260328-091741
2026-03-28 11:16:00.194,6,PO,113451,1,0,540,7098.4,LT-20260328-091741
2026-03-28 11:16:00.724,6,PO,113452,1,0,527,7099,LT-20260328-091741
2026-03-28 11:16:01.261,6,PO,113453,1,0,533,7099.5,LT-20260328-091741
2026-03-28 11:16:01.786,6,PO,113454,1,0,521,7100,LT-20260328-091741
2026-03-28 11:16:02.322,6,PO,113455,1,0,534,7100.6,LT-20260328-091741
2026-03-28 11:16:02.838,6,PO,113456,1,0,513,7101.1,LT-20260328-091741
2026-03-28 11:16:03.361,6,PO,113457,1,0,518,7101.6,LT-20260328-091741
2026-03-28 11:16:03.892,6,PO,113458,1,0,528,7102.1,LT-20260328-091741
2026-03-28 11:16:04.442,6,PO,113459,1,0,546,7102.7,LT-20260328-091741
2026-03-28 11:16:04.962,6,PO,113460,1,0,516,7103.2,LT-20260328-091741
2026-03-28 11:16:05.582,6,PO,113461,1,0,615,7103.8,LT-20260328-091741
2026-03-28 11:16:06.104,6,PO,113462,1,0,519,7104.3,LT-20260328-091741
2026-03-28 11:16:06.660,6,PO,113463,1,0,552,7104.9,LT-20260328-091741
2026-03-28 11:16:07.221,6,PO,113464,1,0,558,7105.5,LT-20260328-091741
2026-03-28 11:16:07.730,6,PO,113465,1,0,505,7106,LT-20260328-091741
2026-03-28 11:16:08.256,6,PO,113466,1,0,522,7106.5,LT-20260328-091741
2026-03-28 11:16:08.770,6,PO,113467,1,0,511,7107,LT-20260328-091741
2026-03-28 11:16:09.274,6,PO,113468,1,0,500,7107.5,LT-20260328-091741
2026-03-28 11:16:09.783,6,PO,113469,1,0,506,7108,LT-20260328-091741
2026-03-28 11:16:10.300,6,PO,113470,1,0,514,7108.5,LT-20260328-091741
2026-03-28 11:16:10.824,6,PO,113471,1,0,521,7109.1,LT-20260328-091741
2026-03-28 11:16:11.302,6,PO,113472,1,0,476,7109.5,LT-20260328-091741
2026-03-28 11:16:11.800,6,PO,113473,1,0,497,7110,LT-20260328-091741
2026-03-28 11:16:12.313,6,PO,113474,1,0,510,7110.6,LT-20260328-091741
2026-03-28 11:16:12.832,6,PO,113475,1,0,515,7111.1,LT-20260328-091741
2026-03-28 11:16:13.340,6,PO,113476,1,0,505,7111.6,LT-20260328-091741
2026-03-28 11:16:13.891,6,PO,113477,1,0,547,7112.1,LT-20260328-091741
2026-03-28 11:16:14.397,6,PO,113478,1,0,502,7112.6,LT-20260328-091741
2026-03-28 11:16:14.884,6,PO,113479,1,0,485,7113.1,LT-20260328-091741
2026-03-28 11:16:15.399,6,PO,113480,1,0,512,7113.6,LT-20260328-091741
2026-03-28 11:16:15.893,6,PO,113481,1,0,491,7114.1,LT-20260328-091741
2026-03-28 11:16:16.400,6,PO,113482,1,0,505,7114.6,LT-20260328-091741
2026-03-28 11:16:16.926,6,PO,113483,1,0,522,7115.2,LT-20260328-091741
2026-03-28 11:16:17.490,6,PO,113484,1,0,561,7115.7,LT-20260328-091741
2026-03-28 11:16:18.029,6,PO,113485,1,0,535,7116.3,LT-20260328-091741
2026-03-28 11:16:18.546,6,PO,113486,1,0,512,7116.8,LT-20260328-091741
2026-03-28 11:16:19.047,6,PO,113487,1,0,498,7117.3,LT-20260328-091741
2026-03-28 11:16:19.591,6,PO,113488,1,0,540,7117.8,LT-20260328-091741
2026-03-28 11:16:20.110,6,PO,113489,1,0,516,7118.4,LT-20260328-091741
2026-03-28 11:16:20.802,6,PO,113490,1,0,690,7119,LT-20260328-091741
2026-03-28 11:16:21.490,6,PO,113491,1,0,684,7119.7,LT-20260328-091741
2026-03-28 11:16:22.163,6,PO,113492,1,0,670,7120.4,LT-20260328-091741
2026-03-28 11:16:22.839,6,PO,113493,1,0,673,7121.1,LT-20260328-091741
2026-03-28 11:16:23.533,6,PO,113494,1,0,691,7121.8,LT-20260328-091741
2026-03-28 11:16:24.216,6,PO,113495,1,0,681,7122.5,LT-20260328-091741
2026-03-28 11:16:24.948,6,PO,113496,1,0,729,7123.2,LT-20260328-091741
2026-03-28 11:16:25.660,6,PO,113497,1,0,710,7123.9,LT-20260328-091741
2026-03-28 11:16:26.540,6,PO,113498,1,0,877,7124.8,LT-20260328-091741
2026-03-28 11:16:27.441,6,PO,113499,1,0,898,7125.7,LT-20260328-091741
2026-03-28 11:16:28.132,6,PO,113500,1,0,687,7126.4,LT-20260328-091741
2026-03-28 11:16:28.817,6,PO,113501,1,0,683,7127.1,LT-20260328-091741
2026-03-28 11:16:29.523,6,PO,113502,1,0,702,7127.8,LT-20260328-091741
2026-03-28 11:16:30.411,6,PO,113503,1,0,885,7128.7,LT-20260328-091741
2026-03-28 11:16:30.926,6,PO,113504,1,0,511,7129.2,LT-20260328-091741
2026-03-28 11:16:31.421,6,PO,113505,1,0,491,7129.7,LT-20260328-091741
2026-03-28 11:16:31.906,6,PO,113506,1,0,481,7130.2,LT-20260328-091741
2026-03-28 11:16:32.413,6,PO,113507,1,0,503,7130.7,LT-20260328-091741
2026-03-28 11:16:32.925,6,PO,113508,1,0,509,7131.2,LT-20260328-091741
2026-03-28 11:16:33.435,6,PO,113509,1,0,506,7131.7,LT-20260328-091741
2026-03-28 11:16:33.945,6,PO,113510,1,0,507,7132.2,LT-20260328-091741
2026-03-28 11:16:34.433,6,PO,113511,1,0,485,7132.7,LT-20260328-091741
2026-03-28 11:16:34.953,6,PO,113512,1,0,517,7133.2,LT-20260328-091741
2026-03-28 11:16:35.700,6,PO,113513,1,0,743,7133.9,LT-20260328-091741
2026-03-28 11:16:36.237,6,PO,113514,1,0,534,7134.5,LT-20260328-091741
2026-03-28 11:16:36.774,6,PO,113515,1,0,533,7135,LT-20260328-091741
2026-03-28 11:16:37.270,6,PO,113516,1,0,493,7135.5,LT-20260328-091741
2026-03-28 11:16:37.803,6,PO,113517,1,0,529,7136,LT-20260328-091741
2026-03-28 11:16:38.295,6,PO,113518,1,0,489,7136.5,LT-20260328-091741
2026-03-28 11:16:38.812,6,PO,113519,1,0,514,7137.1,LT-20260328-091741
2026-03-28 11:16:39.315,6,PO,113520,1,0,500,7137.6,LT-20260328-091741
2026-03-28 11:16:39.818,6,PO,113521,1,0,500,7138.1,LT-20260328-091741
2026-03-28 11:16:40.316,6,PO,113522,1,0,494,7138.6,LT-20260328-091741
2026-03-28 11:16:40.815,6,PO,113523,1,0,496,7139.1,LT-20260328-091741
2026-03-28 11:16:41.327,6,PO,113524,1,0,509,7139.6,LT-20260328-091741
2026-03-28 11:16:41.811,6,PO,113525,1,0,481,7140.1,LT-20260328-091741
2026-03-28 11:16:42.319,6,PO,113526,1,0,504,7140.6,LT-20260328-091741
2026-03-28 11:16:42.810,6,PO,113527,1,0,489,7141.1,LT-20260328-091741
2026-03-28 11:16:43.304,6,PO,113528,1,0,491,7141.5,LT-20260328-091741
2026-03-28 11:16:43.808,6,PO,113529,1,0,502,7142.1,LT-20260328-091741
2026-03-28 11:16:44.325,6,PO,113530,1,0,514,7142.6,LT-20260328-091741
2026-03-28 11:16:44.857,6,PO,113531,1,0,529,7143.1,LT-20260328-091741
2026-03-28 11:16:45.358,6,PO,113532,1,0,498,7143.6,LT-20260328-091741
2026-03-28 11:16:45.862,6,PO,113533,1,0,500,7144.1,LT-20260328-091741
2026-03-28 11:16:46.340,6,PO,113534,1,0,475,7144.6,LT-20260328-091741
2026-03-28 11:16:46.844,6,PO,113535,1,0,502,7145.1,LT-20260328-091741
2026-03-28 11:16:47.343,6,PO,113536,1,0,493,7145.6,LT-20260328-091741
2026-03-28 11:16:47.870,6,PO,113537,1,0,524,7146.1,LT-20260328-091741
2026-03-28 11:16:48.458,6,PO,113538,1,0,585,7146.7,LT-20260328-091741
2026-03-28 11:16:48.976,6,PO,113539,1,0,513,7147.2,LT-20260328-091741
2026-03-28 11:16:49.503,6,PO,113540,1,0,524,7147.7,LT-20260328-091741
2026-03-28 11:16:49.993,6,PO,113541,1,0,486,7148.2,LT-20260328-091741
2026-03-28 11:16:50.522,6,PO,113542,1,0,526,7148.8,LT-20260328-091741
2026-03-28 11:16:51.037,6,PO,113543,1,0,512,7149.3,LT-20260328-091741
2026-03-28 11:16:51.567,6,PO,113544,1,0,528,7149.8,LT-20260328-091741
2026-03-28 11:16:52.092,6,PO,113545,1,0,521,7150.3,LT-20260328-091741
2026-03-28 11:16:52.606,6,PO,113546,1,0,510,7150.9,LT-20260328-091741
2026-03-28 11:16:53.098,6,PO,113547,1,0,488,7151.3,LT-20260328-091741
2026-03-28 11:16:53.627,6,PO,113548,1,0,525,7151.9,LT-20260328-091741
2026-03-28 11:16:54.141,6,PO,113549,1,0,511,7152.4,LT-20260328-091741
2026-03-28 11:16:54.644,6,PO,113550,1,0,500,7152.9,LT-20260328-091741
2026-03-28 11:16:55.121,6,PO,113551,1,0,475,7153.4,LT-20260328-091741
2026-03-28 11:16:55.617,6,PO,113552,1,0,494,7153.9,LT-20260328-091741
2026-03-28 11:16:56.169,6,PO,113553,1,0,549,7154.4,LT-20260328-091741
2026-03-28 11:16:56.671,6,PO,113554,1,0,497,7154.9,LT-20260328-091741
2026-03-28 11:16:57.178,6,PO,113555,1,0,501,7155.4,LT-20260328-091741
2026-03-28 11:16:57.693,6,PO,113556,1,0,512,7155.9,LT-20260328-091741
2026-03-28 11:16:58.231,6,PO,113557,1,0,535,7156.5,LT-20260328-091741
2026-03-28 11:16:58.746,6,PO,113558,1,0,511,7157,LT-20260328-091741
2026-03-28 11:16:59.245,6,PO,113559,1,0,495,7157.5,LT-20260328-091741
2026-03-28 11:16:59.760,6,PO,113560,1,0,510,7158,LT-20260328-091741
2026-03-28 11:17:00.370,6,PO,113561,1,0,607,7158.6,LT-20260328-091741
2026-03-28 11:17:01.085,6,PO,113562,1,0,711,7159.3,LT-20260328-091741
2026-03-28 11:17:01.823,6,PO,113563,1,0,735,7160.1,LT-20260328-091741
2026-03-28 11:17:02.520,6,PO,113564,1,0,694,7160.8,LT-20260328-091741
2026-03-28 11:17:03.219,6,PO,113565,1,0,697,7161.5,LT-20260328-091741
2026-03-28 11:17:03.912,6,PO,113566,1,0,690,7162.2,LT-20260328-091741
2026-03-28 11:17:04.604,6,PO,113567,1,0,689,7162.8,LT-20260328-091741
2026-03-28 11:17:05.347,6,PO,113568,1,0,741,7163.6,LT-20260328-091741
2026-03-28 11:17:06.135,6,PO,113569,1,0,785,7164.4,LT-20260328-091741
2026-03-28 11:17:06.842,6,PO,113570,1,0,704,7165.1,LT-20260328-091741
2026-03-28 11:17:07.536,6,PO,113571,1,0,691,7165.8,LT-20260328-091741
2026-03-28 11:17:08.236,6,PO,113572,1,0,695,7166.5,LT-20260328-091741
2026-03-28 11:17:08.978,6,PO,113573,1,0,738,7167.2,LT-20260328-091741
2026-03-28 11:17:09.694,6,PO,113574,1,0,713,7167.9,LT-20260328-091741
2026-03-28 11:17:10.449,6,PO,113575,1,0,753,7168.7,LT-20260328-091741
2026-03-28 11:17:11.120,6,PO,113576,1,0,669,7169.4,LT-20260328-091741
2026-03-28 11:17:11.826,6,PO,113577,1,0,703,7170.1,LT-20260328-091741
2026-03-28 11:17:12.522,6,PO,113578,1,0,692,7170.8,LT-20260328-091741
2026-03-28 11:17:13.228,6,PO,113579,1,0,703,7171.5,LT-20260328-091741
2026-03-28 11:17:13.913,6,PO,113580,1,0,682,7172.2,LT-20260328-091741
2026-03-28 11:17:14.622,6,PO,113581,1,0,705,7172.9,LT-20260328-091741
2026-03-28 11:17:15.415,6,PO,113582,1,0,790,7173.7,LT-20260328-091741
2026-03-28 11:17:16.103,6,PO,113583,1,0,683,7174.3,LT-20260328-091741
2026-03-28 11:17:16.790,6,PO,113584,1,0,684,7175,LT-20260328-091741
2026-03-28 11:17:17.482,6,PO,113585,1,0,689,7175.7,LT-20260328-091741
2026-03-28 11:17:18.156,6,PO,113586,1,0,671,7176.4,LT-20260328-091741
2026-03-28 11:17:18.837,6,PO,113587,1,0,679,7177.1,LT-20260328-091741
2026-03-28 11:17:19.515,6,PO,113588,1,0,675,7177.8,LT-20260328-091741
2026-03-28 11:17:20.204,6,PO,113589,1,0,687,7178.4,LT-20260328-091741
2026-03-28 11:17:20.784,6,PO,113590,1,0,577,7179,LT-20260328-091741
2026-03-28 11:17:21.276,6,PO,113591,1,0,489,7179.5,LT-20260328-091741
2026-03-28 11:17:21.791,6,PO,113592,1,0,510,7180,LT-20260328-091741
2026-03-28 11:17:22.344,6,PO,113593,1,0,550,7180.6,LT-20260328-091741
2026-03-28 11:17:22.876,6,PO,113594,1,0,528,7181.1,LT-20260328-091741
2026-03-28 11:17:23.391,6,PO,113595,1,0,512,7181.6,LT-20260328-091741
2026-03-28 11:17:23.905,6,PO,113596,1,0,511,7182.1,LT-20260328-091741
2026-03-28 11:17:24.414,6,PO,113597,1,0,504,7182.7,LT-20260328-091741
2026-03-28 11:17:24.940,6,PO,113598,1,0,523,7183.2,LT-20260328-091741
2026-03-28 11:17:25.453,6,PO,113599,1,0,509,7183.7,LT-20260328-091741
2026-03-28 11:17:25.961,6,PO,113600,1,0,504,7184.2,LT-20260328-091741
2026-03-28 11:17:26.480,6,PO,113601,1,0,516,7184.7,LT-20260328-091741
2026-03-28 11:17:27.004,6,PO,113602,1,0,521,7185.2,LT-20260328-091741
2026-03-28 11:17:27.524,6,PO,113603,1,0,517,7185.8,LT-20260328-091741
2026-03-28 11:17:28.031,6,PO,113604,1,0,504,7186.3,LT-20260328-091741
2026-03-28 11:17:28.543,6,PO,113605,1,0,507,7186.8,LT-20260328-091741
2026-03-28 11:17:29.073,6,PO,113606,1,0,526,7187.3,LT-20260328-091741
2026-03-28 11:17:29.593,6,PO,113607,1,0,517,7187.8,LT-20260328-091741
2026-03-28 11:17:30.123,6,PO,113608,1,0,525,7188.4,LT-20260328-091741
2026-03-28 11:17:30.662,6,PO,113609,1,0,535,7188.9,LT-20260328-091741
2026-03-28 11:17:31.165,6,PO,113610,1,0,501,7189.4,LT-20260328-091741
2026-03-28 11:17:31.669,6,PO,113611,1,0,503,7189.9,LT-20260328-091741
2026-03-28 11:17:32.155,6,PO,113612,1,0,483,7190.4,LT-20260328-091741
2026-03-28 11:17:32.690,6,PO,113613,1,0,530,7190.9,LT-20260328-091741
2026-03-28 11:17:33.202,6,PO,113614,1,0,507,7191.4,LT-20260328-091741
2026-03-28 11:17:33.743,6,PO,113615,1,0,536,7192,LT-20260328-091741
2026-03-28 11:17:34.260,6,PO,113616,1,0,514,7192.5,LT-20260328-091741
2026-03-28 11:17:34.778,6,PO,113617,1,0,515,7193,LT-20260328-091741
2026-03-28 11:17:35.332,6,PO,113618,1,0,550,7193.6,LT-20260328-091741
2026-03-28 11:17:35.820,6,PO,113619,1,0,484,7194.1,LT-20260328-091741
2026-03-28 11:17:36.351,6,PO,113620,1,0,526,7194.6,LT-20260328-091741
2026-03-28 11:17:36.866,6,PO,113621,1,0,510,7195.1,LT-20260328-091741
2026-03-28 11:17:37.385,6,PO,113622,1,0,515,7195.6,LT-20260328-091741
2026-03-28 11:17:37.900,6,PO,113623,1,0,512,7196.1,LT-20260328-091741
2026-03-28 11:17:38.400,6,PO,113624,1,0,497,7196.6,LT-20260328-091741
2026-03-28 11:17:38.915,6,PO,113625,1,0,511,7197.2,LT-20260328-091741
2026-03-28 11:17:39.432,6,PO,113626,1,0,514,7197.7,LT-20260328-091741
2026-03-28 11:17:39.957,6,PO,113627,1,0,522,7198.2,LT-20260328-091741
2026-03-28 11:17:40.468,6,PO,113628,1,0,508,7198.7,LT-20260328-091741
2026-03-28 11:17:41.010,6,PO,113629,1,0,536,7199.3,LT-20260328-091741
2026-03-28 11:17:41.542,6,PO,113630,1,0,529,7199.8,LT-20260328-091741
2026-03-28 11:17:42.032,6,PO,113631,1,0,487,7200.3,LT-20260328-091741
